No.,Title,Slug,Featured Image URL,Featured Image Filename,In-Article Image Filenames,Final Blog URL
1,Best Coding Institute in Jaipur: Complete Guide for Students in 2026,best-coding-institute-in-jaipur-complete-guide-for-students-in-2026,https://forskcodingschool.com/assets/images/blog/best-coding-institute-in-jaipur-complete-guide-for-students-in-2026.webp,best-coding-institute-in-jaipur-complete-guide-for-students-in-2026.webp,"best-coding-institute-in-jaipur-complete-guide-for-students-in-2026-roadmap.webp, best-coding-institute-in-jaipur-complete-guide-for-students-in-2026-learning-path.webp, best-coding-institute-in-jaipur-complete-guide-for-students-in-2026-practical-project.webp",https://forskcodingschool.com/blog/best-coding-institute-in-jaipur-complete-guide-for-students-in-2026/
2,Best Coding Classes in Jaipur for Beginners and Working Professionals,best-coding-classes-in-jaipur-for-beginners-and-working-professionals,https://forskcodingschool.com/assets/images/blog/best-coding-classes-in-jaipur-for-beginners-and-working-professionals.webp,best-coding-classes-in-jaipur-for-beginners-and-working-professionals.webp,"best-coding-classes-in-jaipur-for-beginners-and-working-professionals-roadmap.webp, best-coding-classes-in-jaipur-for-beginners-and-working-professionals-learning-path.webp, best-coding-classes-in-jaipur-for-beginners-and-working-professionals-practical-project.webp",https://forskcodingschool.com/blog/best-coding-classes-in-jaipur-for-beginners-and-working-professionals/
3,"Best Programming Institute in Jaipur: Courses, Fees and Career Scope",best-programming-institute-in-jaipur-courses-fees-and-career-scope,https://forskcodingschool.com/assets/images/blog/best-programming-institute-in-jaipur-courses-fees-and-career-scope.webp,best-programming-institute-in-jaipur-courses-fees-and-career-scope.webp,"best-programming-institute-in-jaipur-courses-fees-and-career-scope-roadmap.webp, best-programming-institute-in-jaipur-courses-fees-and-career-scope-learning-path.webp, best-programming-institute-in-jaipur-courses-fees-and-career-scope-practical-project.webp",https://forskcodingschool.com/blog/best-programming-institute-in-jaipur-courses-fees-and-career-scope/
4,Top Coding Courses in Jaipur to Start Your IT Career in 2026,top-coding-courses-in-jaipur-to-start-your-it-career-in-2026,https://forskcodingschool.com/assets/images/blog/top-coding-courses-in-jaipur-to-start-your-it-career-in-2026.webp,top-coding-courses-in-jaipur-to-start-your-it-career-in-2026.webp,"top-coding-courses-in-jaipur-to-start-your-it-career-in-2026-roadmap.webp, top-coding-courses-in-jaipur-to-start-your-it-career-in-2026-learning-path.webp, top-coding-courses-in-jaipur-to-start-your-it-career-in-2026-practical-project.webp",https://forskcodingschool.com/blog/top-coding-courses-in-jaipur-to-start-your-it-career-in-2026/
5,How to Choose the Best Coding Institute in Jaipur?,how-to-choose-the-best-coding-institute-in-jaipur,https://forskcodingschool.com/assets/images/blog/how-to-choose-the-best-coding-institute-in-jaipur.webp,how-to-choose-the-best-coding-institute-in-jaipur.webp,"how-to-choose-the-best-coding-institute-in-jaipur-roadmap.webp, how-to-choose-the-best-coding-institute-in-jaipur-learning-path.webp, how-to-choose-the-best-coding-institute-in-jaipur-practical-project.webp",https://forskcodingschool.com/blog/how-to-choose-the-best-coding-institute-in-jaipur/
6,Best Software Development Courses in Jaipur for Beginners,best-software-development-courses-in-jaipur-for-beginners,https://forskcodingschool.com/assets/images/blog/best-software-development-courses-in-jaipur-for-beginners.webp,best-software-development-courses-in-jaipur-for-beginners.webp,"best-software-development-courses-in-jaipur-for-beginners-roadmap.webp, best-software-development-courses-in-jaipur-for-beginners-learning-path.webp, best-software-development-courses-in-jaipur-for-beginners-practical-project.webp",https://forskcodingschool.com/blog/best-software-development-courses-in-jaipur-for-beginners/
7,Best IT Training Institute in Jaipur for Job-Oriented Courses,best-it-training-institute-in-jaipur-for-job-oriented-courses,https://forskcodingschool.com/assets/images/blog/best-it-training-institute-in-jaipur-for-job-oriented-courses.webp,best-it-training-institute-in-jaipur-for-job-oriented-courses.webp,"best-it-training-institute-in-jaipur-for-job-oriented-courses-roadmap.webp, best-it-training-institute-in-jaipur-for-job-oriented-courses-learning-path.webp, best-it-training-institute-in-jaipur-for-job-oriented-courses-practical-project.webp",https://forskcodingschool.com/blog/best-it-training-institute-in-jaipur-for-job-oriented-courses/
8,Coding Courses in Jaipur: Complete Guide to Learning Programming,coding-courses-in-jaipur-complete-guide-to-learning-programming,https://forskcodingschool.com/assets/images/blog/coding-courses-in-jaipur-complete-guide-to-learning-programming.webp,coding-courses-in-jaipur-complete-guide-to-learning-programming.webp,"coding-courses-in-jaipur-complete-guide-to-learning-programming-roadmap.webp, coding-courses-in-jaipur-complete-guide-to-learning-programming-learning-path.webp, coding-courses-in-jaipur-complete-guide-to-learning-programming-practical-project.webp",https://forskcodingschool.com/blog/coding-courses-in-jaipur-complete-guide-to-learning-programming/
9,Best Computer Programming Institute in Jaipur for Students,best-computer-programming-institute-in-jaipur-for-students,https://forskcodingschool.com/assets/images/blog/best-computer-programming-institute-in-jaipur-for-students.webp,best-computer-programming-institute-in-jaipur-for-students.webp,"best-computer-programming-institute-in-jaipur-for-students-roadmap.webp, best-computer-programming-institute-in-jaipur-for-students-learning-path.webp, best-computer-programming-institute-in-jaipur-for-students-practical-project.webp",https://forskcodingschool.com/blog/best-computer-programming-institute-in-jaipur-for-students/
10,Programming Courses in Jaipur: Which Course Should You Choose?,programming-courses-in-jaipur-which-course-should-you-choose,https://forskcodingschool.com/assets/images/blog/programming-courses-in-jaipur-which-course-should-you-choose.webp,programming-courses-in-jaipur-which-course-should-you-choose.webp,"programming-courses-in-jaipur-which-course-should-you-choose-roadmap.webp, programming-courses-in-jaipur-which-course-should-you-choose-learning-path.webp, programming-courses-in-jaipur-which-course-should-you-choose-practical-project.webp",https://forskcodingschool.com/blog/programming-courses-in-jaipur-which-course-should-you-choose/
11,Best Web Development Course in Jaipur for Beginners,best-web-development-course-in-jaipur-for-beginners,https://forskcodingschool.com/assets/images/blog/best-web-development-course-in-jaipur-for-beginners.webp,best-web-development-course-in-jaipur-for-beginners.webp,"best-web-development-course-in-jaipur-for-beginners-roadmap.webp, best-web-development-course-in-jaipur-for-beginners-learning-path.webp, best-web-development-course-in-jaipur-for-beginners-practical-project.webp",https://forskcodingschool.com/blog/best-web-development-course-in-jaipur-for-beginners/
12,Full Stack Development Course in Jaipur: Complete Career Guide,full-stack-development-course-in-jaipur-complete-career-guide,https://forskcodingschool.com/assets/images/blog/full-stack-development-course-in-jaipur-complete-career-guide.webp,full-stack-development-course-in-jaipur-complete-career-guide.webp,"full-stack-development-course-in-jaipur-complete-career-guide-roadmap.webp, full-stack-development-course-in-jaipur-complete-career-guide-learning-path.webp, full-stack-development-course-in-jaipur-complete-career-guide-practical-project.webp",https://forskcodingschool.com/blog/full-stack-development-course-in-jaipur-complete-career-guide/
13,Best Full Stack Developer Course in Jaipur in 2026,best-full-stack-developer-course-in-jaipur-in-2026,https://forskcodingschool.com/assets/images/blog/best-full-stack-developer-course-in-jaipur-in-2026.webp,best-full-stack-developer-course-in-jaipur-in-2026.webp,"best-full-stack-developer-course-in-jaipur-in-2026-roadmap.webp, best-full-stack-developer-course-in-jaipur-in-2026-learning-path.webp, best-full-stack-developer-course-in-jaipur-in-2026-practical-project.webp",https://forskcodingschool.com/blog/best-full-stack-developer-course-in-jaipur-in-2026/
14,Full Stack Web Development Training in Jaipur: What You Should Know,full-stack-web-development-training-in-jaipur-what-you-should-know,https://forskcodingschool.com/assets/images/blog/full-stack-web-development-training-in-jaipur-what-you-should-know.webp,full-stack-web-development-training-in-jaipur-what-you-should-know.webp,"full-stack-web-development-training-in-jaipur-what-you-should-know-roadmap.webp, full-stack-web-development-training-in-jaipur-what-you-should-know-learning-path.webp, full-stack-web-development-training-in-jaipur-what-you-should-know-practical-project.webp",https://forskcodingschool.com/blog/full-stack-web-development-training-in-jaipur-what-you-should-know/
15,How to Become a Full Stack Developer in Jaipur?,how-to-become-a-full-stack-developer-in-jaipur,https://forskcodingschool.com/assets/images/blog/how-to-become-a-full-stack-developer-in-jaipur.webp,how-to-become-a-full-stack-developer-in-jaipur.webp,"how-to-become-a-full-stack-developer-in-jaipur-roadmap.webp, how-to-become-a-full-stack-developer-in-jaipur-learning-path.webp, how-to-become-a-full-stack-developer-in-jaipur-practical-project.webp",https://forskcodingschool.com/blog/how-to-become-a-full-stack-developer-in-jaipur/
16,Best Java Course in Jaipur for Beginners and Job Seekers,best-java-course-in-jaipur-for-beginners-and-job-seekers,https://forskcodingschool.com/assets/images/blog/best-java-course-in-jaipur-for-beginners-and-job-seekers.webp,best-java-course-in-jaipur-for-beginners-and-job-seekers.webp,"best-java-course-in-jaipur-for-beginners-and-job-seekers-roadmap.webp, best-java-course-in-jaipur-for-beginners-and-job-seekers-learning-path.webp, best-java-course-in-jaipur-for-beginners-and-job-seekers-practical-project.webp",https://forskcodingschool.com/blog/best-java-course-in-jaipur-for-beginners-and-job-seekers/
17,Java Training in Jaipur: Complete Guide for Aspiring Developers,java-training-in-jaipur-complete-guide-for-aspiring-developers,https://forskcodingschool.com/assets/images/blog/java-training-in-jaipur-complete-guide-for-aspiring-developers.webp,java-training-in-jaipur-complete-guide-for-aspiring-developers.webp,"java-training-in-jaipur-complete-guide-for-aspiring-developers-roadmap.webp, java-training-in-jaipur-complete-guide-for-aspiring-developers-learning-path.webp, java-training-in-jaipur-complete-guide-for-aspiring-developers-practical-project.webp",https://forskcodingschool.com/blog/java-training-in-jaipur-complete-guide-for-aspiring-developers/
18,Best Core Java Course in Jaipur for Beginners,best-core-java-course-in-jaipur-for-beginners,https://forskcodingschool.com/assets/images/blog/best-core-java-course-in-jaipur-for-beginners.webp,best-core-java-course-in-jaipur-for-beginners.webp,"best-core-java-course-in-jaipur-for-beginners-roadmap.webp, best-core-java-course-in-jaipur-for-beginners-learning-path.webp, best-core-java-course-in-jaipur-for-beginners-practical-project.webp",https://forskcodingschool.com/blog/best-core-java-course-in-jaipur-for-beginners/
19,Java Full Stack Developer Course in Jaipur: Career Roadmap,java-full-stack-developer-course-in-jaipur-career-roadmap,https://forskcodingschool.com/assets/images/blog/java-full-stack-developer-course-in-jaipur-career-roadmap.webp,java-full-stack-developer-course-in-jaipur-career-roadmap.webp,"java-full-stack-developer-course-in-jaipur-career-roadmap-roadmap.webp, java-full-stack-developer-course-in-jaipur-career-roadmap-learning-path.webp, java-full-stack-developer-course-in-jaipur-career-roadmap-practical-project.webp",https://forskcodingschool.com/blog/java-full-stack-developer-course-in-jaipur-career-roadmap/
20,Best Python Course in Jaipur for Beginners in 2026,best-python-course-in-jaipur-for-beginners-in-2026,https://forskcodingschool.com/assets/images/blog/best-python-course-in-jaipur-for-beginners-in-2026.webp,best-python-course-in-jaipur-for-beginners-in-2026.webp,"best-python-course-in-jaipur-for-beginners-in-2026-roadmap.webp, best-python-course-in-jaipur-for-beginners-in-2026-learning-path.webp, best-python-course-in-jaipur-for-beginners-in-2026-practical-project.webp",https://forskcodingschool.com/blog/best-python-course-in-jaipur-for-beginners-in-2026/
21,Python Training in Jaipur: Complete Guide to Learning Python,python-training-in-jaipur-complete-guide-to-learning-python,https://forskcodingschool.com/assets/images/blog/python-training-in-jaipur-complete-guide-to-learning-python.webp,python-training-in-jaipur-complete-guide-to-learning-python.webp,"python-training-in-jaipur-complete-guide-to-learning-python-roadmap.webp, python-training-in-jaipur-complete-guide-to-learning-python-learning-path.webp, python-training-in-jaipur-complete-guide-to-learning-python-practical-project.webp",https://forskcodingschool.com/blog/python-training-in-jaipur-complete-guide-to-learning-python/
22,Best Python Programming Institute in Jaipur,best-python-programming-institute-in-jaipur,https://forskcodingschool.com/assets/images/blog/best-python-programming-institute-in-jaipur.webp,best-python-programming-institute-in-jaipur.webp,"best-python-programming-institute-in-jaipur-roadmap.webp, best-python-programming-institute-in-jaipur-learning-path.webp, best-python-programming-institute-in-jaipur-practical-project.webp",https://forskcodingschool.com/blog/best-python-programming-institute-in-jaipur/
23,How to Become a Python Developer in Jaipur?,how-to-become-a-python-developer-in-jaipur,https://forskcodingschool.com/assets/images/blog/how-to-become-a-python-developer-in-jaipur.webp,how-to-become-a-python-developer-in-jaipur.webp,"how-to-become-a-python-developer-in-jaipur-roadmap.webp, how-to-become-a-python-developer-in-jaipur-learning-path.webp, how-to-become-a-python-developer-in-jaipur-practical-project.webp",https://forskcodingschool.com/blog/how-to-become-a-python-developer-in-jaipur/
24,Best C++ Course in Jaipur for Programming Beginners,best-cpp-course-in-jaipur-for-programming-beginners,https://forskcodingschool.com/assets/images/blog/best-cpp-course-in-jaipur-for-programming-beginners.webp,best-cpp-course-in-jaipur-for-programming-beginners.webp,"best-cpp-course-in-jaipur-for-programming-beginners-roadmap.webp, best-cpp-course-in-jaipur-for-programming-beginners-learning-path.webp, best-cpp-course-in-jaipur-for-programming-beginners-practical-project.webp",https://forskcodingschool.com/blog/best-cpp-course-in-jaipur-for-programming-beginners/
25,C++ Programming Training in Jaipur: Complete Learning Guide,cpp-programming-training-in-jaipur-complete-learning-guide,https://forskcodingschool.com/assets/images/blog/cpp-programming-training-in-jaipur-complete-learning-guide.webp,cpp-programming-training-in-jaipur-complete-learning-guide.webp,"cpp-programming-training-in-jaipur-complete-learning-guide-roadmap.webp, cpp-programming-training-in-jaipur-complete-learning-guide-learning-path.webp, cpp-programming-training-in-jaipur-complete-learning-guide-practical-project.webp",https://forskcodingschool.com/blog/cpp-programming-training-in-jaipur-complete-learning-guide/
26,Best C Programming Course in Jaipur for Beginners,best-c-programming-course-in-jaipur-for-beginners,https://forskcodingschool.com/assets/images/blog/best-c-programming-course-in-jaipur-for-beginners.webp,best-c-programming-course-in-jaipur-for-beginners.webp,"best-c-programming-course-in-jaipur-for-beginners-roadmap.webp, best-c-programming-course-in-jaipur-for-beginners-learning-path.webp, best-c-programming-course-in-jaipur-for-beginners-practical-project.webp",https://forskcodingschool.com/blog/best-c-programming-course-in-jaipur-for-beginners/
27,C Programming Training in Jaipur: Why Should You Learn C?,c-programming-training-in-jaipur-why-should-you-learn-c,https://forskcodingschool.com/assets/images/blog/c-programming-training-in-jaipur-why-should-you-learn-c.webp,c-programming-training-in-jaipur-why-should-you-learn-c.webp,"c-programming-training-in-jaipur-why-should-you-learn-c-roadmap.webp, c-programming-training-in-jaipur-why-should-you-learn-c-learning-path.webp, c-programming-training-in-jaipur-why-should-you-learn-c-practical-project.webp",https://forskcodingschool.com/blog/c-programming-training-in-jaipur-why-should-you-learn-c/
28,Best Data Structures and Algorithms Course in Jaipur,best-data-structures-and-algorithms-course-in-jaipur,https://forskcodingschool.com/assets/images/blog/best-data-structures-and-algorithms-course-in-jaipur.webp,best-data-structures-and-algorithms-course-in-jaipur.webp,"best-data-structures-and-algorithms-course-in-jaipur-roadmap.webp, best-data-structures-and-algorithms-course-in-jaipur-learning-path.webp, best-data-structures-and-algorithms-course-in-jaipur-practical-project.webp",https://forskcodingschool.com/blog/best-data-structures-and-algorithms-course-in-jaipur/
29,DSA Course in Jaipur: Complete Roadmap for Coding Interviews,dsa-course-in-jaipur-complete-roadmap-for-coding-interviews,https://forskcodingschool.com/assets/images/blog/dsa-course-in-jaipur-complete-roadmap-for-coding-interviews.webp,dsa-course-in-jaipur-complete-roadmap-for-coding-interviews.webp,"dsa-course-in-jaipur-complete-roadmap-for-coding-interviews-roadmap.webp, dsa-course-in-jaipur-complete-roadmap-for-coding-interviews-learning-path.webp, dsa-course-in-jaipur-complete-roadmap-for-coding-interviews-practical-project.webp",https://forskcodingschool.com/blog/dsa-course-in-jaipur-complete-roadmap-for-coding-interviews/
30,Best DSA Training in Jaipur for Software Developer Jobs,best-dsa-training-in-jaipur-for-software-developer-jobs,https://forskcodingschool.com/assets/images/blog/best-dsa-training-in-jaipur-for-software-developer-jobs.webp,best-dsa-training-in-jaipur-for-software-developer-jobs.webp,"best-dsa-training-in-jaipur-for-software-developer-jobs-roadmap.webp, best-dsa-training-in-jaipur-for-software-developer-jobs-learning-path.webp, best-dsa-training-in-jaipur-for-software-developer-jobs-practical-project.webp",https://forskcodingschool.com/blog/best-dsa-training-in-jaipur-for-software-developer-jobs/
31,Data Structures and Algorithms with Java: Complete Career Guide,data-structures-and-algorithms-with-java-complete-career-guide,https://forskcodingschool.com/assets/images/blog/data-structures-and-algorithms-with-java-complete-career-guide.webp,data-structures-and-algorithms-with-java-complete-career-guide.webp,"data-structures-and-algorithms-with-java-complete-career-guide-roadmap.webp, data-structures-and-algorithms-with-java-complete-career-guide-learning-path.webp, data-structures-and-algorithms-with-java-complete-career-guide-practical-project.webp",https://forskcodingschool.com/blog/data-structures-and-algorithms-with-java-complete-career-guide/
32,Data Structures and Algorithms with C++: Complete Beginner Guide,data-structures-and-algorithms-with-cpp-complete-beginner-guide,https://forskcodingschool.com/assets/images/blog/data-structures-and-algorithms-with-cpp-complete-beginner-guide.webp,data-structures-and-algorithms-with-cpp-complete-beginner-guide.webp,"data-structures-and-algorithms-with-cpp-complete-beginner-guide-roadmap.webp, data-structures-and-algorithms-with-cpp-complete-beginner-guide-learning-path.webp, data-structures-and-algorithms-with-cpp-complete-beginner-guide-practical-project.webp",https://forskcodingschool.com/blog/data-structures-and-algorithms-with-cpp-complete-beginner-guide/
33,Data Structures and Algorithms with Python: Complete Guide,data-structures-and-algorithms-with-python-complete-guide,https://forskcodingschool.com/assets/images/blog/data-structures-and-algorithms-with-python-complete-guide.webp,data-structures-and-algorithms-with-python-complete-guide.webp,"data-structures-and-algorithms-with-python-complete-guide-roadmap.webp, data-structures-and-algorithms-with-python-complete-guide-learning-path.webp, data-structures-and-algorithms-with-python-complete-guide-practical-project.webp",https://forskcodingschool.com/blog/data-structures-and-algorithms-with-python-complete-guide/
34,Data Structures and Algorithms with JavaScript: Career Guide,data-structures-and-algorithms-with-javascript-career-guide,https://forskcodingschool.com/assets/images/blog/data-structures-and-algorithms-with-javascript-career-guide.webp,data-structures-and-algorithms-with-javascript-career-guide.webp,"data-structures-and-algorithms-with-javascript-career-guide-roadmap.webp, data-structures-and-algorithms-with-javascript-career-guide-learning-path.webp, data-structures-and-algorithms-with-javascript-career-guide-practical-project.webp",https://forskcodingschool.com/blog/data-structures-and-algorithms-with-javascript-career-guide/
35,Best JavaScript Course in Jaipur for Beginners,best-javascript-course-in-jaipur-for-beginners,https://forskcodingschool.com/assets/images/blog/best-javascript-course-in-jaipur-for-beginners.webp,best-javascript-course-in-jaipur-for-beginners.webp,"best-javascript-course-in-jaipur-for-beginners-roadmap.webp, best-javascript-course-in-jaipur-for-beginners-learning-path.webp, best-javascript-course-in-jaipur-for-beginners-practical-project.webp",https://forskcodingschool.com/blog/best-javascript-course-in-jaipur-for-beginners/
36,JavaScript Training in Jaipur: Complete Guide for Web Developers,javascript-training-in-jaipur-complete-guide-for-web-developers,https://forskcodingschool.com/assets/images/blog/javascript-training-in-jaipur-complete-guide-for-web-developers.webp,javascript-training-in-jaipur-complete-guide-for-web-developers.webp,"javascript-training-in-jaipur-complete-guide-for-web-developers-roadmap.webp, javascript-training-in-jaipur-complete-guide-for-web-developers-learning-path.webp, javascript-training-in-jaipur-complete-guide-for-web-developers-practical-project.webp",https://forskcodingschool.com/blog/javascript-training-in-jaipur-complete-guide-for-web-developers/
37,Best React JS Course in Jaipur for Frontend Developers,best-react-js-course-in-jaipur-for-frontend-developers,https://forskcodingschool.com/assets/images/blog/best-react-js-course-in-jaipur-for-frontend-developers.webp,best-react-js-course-in-jaipur-for-frontend-developers.webp,"best-react-js-course-in-jaipur-for-frontend-developers-roadmap.webp, best-react-js-course-in-jaipur-for-frontend-developers-learning-path.webp, best-react-js-course-in-jaipur-for-frontend-developers-practical-project.webp",https://forskcodingschool.com/blog/best-react-js-course-in-jaipur-for-frontend-developers/
38,React JS Training in Jaipur: Complete Career Roadmap,react-js-training-in-jaipur-complete-career-roadmap,https://forskcodingschool.com/assets/images/blog/react-js-training-in-jaipur-complete-career-roadmap.webp,react-js-training-in-jaipur-complete-career-roadmap.webp,"react-js-training-in-jaipur-complete-career-roadmap-roadmap.webp, react-js-training-in-jaipur-complete-career-roadmap-learning-path.webp, react-js-training-in-jaipur-complete-career-roadmap-practical-project.webp",https://forskcodingschool.com/blog/react-js-training-in-jaipur-complete-career-roadmap/
39,Best Node.js Course in Jaipur for Backend Developers,best-nodejs-course-in-jaipur-for-backend-developers,https://forskcodingschool.com/assets/images/blog/best-nodejs-course-in-jaipur-for-backend-developers.webp,best-nodejs-course-in-jaipur-for-backend-developers.webp,"best-nodejs-course-in-jaipur-for-backend-developers-roadmap.webp, best-nodejs-course-in-jaipur-for-backend-developers-learning-path.webp, best-nodejs-course-in-jaipur-for-backend-developers-practical-project.webp",https://forskcodingschool.com/blog/best-nodejs-course-in-jaipur-for-backend-developers/
40,Node.js Training in Jaipur: Everything Beginners Need to Know,nodejs-training-in-jaipur-everything-beginners-need-to-know,https://forskcodingschool.com/assets/images/blog/nodejs-training-in-jaipur-everything-beginners-need-to-know.webp,nodejs-training-in-jaipur-everything-beginners-need-to-know.webp,"nodejs-training-in-jaipur-everything-beginners-need-to-know-roadmap.webp, nodejs-training-in-jaipur-everything-beginners-need-to-know-learning-path.webp, nodejs-training-in-jaipur-everything-beginners-need-to-know-practical-project.webp",https://forskcodingschool.com/blog/nodejs-training-in-jaipur-everything-beginners-need-to-know/
41,Best MERN Stack Course in Jaipur for Aspiring Developers,best-mern-stack-course-in-jaipur-for-aspiring-developers,https://forskcodingschool.com/assets/images/blog/best-mern-stack-course-in-jaipur-for-aspiring-developers.webp,best-mern-stack-course-in-jaipur-for-aspiring-developers.webp,"best-mern-stack-course-in-jaipur-for-aspiring-developers-roadmap.webp, best-mern-stack-course-in-jaipur-for-aspiring-developers-learning-path.webp, best-mern-stack-course-in-jaipur-for-aspiring-developers-practical-project.webp",https://forskcodingschool.com/blog/best-mern-stack-course-in-jaipur-for-aspiring-developers/
42,MERN Stack Development Training in Jaipur: Complete Guide,mern-stack-development-training-in-jaipur-complete-guide,https://forskcodingschool.com/assets/images/blog/mern-stack-development-training-in-jaipur-complete-guide.webp,mern-stack-development-training-in-jaipur-complete-guide.webp,"mern-stack-development-training-in-jaipur-complete-guide-roadmap.webp, mern-stack-development-training-in-jaipur-complete-guide-learning-path.webp, mern-stack-development-training-in-jaipur-complete-guide-practical-project.webp",https://forskcodingschool.com/blog/mern-stack-development-training-in-jaipur-complete-guide/
43,Best MEAN Stack Course in Jaipur for Full Stack Developers,best-mean-stack-course-in-jaipur-for-full-stack-developers,https://forskcodingschool.com/assets/images/blog/best-mean-stack-course-in-jaipur-for-full-stack-developers.webp,best-mean-stack-course-in-jaipur-for-full-stack-developers.webp,"best-mean-stack-course-in-jaipur-for-full-stack-developers-roadmap.webp, best-mean-stack-course-in-jaipur-for-full-stack-developers-learning-path.webp, best-mean-stack-course-in-jaipur-for-full-stack-developers-practical-project.webp",https://forskcodingschool.com/blog/best-mean-stack-course-in-jaipur-for-full-stack-developers/
44,Best Angular Course in Jaipur for Frontend Developers,best-angular-course-in-jaipur-for-frontend-developers,https://forskcodingschool.com/assets/images/blog/best-angular-course-in-jaipur-for-frontend-developers.webp,best-angular-course-in-jaipur-for-frontend-developers.webp,"best-angular-course-in-jaipur-for-frontend-developers-roadmap.webp, best-angular-course-in-jaipur-for-frontend-developers-learning-path.webp, best-angular-course-in-jaipur-for-frontend-developers-practical-project.webp",https://forskcodingschool.com/blog/best-angular-course-in-jaipur-for-frontend-developers/
45,Angular Training in Jaipur: Complete Guide for Beginners,angular-training-in-jaipur-complete-guide-for-beginners,https://forskcodingschool.com/assets/images/blog/angular-training-in-jaipur-complete-guide-for-beginners.webp,angular-training-in-jaipur-complete-guide-for-beginners.webp,"angular-training-in-jaipur-complete-guide-for-beginners-roadmap.webp, angular-training-in-jaipur-complete-guide-for-beginners-learning-path.webp, angular-training-in-jaipur-complete-guide-for-beginners-practical-project.webp",https://forskcodingschool.com/blog/angular-training-in-jaipur-complete-guide-for-beginners/
46,Best HTML CSS Course in Jaipur for Beginners,best-html-css-course-in-jaipur-for-beginners,https://forskcodingschool.com/assets/images/blog/best-html-css-course-in-jaipur-for-beginners.webp,best-html-css-course-in-jaipur-for-beginners.webp,"best-html-css-course-in-jaipur-for-beginners-roadmap.webp, best-html-css-course-in-jaipur-for-beginners-learning-path.webp, best-html-css-course-in-jaipur-for-beginners-practical-project.webp",https://forskcodingschool.com/blog/best-html-css-course-in-jaipur-for-beginners/
47,HTML and CSS Training in Jaipur: Complete Web Development Guide,html-and-css-training-in-jaipur-complete-web-development-guide,https://forskcodingschool.com/assets/images/blog/html-and-css-training-in-jaipur-complete-web-development-guide.webp,html-and-css-training-in-jaipur-complete-web-development-guide.webp,"html-and-css-training-in-jaipur-complete-web-development-guide-roadmap.webp, html-and-css-training-in-jaipur-complete-web-development-guide-learning-path.webp, html-and-css-training-in-jaipur-complete-web-development-guide-practical-project.webp",https://forskcodingschool.com/blog/html-and-css-training-in-jaipur-complete-web-development-guide/
48,Best PHP Course in Jaipur for Beginners and Developers,best-php-course-in-jaipur-for-beginners-and-developers,https://forskcodingschool.com/assets/images/blog/best-php-course-in-jaipur-for-beginners-and-developers.webp,best-php-course-in-jaipur-for-beginners-and-developers.webp,"best-php-course-in-jaipur-for-beginners-and-developers-roadmap.webp, best-php-course-in-jaipur-for-beginners-and-developers-learning-path.webp, best-php-course-in-jaipur-for-beginners-and-developers-practical-project.webp",https://forskcodingschool.com/blog/best-php-course-in-jaipur-for-beginners-and-developers/
49,PHP Training in Jaipur: Complete Career and Learning Guide,php-training-in-jaipur-complete-career-and-learning-guide,https://forskcodingschool.com/assets/images/blog/php-training-in-jaipur-complete-career-and-learning-guide.webp,php-training-in-jaipur-complete-career-and-learning-guide.webp,"php-training-in-jaipur-complete-career-and-learning-guide-roadmap.webp, php-training-in-jaipur-complete-career-and-learning-guide-learning-path.webp, php-training-in-jaipur-complete-career-and-learning-guide-practical-project.webp",https://forskcodingschool.com/blog/php-training-in-jaipur-complete-career-and-learning-guide/
50,Best WordPress Development Course in Jaipur,best-wordpress-development-course-in-jaipur,https://forskcodingschool.com/assets/images/blog/best-wordpress-development-course-in-jaipur.webp,best-wordpress-development-course-in-jaipur.webp,"best-wordpress-development-course-in-jaipur-roadmap.webp, best-wordpress-development-course-in-jaipur-learning-path.webp, best-wordpress-development-course-in-jaipur-practical-project.webp",https://forskcodingschool.com/blog/best-wordpress-development-course-in-jaipur/
51,WordPress Training in Jaipur: How to Become a WordPress Developer,wordpress-training-in-jaipur-how-to-become-a-wordpress-developer,https://forskcodingschool.com/assets/images/blog/wordpress-training-in-jaipur-how-to-become-a-wordpress-developer.webp,wordpress-training-in-jaipur-how-to-become-a-wordpress-developer.webp,"wordpress-training-in-jaipur-how-to-become-a-wordpress-developer-roadmap.webp, wordpress-training-in-jaipur-how-to-become-a-wordpress-developer-learning-path.webp, wordpress-training-in-jaipur-how-to-become-a-wordpress-developer-practical-project.webp",https://forskcodingschool.com/blog/wordpress-training-in-jaipur-how-to-become-a-wordpress-developer/
52,Best Laravel Course in Jaipur for PHP Developers,best-laravel-course-in-jaipur-for-php-developers,https://forskcodingschool.com/assets/images/blog/best-laravel-course-in-jaipur-for-php-developers.webp,best-laravel-course-in-jaipur-for-php-developers.webp,"best-laravel-course-in-jaipur-for-php-developers-roadmap.webp, best-laravel-course-in-jaipur-for-php-developers-learning-path.webp, best-laravel-course-in-jaipur-for-php-developers-practical-project.webp",https://forskcodingschool.com/blog/best-laravel-course-in-jaipur-for-php-developers/
53,Laravel Training in Jaipur: Complete Guide for Beginners,laravel-training-in-jaipur-complete-guide-for-beginners,https://forskcodingschool.com/assets/images/blog/laravel-training-in-jaipur-complete-guide-for-beginners.webp,laravel-training-in-jaipur-complete-guide-for-beginners.webp,"laravel-training-in-jaipur-complete-guide-for-beginners-roadmap.webp, laravel-training-in-jaipur-complete-guide-for-beginners-learning-path.webp, laravel-training-in-jaipur-complete-guide-for-beginners-practical-project.webp",https://forskcodingschool.com/blog/laravel-training-in-jaipur-complete-guide-for-beginners/
54,Best MySQL Course in Jaipur for Aspiring Developers,best-mysql-course-in-jaipur-for-aspiring-developers,https://forskcodingschool.com/assets/images/blog/best-mysql-course-in-jaipur-for-aspiring-developers.webp,best-mysql-course-in-jaipur-for-aspiring-developers.webp,"best-mysql-course-in-jaipur-for-aspiring-developers-roadmap.webp, best-mysql-course-in-jaipur-for-aspiring-developers-learning-path.webp, best-mysql-course-in-jaipur-for-aspiring-developers-practical-project.webp",https://forskcodingschool.com/blog/best-mysql-course-in-jaipur-for-aspiring-developers/
55,MySQL Training in Jaipur: Complete Database Learning Guide,mysql-training-in-jaipur-complete-database-learning-guide,https://forskcodingschool.com/assets/images/blog/mysql-training-in-jaipur-complete-database-learning-guide.webp,mysql-training-in-jaipur-complete-database-learning-guide.webp,"mysql-training-in-jaipur-complete-database-learning-guide-roadmap.webp, mysql-training-in-jaipur-complete-database-learning-guide-learning-path.webp, mysql-training-in-jaipur-complete-database-learning-guide-practical-project.webp",https://forskcodingschool.com/blog/mysql-training-in-jaipur-complete-database-learning-guide/
56,Best SQL Course in Jaipur for Students and Professionals,best-sql-course-in-jaipur-for-students-and-professionals,https://forskcodingschool.com/assets/images/blog/best-sql-course-in-jaipur-for-students-and-professionals.webp,best-sql-course-in-jaipur-for-students-and-professionals.webp,"best-sql-course-in-jaipur-for-students-and-professionals-roadmap.webp, best-sql-course-in-jaipur-for-students-and-professionals-learning-path.webp, best-sql-course-in-jaipur-for-students-and-professionals-practical-project.webp",https://forskcodingschool.com/blog/best-sql-course-in-jaipur-for-students-and-professionals/
57,SQL Training in Jaipur: Complete Guide to Learning SQL,sql-training-in-jaipur-complete-guide-to-learning-sql,https://forskcodingschool.com/assets/images/blog/sql-training-in-jaipur-complete-guide-to-learning-sql.webp,sql-training-in-jaipur-complete-guide-to-learning-sql.webp,"sql-training-in-jaipur-complete-guide-to-learning-sql-roadmap.webp, sql-training-in-jaipur-complete-guide-to-learning-sql-learning-path.webp, sql-training-in-jaipur-complete-guide-to-learning-sql-practical-project.webp",https://forskcodingschool.com/blog/sql-training-in-jaipur-complete-guide-to-learning-sql/
58,Best Git and GitHub Training in Jaipur for Developers,best-git-and-github-training-in-jaipur-for-developers,https://forskcodingschool.com/assets/images/blog/best-git-and-github-training-in-jaipur-for-developers.webp,best-git-and-github-training-in-jaipur-for-developers.webp,"best-git-and-github-training-in-jaipur-for-developers-roadmap.webp, best-git-and-github-training-in-jaipur-for-developers-learning-path.webp, best-git-and-github-training-in-jaipur-for-developers-practical-project.webp",https://forskcodingschool.com/blog/best-git-and-github-training-in-jaipur-for-developers/
59,GitHub for Beginners: Complete Guide for Jaipur Coding Students,github-for-beginners-complete-guide-for-jaipur-coding-students,https://forskcodingschool.com/assets/images/blog/github-for-beginners-complete-guide-for-jaipur-coding-students.webp,github-for-beginners-complete-guide-for-jaipur-coding-students.webp,"github-for-beginners-complete-guide-for-jaipur-coding-students-roadmap.webp, github-for-beginners-complete-guide-for-jaipur-coding-students-learning-path.webp, github-for-beginners-complete-guide-for-jaipur-coding-students-practical-project.webp",https://forskcodingschool.com/blog/github-for-beginners-complete-guide-for-jaipur-coding-students/
60,Best Software Development Course in Jaipur for a Successful IT Career,best-software-development-course-in-jaipur-for-a-successful-it-career,https://forskcodingschool.com/assets/images/blog/best-software-development-course-in-jaipur-for-a-successful-it-career.webp,best-software-development-course-in-jaipur-for-a-successful-it-career.webp,"best-software-development-course-in-jaipur-for-a-successful-it-career-roadmap.webp, best-software-development-course-in-jaipur-for-a-successful-it-career-learning-path.webp, best-software-development-course-in-jaipur-for-a-successful-it-career-practical-project.webp",https://forskcodingschool.com/blog/best-software-development-course-in-jaipur-for-a-successful-it-career/
61,Software Developer Roadmap: How to Start Your Career from Jaipur,software-developer-roadmap-how-to-start-your-career-from-jaipur,https://forskcodingschool.com/assets/images/blog/software-developer-roadmap-how-to-start-your-career-from-jaipur.webp,software-developer-roadmap-how-to-start-your-career-from-jaipur.webp,"software-developer-roadmap-how-to-start-your-career-from-jaipur-roadmap.webp, software-developer-roadmap-how-to-start-your-career-from-jaipur-learning-path.webp, software-developer-roadmap-how-to-start-your-career-from-jaipur-practical-project.webp",https://forskcodingschool.com/blog/software-developer-roadmap-how-to-start-your-career-from-jaipur/
62,How to Become a Software Developer After Graduation?,how-to-become-a-software-developer-after-graduation,https://forskcodingschool.com/assets/images/blog/how-to-become-a-software-developer-after-graduation.webp,how-to-become-a-software-developer-after-graduation.webp,"how-to-become-a-software-developer-after-graduation-roadmap.webp, how-to-become-a-software-developer-after-graduation-learning-path.webp, how-to-become-a-software-developer-after-graduation-practical-project.webp",https://forskcodingschool.com/blog/how-to-become-a-software-developer-after-graduation/
63,How to Become a Software Developer Without a Computer Science Degree?,how-to-become-a-software-developer-without-a-computer-science-degree,https://forskcodingschool.com/assets/images/blog/how-to-become-a-software-developer-without-a-computer-science-degree.webp,how-to-become-a-software-developer-without-a-computer-science-degree.webp,"how-to-become-a-software-developer-without-a-computer-science-degree-roadmap.webp, how-to-become-a-software-developer-without-a-computer-science-degree-learning-path.webp, how-to-become-a-software-developer-without-a-computer-science-degree-practical-project.webp",https://forskcodingschool.com/blog/how-to-become-a-software-developer-without-a-computer-science-degree/
64,How Long Does It Take to Become a Software Developer?,how-long-does-it-take-to-become-a-software-developer,https://forskcodingschool.com/assets/images/blog/how-long-does-it-take-to-become-a-software-developer.webp,how-long-does-it-take-to-become-a-software-developer.webp,"how-long-does-it-take-to-become-a-software-developer-roadmap.webp, how-long-does-it-take-to-become-a-software-developer-learning-path.webp, how-long-does-it-take-to-become-a-software-developer-practical-project.webp",https://forskcodingschool.com/blog/how-long-does-it-take-to-become-a-software-developer/
65,What Programming Language Should Beginners Learn First?,what-programming-language-should-beginners-learn-first,https://forskcodingschool.com/assets/images/blog/what-programming-language-should-beginners-learn-first.webp,what-programming-language-should-beginners-learn-first.webp,"what-programming-language-should-beginners-learn-first-roadmap.webp, what-programming-language-should-beginners-learn-first-learning-path.webp, what-programming-language-should-beginners-learn-first-practical-project.webp",https://forskcodingschool.com/blog/what-programming-language-should-beginners-learn-first/
66,Java vs Python: Which Programming Language Should You Learn?,java-vs-python-which-programming-language-should-you-learn,https://forskcodingschool.com/assets/images/blog/java-vs-python-which-programming-language-should-you-learn.webp,java-vs-python-which-programming-language-should-you-learn.webp,"java-vs-python-which-programming-language-should-you-learn-roadmap.webp, java-vs-python-which-programming-language-should-you-learn-learning-path.webp, java-vs-python-which-programming-language-should-you-learn-practical-project.webp",https://forskcodingschool.com/blog/java-vs-python-which-programming-language-should-you-learn/
67,Java vs C++: Which Is Better for Beginners?,java-vs-cpp-which-is-better-for-beginners,https://forskcodingschool.com/assets/images/blog/java-vs-cpp-which-is-better-for-beginners.webp,java-vs-cpp-which-is-better-for-beginners.webp,"java-vs-cpp-which-is-better-for-beginners-roadmap.webp, java-vs-cpp-which-is-better-for-beginners-learning-path.webp, java-vs-cpp-which-is-better-for-beginners-practical-project.webp",https://forskcodingschool.com/blog/java-vs-cpp-which-is-better-for-beginners/
68,Python vs JavaScript: Which Programming Language Is Better?,python-vs-javascript-which-programming-language-is-better,https://forskcodingschool.com/assets/images/blog/python-vs-javascript-which-programming-language-is-better.webp,python-vs-javascript-which-programming-language-is-better.webp,"python-vs-javascript-which-programming-language-is-better-roadmap.webp, python-vs-javascript-which-programming-language-is-better-learning-path.webp, python-vs-javascript-which-programming-language-is-better-practical-project.webp",https://forskcodingschool.com/blog/python-vs-javascript-which-programming-language-is-better/
69,C++ vs Java: Which Language Is Better for Software Development?,cpp-vs-java-which-language-is-better-for-software-development,https://forskcodingschool.com/assets/images/blog/cpp-vs-java-which-language-is-better-for-software-development.webp,cpp-vs-java-which-language-is-better-for-software-development.webp,"cpp-vs-java-which-language-is-better-for-software-development-roadmap.webp, cpp-vs-java-which-language-is-better-for-software-development-learning-path.webp, cpp-vs-java-which-language-is-better-for-software-development-practical-project.webp",https://forskcodingschool.com/blog/cpp-vs-java-which-language-is-better-for-software-development/
70,Python vs C++: Which Programming Language Should Students Learn?,python-vs-cpp-which-programming-language-should-students-learn,https://forskcodingschool.com/assets/images/blog/python-vs-cpp-which-programming-language-should-students-learn.webp,python-vs-cpp-which-programming-language-should-students-learn.webp,"python-vs-cpp-which-programming-language-should-students-learn-roadmap.webp, python-vs-cpp-which-programming-language-should-students-learn-learning-path.webp, python-vs-cpp-which-programming-language-should-students-learn-practical-project.webp",https://forskcodingschool.com/blog/python-vs-cpp-which-programming-language-should-students-learn/
71,MERN Stack vs Java Full Stack: Which Career Is Better?,mern-stack-vs-java-full-stack-which-career-is-better,https://forskcodingschool.com/assets/images/blog/mern-stack-vs-java-full-stack-which-career-is-better.webp,mern-stack-vs-java-full-stack-which-career-is-better.webp,"mern-stack-vs-java-full-stack-which-career-is-better-roadmap.webp, mern-stack-vs-java-full-stack-which-career-is-better-learning-path.webp, mern-stack-vs-java-full-stack-which-career-is-better-practical-project.webp",https://forskcodingschool.com/blog/mern-stack-vs-java-full-stack-which-career-is-better/
72,Python Full Stack vs Java Full Stack: Which Should You Choose?,python-full-stack-vs-java-full-stack-which-should-you-choose,https://forskcodingschool.com/assets/images/blog/python-full-stack-vs-java-full-stack-which-should-you-choose.webp,python-full-stack-vs-java-full-stack-which-should-you-choose.webp,"python-full-stack-vs-java-full-stack-which-should-you-choose-roadmap.webp, python-full-stack-vs-java-full-stack-which-should-you-choose-learning-path.webp, python-full-stack-vs-java-full-stack-which-should-you-choose-practical-project.webp",https://forskcodingschool.com/blog/python-full-stack-vs-java-full-stack-which-should-you-choose/
73,Frontend vs Backend Development: Which Career Is Better?,frontend-vs-backend-development-which-career-is-better,https://forskcodingschool.com/assets/images/blog/frontend-vs-backend-development-which-career-is-better.webp,frontend-vs-backend-development-which-career-is-better.webp,"frontend-vs-backend-development-which-career-is-better-roadmap.webp, frontend-vs-backend-development-which-career-is-better-learning-path.webp, frontend-vs-backend-development-which-career-is-better-practical-project.webp",https://forskcodingschool.com/blog/frontend-vs-backend-development-which-career-is-better/
74,Web Development vs Software Development: What Should You Choose?,web-development-vs-software-development-what-should-you-choose,https://forskcodingschool.com/assets/images/blog/web-development-vs-software-development-what-should-you-choose.webp,web-development-vs-software-development-what-should-you-choose.webp,"web-development-vs-software-development-what-should-you-choose-roadmap.webp, web-development-vs-software-development-what-should-you-choose-learning-path.webp, web-development-vs-software-development-what-should-you-choose-practical-project.webp",https://forskcodingschool.com/blog/web-development-vs-software-development-what-should-you-choose/
75,Full Stack Developer vs Software Developer: Career Comparison,full-stack-developer-vs-software-developer-career-comparison,https://forskcodingschool.com/assets/images/blog/full-stack-developer-vs-software-developer-career-comparison.webp,full-stack-developer-vs-software-developer-career-comparison.webp,"full-stack-developer-vs-software-developer-career-comparison-roadmap.webp, full-stack-developer-vs-software-developer-career-comparison-learning-path.webp, full-stack-developer-vs-software-developer-career-comparison-practical-project.webp",https://forskcodingschool.com/blog/full-stack-developer-vs-software-developer-career-comparison/
76,Frontend Developer Roadmap for Beginners in 2026,frontend-developer-roadmap-for-beginners-in-2026,https://forskcodingschool.com/assets/images/blog/frontend-developer-roadmap-for-beginners-in-2026.webp,frontend-developer-roadmap-for-beginners-in-2026.webp,"frontend-developer-roadmap-for-beginners-in-2026-roadmap.webp, frontend-developer-roadmap-for-beginners-in-2026-learning-path.webp, frontend-developer-roadmap-for-beginners-in-2026-practical-project.webp",https://forskcodingschool.com/blog/frontend-developer-roadmap-for-beginners-in-2026/
77,Backend Developer Roadmap for Beginners in 2026,backend-developer-roadmap-for-beginners-in-2026,https://forskcodingschool.com/assets/images/blog/backend-developer-roadmap-for-beginners-in-2026.webp,backend-developer-roadmap-for-beginners-in-2026.webp,"backend-developer-roadmap-for-beginners-in-2026-roadmap.webp, backend-developer-roadmap-for-beginners-in-2026-learning-path.webp, backend-developer-roadmap-for-beginners-in-2026-practical-project.webp",https://forskcodingschool.com/blog/backend-developer-roadmap-for-beginners-in-2026/
78,Full Stack Developer Roadmap for Beginners in 2026,full-stack-developer-roadmap-for-beginners-in-2026,https://forskcodingschool.com/assets/images/blog/full-stack-developer-roadmap-for-beginners-in-2026.webp,full-stack-developer-roadmap-for-beginners-in-2026.webp,"full-stack-developer-roadmap-for-beginners-in-2026-roadmap.webp, full-stack-developer-roadmap-for-beginners-in-2026-learning-path.webp, full-stack-developer-roadmap-for-beginners-in-2026-practical-project.webp",https://forskcodingschool.com/blog/full-stack-developer-roadmap-for-beginners-in-2026/
79,Java Developer Roadmap: From Beginner to Job-Ready Developer,java-developer-roadmap-from-beginner-to-job-ready-developer,https://forskcodingschool.com/assets/images/blog/java-developer-roadmap-from-beginner-to-job-ready-developer.webp,java-developer-roadmap-from-beginner-to-job-ready-developer.webp,"java-developer-roadmap-from-beginner-to-job-ready-developer-roadmap.webp, java-developer-roadmap-from-beginner-to-job-ready-developer-learning-path.webp, java-developer-roadmap-from-beginner-to-job-ready-developer-practical-project.webp",https://forskcodingschool.com/blog/java-developer-roadmap-from-beginner-to-job-ready-developer/
80,Python Developer Roadmap: From Beginner to Professional,python-developer-roadmap-from-beginner-to-professional,https://forskcodingschool.com/assets/images/blog/python-developer-roadmap-from-beginner-to-professional.webp,python-developer-roadmap-from-beginner-to-professional.webp,"python-developer-roadmap-from-beginner-to-professional-roadmap.webp, python-developer-roadmap-from-beginner-to-professional-learning-path.webp, python-developer-roadmap-from-beginner-to-professional-practical-project.webp",https://forskcodingschool.com/blog/python-developer-roadmap-from-beginner-to-professional/
81,MERN Stack Developer Roadmap: Complete Guide for Beginners,mern-stack-developer-roadmap-complete-guide-for-beginners,https://forskcodingschool.com/assets/images/blog/mern-stack-developer-roadmap-complete-guide-for-beginners.webp,mern-stack-developer-roadmap-complete-guide-for-beginners.webp,"mern-stack-developer-roadmap-complete-guide-for-beginners-roadmap.webp, mern-stack-developer-roadmap-complete-guide-for-beginners-learning-path.webp, mern-stack-developer-roadmap-complete-guide-for-beginners-practical-project.webp",https://forskcodingschool.com/blog/mern-stack-developer-roadmap-complete-guide-for-beginners/
82,Java Full Stack Developer Roadmap for Beginners,java-full-stack-developer-roadmap-for-beginners,https://forskcodingschool.com/assets/images/blog/java-full-stack-developer-roadmap-for-beginners.webp,java-full-stack-developer-roadmap-for-beginners.webp,"java-full-stack-developer-roadmap-for-beginners-roadmap.webp, java-full-stack-developer-roadmap-for-beginners-learning-path.webp, java-full-stack-developer-roadmap-for-beginners-practical-project.webp",https://forskcodingschool.com/blog/java-full-stack-developer-roadmap-for-beginners/
83,How to Become a Web Developer in 2026?,how-to-become-a-web-developer-in-2026,https://forskcodingschool.com/assets/images/blog/how-to-become-a-web-developer-in-2026.webp,how-to-become-a-web-developer-in-2026.webp,"how-to-become-a-web-developer-in-2026-roadmap.webp, how-to-become-a-web-developer-in-2026-learning-path.webp, how-to-become-a-web-developer-in-2026-practical-project.webp",https://forskcodingschool.com/blog/how-to-become-a-web-developer-in-2026/
84,How to Become a Full Stack Developer in 2026?,how-to-become-a-full-stack-developer-in-2026,https://forskcodingschool.com/assets/images/blog/how-to-become-a-full-stack-developer-in-2026.webp,how-to-become-a-full-stack-developer-in-2026.webp,"how-to-become-a-full-stack-developer-in-2026-roadmap.webp, how-to-become-a-full-stack-developer-in-2026-learning-path.webp, how-to-become-a-full-stack-developer-in-2026-practical-project.webp",https://forskcodingschool.com/blog/how-to-become-a-full-stack-developer-in-2026/
85,How to Become a Java Developer in 2026?,how-to-become-a-java-developer-in-2026,https://forskcodingschool.com/assets/images/blog/how-to-become-a-java-developer-in-2026.webp,how-to-become-a-java-developer-in-2026.webp,"how-to-become-a-java-developer-in-2026-roadmap.webp, how-to-become-a-java-developer-in-2026-learning-path.webp, how-to-become-a-java-developer-in-2026-practical-project.webp",https://forskcodingschool.com/blog/how-to-become-a-java-developer-in-2026/
86,How to Become a Python Developer in 2026?,how-to-become-a-python-developer-in-2026,https://forskcodingschool.com/assets/images/blog/how-to-become-a-python-developer-in-2026.webp,how-to-become-a-python-developer-in-2026.webp,"how-to-become-a-python-developer-in-2026-roadmap.webp, how-to-become-a-python-developer-in-2026-learning-path.webp, how-to-become-a-python-developer-in-2026-practical-project.webp",https://forskcodingschool.com/blog/how-to-become-a-python-developer-in-2026/
87,How to Become a Frontend Developer in 2026?,how-to-become-a-frontend-developer-in-2026,https://forskcodingschool.com/assets/images/blog/how-to-become-a-frontend-developer-in-2026.webp,how-to-become-a-frontend-developer-in-2026.webp,"how-to-become-a-frontend-developer-in-2026-roadmap.webp, how-to-become-a-frontend-developer-in-2026-learning-path.webp, how-to-become-a-frontend-developer-in-2026-practical-project.webp",https://forskcodingschool.com/blog/how-to-become-a-frontend-developer-in-2026/
88,How to Become a Backend Developer in 2026?,how-to-become-a-backend-developer-in-2026,https://forskcodingschool.com/assets/images/blog/how-to-become-a-backend-developer-in-2026.webp,how-to-become-a-backend-developer-in-2026.webp,"how-to-become-a-backend-developer-in-2026-roadmap.webp, how-to-become-a-backend-developer-in-2026-learning-path.webp, how-to-become-a-backend-developer-in-2026-practical-project.webp",https://forskcodingschool.com/blog/how-to-become-a-backend-developer-in-2026/
89,How to Start a Career in Web Development from Jaipur,how-to-start-a-career-in-web-development-from-jaipur,https://forskcodingschool.com/assets/images/blog/how-to-start-a-career-in-web-development-from-jaipur.webp,how-to-start-a-career-in-web-development-from-jaipur.webp,"how-to-start-a-career-in-web-development-from-jaipur-roadmap.webp, how-to-start-a-career-in-web-development-from-jaipur-learning-path.webp, how-to-start-a-career-in-web-development-from-jaipur-practical-project.webp",https://forskcodingschool.com/blog/how-to-start-a-career-in-web-development-from-jaipur/
90,How to Start a Career in Software Development from Jaipur,how-to-start-a-career-in-software-development-from-jaipur,https://forskcodingschool.com/assets/images/blog/how-to-start-a-career-in-software-development-from-jaipur.webp,how-to-start-a-career-in-software-development-from-jaipur.webp,"how-to-start-a-career-in-software-development-from-jaipur-roadmap.webp, how-to-start-a-career-in-software-development-from-jaipur-learning-path.webp, how-to-start-a-career-in-software-development-from-jaipur-practical-project.webp",https://forskcodingschool.com/blog/how-to-start-a-career-in-software-development-from-jaipur/
91,Best IT Courses in Jaipur After 12th,best-it-courses-in-jaipur-after-12th,https://forskcodingschool.com/assets/images/blog/best-it-courses-in-jaipur-after-12th.webp,best-it-courses-in-jaipur-after-12th.webp,"best-it-courses-in-jaipur-after-12th-roadmap.webp, best-it-courses-in-jaipur-after-12th-learning-path.webp, best-it-courses-in-jaipur-after-12th-practical-project.webp",https://forskcodingschool.com/blog/best-it-courses-in-jaipur-after-12th/
92,Best Coding Courses in Jaipur After 12th,best-coding-courses-in-jaipur-after-12th,https://forskcodingschool.com/assets/images/blog/best-coding-courses-in-jaipur-after-12th.webp,best-coding-courses-in-jaipur-after-12th.webp,"best-coding-courses-in-jaipur-after-12th-roadmap.webp, best-coding-courses-in-jaipur-after-12th-learning-path.webp, best-coding-courses-in-jaipur-after-12th-practical-project.webp",https://forskcodingschool.com/blog/best-coding-courses-in-jaipur-after-12th/
93,Best Programming Courses After 12th for Students,best-programming-courses-after-12th-for-students,https://forskcodingschool.com/assets/images/blog/best-programming-courses-after-12th-for-students.webp,best-programming-courses-after-12th-for-students.webp,"best-programming-courses-after-12th-for-students-roadmap.webp, best-programming-courses-after-12th-for-students-learning-path.webp, best-programming-courses-after-12th-for-students-practical-project.webp",https://forskcodingschool.com/blog/best-programming-courses-after-12th-for-students/
94,Best IT Courses in Jaipur After Graduation,best-it-courses-in-jaipur-after-graduation,https://forskcodingschool.com/assets/images/blog/best-it-courses-in-jaipur-after-graduation.webp,best-it-courses-in-jaipur-after-graduation.webp,"best-it-courses-in-jaipur-after-graduation-roadmap.webp, best-it-courses-in-jaipur-after-graduation-learning-path.webp, best-it-courses-in-jaipur-after-graduation-practical-project.webp",https://forskcodingschool.com/blog/best-it-courses-in-jaipur-after-graduation/
95,Best Coding Courses After Graduation for IT Jobs,best-coding-courses-after-graduation-for-it-jobs,https://forskcodingschool.com/assets/images/blog/best-coding-courses-after-graduation-for-it-jobs.webp,best-coding-courses-after-graduation-for-it-jobs.webp,"best-coding-courses-after-graduation-for-it-jobs-roadmap.webp, best-coding-courses-after-graduation-for-it-jobs-learning-path.webp, best-coding-courses-after-graduation-for-it-jobs-practical-project.webp",https://forskcodingschool.com/blog/best-coding-courses-after-graduation-for-it-jobs/
96,Best Short-Term Computer Courses in Jaipur for Jobs,best-short-term-computer-courses-in-jaipur-for-jobs,https://forskcodingschool.com/assets/images/blog/best-short-term-computer-courses-in-jaipur-for-jobs.webp,best-short-term-computer-courses-in-jaipur-for-jobs.webp,"best-short-term-computer-courses-in-jaipur-for-jobs-roadmap.webp, best-short-term-computer-courses-in-jaipur-for-jobs-learning-path.webp, best-short-term-computer-courses-in-jaipur-for-jobs-practical-project.webp",https://forskcodingschool.com/blog/best-short-term-computer-courses-in-jaipur-for-jobs/
97,Job-Oriented IT Courses in Jaipur for Freshers,job-oriented-it-courses-in-jaipur-for-freshers,https://forskcodingschool.com/assets/images/blog/job-oriented-it-courses-in-jaipur-for-freshers.webp,job-oriented-it-courses-in-jaipur-for-freshers.webp,"job-oriented-it-courses-in-jaipur-for-freshers-roadmap.webp, job-oriented-it-courses-in-jaipur-for-freshers-learning-path.webp, job-oriented-it-courses-in-jaipur-for-freshers-practical-project.webp",https://forskcodingschool.com/blog/job-oriented-it-courses-in-jaipur-for-freshers/
98,Best Career-Oriented Coding Courses in Jaipur,best-career-oriented-coding-courses-in-jaipur,https://forskcodingschool.com/assets/images/blog/best-career-oriented-coding-courses-in-jaipur.webp,best-career-oriented-coding-courses-in-jaipur.webp,"best-career-oriented-coding-courses-in-jaipur-roadmap.webp, best-career-oriented-coding-courses-in-jaipur-learning-path.webp, best-career-oriented-coding-courses-in-jaipur-practical-project.webp",https://forskcodingschool.com/blog/best-career-oriented-coding-courses-in-jaipur/
99,IT Career Roadmap for Students in Jaipur,it-career-roadmap-for-students-in-jaipur,https://forskcodingschool.com/assets/images/blog/it-career-roadmap-for-students-in-jaipur.webp,it-career-roadmap-for-students-in-jaipur.webp,"it-career-roadmap-for-students-in-jaipur-roadmap.webp, it-career-roadmap-for-students-in-jaipur-learning-path.webp, it-career-roadmap-for-students-in-jaipur-practical-project.webp",https://forskcodingschool.com/blog/it-career-roadmap-for-students-in-jaipur/
100,How Coding Skills Can Help You Build an IT Career in Jaipur,how-coding-skills-can-help-you-build-an-it-career-in-jaipur,https://forskcodingschool.com/assets/images/blog/how-coding-skills-can-help-you-build-an-it-career-in-jaipur.webp,how-coding-skills-can-help-you-build-an-it-career-in-jaipur.webp,"how-coding-skills-can-help-you-build-an-it-career-in-jaipur-roadmap.webp, how-coding-skills-can-help-you-build-an-it-career-in-jaipur-learning-path.webp, how-coding-skills-can-help-you-build-an-it-career-in-jaipur-practical-project.webp",https://forskcodingschool.com/blog/how-coding-skills-can-help-you-build-an-it-career-in-jaipur/
101,Best Coding Institute in Jaipur for College Students,best-coding-institute-in-jaipur-for-college-students,https://forskcodingschool.com/assets/images/blog/best-coding-institute-in-jaipur-for-college-students.webp,best-coding-institute-in-jaipur-for-college-students.webp,"best-coding-institute-in-jaipur-for-college-students-roadmap.webp, best-coding-institute-in-jaipur-for-college-students-learning-path.webp, best-coding-institute-in-jaipur-for-college-students-practical-project.webp",https://forskcodingschool.com/blog/best-coding-institute-in-jaipur-for-college-students/
102,Best Coding Institute in Jaipur for BTech Students,best-coding-institute-in-jaipur-for-btech-students,https://forskcodingschool.com/assets/images/blog/best-coding-institute-in-jaipur-for-btech-students.webp,best-coding-institute-in-jaipur-for-btech-students.webp,"best-coding-institute-in-jaipur-for-btech-students-roadmap.webp, best-coding-institute-in-jaipur-for-btech-students-learning-path.webp, best-coding-institute-in-jaipur-for-btech-students-practical-project.webp",https://forskcodingschool.com/blog/best-coding-institute-in-jaipur-for-btech-students/
103,Best Coding Institute in Jaipur for BCA Students,best-coding-institute-in-jaipur-for-bca-students,https://forskcodingschool.com/assets/images/blog/best-coding-institute-in-jaipur-for-bca-students.webp,best-coding-institute-in-jaipur-for-bca-students.webp,"best-coding-institute-in-jaipur-for-bca-students-roadmap.webp, best-coding-institute-in-jaipur-for-bca-students-learning-path.webp, best-coding-institute-in-jaipur-for-bca-students-practical-project.webp",https://forskcodingschool.com/blog/best-coding-institute-in-jaipur-for-bca-students/
104,Best Coding Institute in Jaipur for MCA Students,best-coding-institute-in-jaipur-for-mca-students,https://forskcodingschool.com/assets/images/blog/best-coding-institute-in-jaipur-for-mca-students.webp,best-coding-institute-in-jaipur-for-mca-students.webp,"best-coding-institute-in-jaipur-for-mca-students-roadmap.webp, best-coding-institute-in-jaipur-for-mca-students-learning-path.webp, best-coding-institute-in-jaipur-for-mca-students-practical-project.webp",https://forskcodingschool.com/blog/best-coding-institute-in-jaipur-for-mca-students/
105,Best Coding Institute in Jaipur for Engineering Students,best-coding-institute-in-jaipur-for-engineering-students,https://forskcodingschool.com/assets/images/blog/best-coding-institute-in-jaipur-for-engineering-students.webp,best-coding-institute-in-jaipur-for-engineering-students.webp,"best-coding-institute-in-jaipur-for-engineering-students-roadmap.webp, best-coding-institute-in-jaipur-for-engineering-students-learning-path.webp, best-coding-institute-in-jaipur-for-engineering-students-practical-project.webp",https://forskcodingschool.com/blog/best-coding-institute-in-jaipur-for-engineering-students/
106,Best Programming Classes in Jaipur for College Students,best-programming-classes-in-jaipur-for-college-students,https://forskcodingschool.com/assets/images/blog/best-programming-classes-in-jaipur-for-college-students.webp,best-programming-classes-in-jaipur-for-college-students.webp,"best-programming-classes-in-jaipur-for-college-students-roadmap.webp, best-programming-classes-in-jaipur-for-college-students-learning-path.webp, best-programming-classes-in-jaipur-for-college-students-practical-project.webp",https://forskcodingschool.com/blog/best-programming-classes-in-jaipur-for-college-students/
107,Programming Classes in Jaipur for BCA Students,programming-classes-in-jaipur-for-bca-students,https://forskcodingschool.com/assets/images/blog/programming-classes-in-jaipur-for-bca-students.webp,programming-classes-in-jaipur-for-bca-students.webp,"programming-classes-in-jaipur-for-bca-students-roadmap.webp, programming-classes-in-jaipur-for-bca-students-learning-path.webp, programming-classes-in-jaipur-for-bca-students-practical-project.webp",https://forskcodingschool.com/blog/programming-classes-in-jaipur-for-bca-students/
108,Programming Classes in Jaipur for MCA Students,programming-classes-in-jaipur-for-mca-students,https://forskcodingschool.com/assets/images/blog/programming-classes-in-jaipur-for-mca-students.webp,programming-classes-in-jaipur-for-mca-students.webp,"programming-classes-in-jaipur-for-mca-students-roadmap.webp, programming-classes-in-jaipur-for-mca-students-learning-path.webp, programming-classes-in-jaipur-for-mca-students-practical-project.webp",https://forskcodingschool.com/blog/programming-classes-in-jaipur-for-mca-students/
109,Coding Classes in Jaipur for Engineering Students,coding-classes-in-jaipur-for-engineering-students,https://forskcodingschool.com/assets/images/blog/coding-classes-in-jaipur-for-engineering-students.webp,coding-classes-in-jaipur-for-engineering-students.webp,"coding-classes-in-jaipur-for-engineering-students-roadmap.webp, coding-classes-in-jaipur-for-engineering-students-learning-path.webp, coding-classes-in-jaipur-for-engineering-students-practical-project.webp",https://forskcodingschool.com/blog/coding-classes-in-jaipur-for-engineering-students/
110,Coding Classes in Jaipur for Non-IT Students,coding-classes-in-jaipur-for-non-it-students,https://forskcodingschool.com/assets/images/blog/coding-classes-in-jaipur-for-non-it-students.webp,coding-classes-in-jaipur-for-non-it-students.webp,"coding-classes-in-jaipur-for-non-it-students-roadmap.webp, coding-classes-in-jaipur-for-non-it-students-learning-path.webp, coding-classes-in-jaipur-for-non-it-students-practical-project.webp",https://forskcodingschool.com/blog/coding-classes-in-jaipur-for-non-it-students/
111,Coding Classes in Jaipur for Beginners,coding-classes-in-jaipur-for-beginners,https://forskcodingschool.com/assets/images/blog/coding-classes-in-jaipur-for-beginners.webp,coding-classes-in-jaipur-for-beginners.webp,"coding-classes-in-jaipur-for-beginners-roadmap.webp, coding-classes-in-jaipur-for-beginners-learning-path.webp, coding-classes-in-jaipur-for-beginners-practical-project.webp",https://forskcodingschool.com/blog/coding-classes-in-jaipur-for-beginners/
112,Coding Classes in Jaipur for Freshers,coding-classes-in-jaipur-for-freshers,https://forskcodingschool.com/assets/images/blog/coding-classes-in-jaipur-for-freshers.webp,coding-classes-in-jaipur-for-freshers.webp,"coding-classes-in-jaipur-for-freshers-roadmap.webp, coding-classes-in-jaipur-for-freshers-learning-path.webp, coding-classes-in-jaipur-for-freshers-practical-project.webp",https://forskcodingschool.com/blog/coding-classes-in-jaipur-for-freshers/
113,Coding Classes in Jaipur for Working Professionals,coding-classes-in-jaipur-for-working-professionals,https://forskcodingschool.com/assets/images/blog/coding-classes-in-jaipur-for-working-professionals.webp,coding-classes-in-jaipur-for-working-professionals.webp,"coding-classes-in-jaipur-for-working-professionals-roadmap.webp, coding-classes-in-jaipur-for-working-professionals-learning-path.webp, coding-classes-in-jaipur-for-working-professionals-practical-project.webp",https://forskcodingschool.com/blog/coding-classes-in-jaipur-for-working-professionals/
114,Coding Classes in Jaipur with Practical Training,coding-classes-in-jaipur-with-practical-training,https://forskcodingschool.com/assets/images/blog/coding-classes-in-jaipur-with-practical-training.webp,coding-classes-in-jaipur-with-practical-training.webp,"coding-classes-in-jaipur-with-practical-training-roadmap.webp, coding-classes-in-jaipur-with-practical-training-learning-path.webp, coding-classes-in-jaipur-with-practical-training-practical-project.webp",https://forskcodingschool.com/blog/coding-classes-in-jaipur-with-practical-training/
115,Job-Oriented Coding Classes in Jaipur,job-oriented-coding-classes-in-jaipur,https://forskcodingschool.com/assets/images/blog/job-oriented-coding-classes-in-jaipur.webp,job-oriented-coding-classes-in-jaipur.webp,"job-oriented-coding-classes-in-jaipur-roadmap.webp, job-oriented-coding-classes-in-jaipur-learning-path.webp, job-oriented-coding-classes-in-jaipur-practical-project.webp",https://forskcodingschool.com/blog/job-oriented-coding-classes-in-jaipur/
116,Project-Based Coding Training in Jaipur,project-based-coding-training-in-jaipur,https://forskcodingschool.com/assets/images/blog/project-based-coding-training-in-jaipur.webp,project-based-coding-training-in-jaipur.webp,"project-based-coding-training-in-jaipur-roadmap.webp, project-based-coding-training-in-jaipur-learning-path.webp, project-based-coding-training-in-jaipur-practical-project.webp",https://forskcodingschool.com/blog/project-based-coding-training-in-jaipur/
117,Industry-Oriented Programming Training in Jaipur,industry-oriented-programming-training-in-jaipur,https://forskcodingschool.com/assets/images/blog/industry-oriented-programming-training-in-jaipur.webp,industry-oriented-programming-training-in-jaipur.webp,"industry-oriented-programming-training-in-jaipur-roadmap.webp, industry-oriented-programming-training-in-jaipur-learning-path.webp, industry-oriented-programming-training-in-jaipur-practical-project.webp",https://forskcodingschool.com/blog/industry-oriented-programming-training-in-jaipur/
118,Best IT Training in Jaipur with Practical Projects,best-it-training-in-jaipur-with-practical-projects,https://forskcodingschool.com/assets/images/blog/best-it-training-in-jaipur-with-practical-projects.webp,best-it-training-in-jaipur-with-practical-projects.webp,"best-it-training-in-jaipur-with-practical-projects-roadmap.webp, best-it-training-in-jaipur-with-practical-projects-learning-path.webp, best-it-training-in-jaipur-with-practical-projects-practical-project.webp",https://forskcodingschool.com/blog/best-it-training-in-jaipur-with-practical-projects/
119,Best Programming Training in Jaipur with Placement Support,best-programming-training-in-jaipur-with-placement-support,https://forskcodingschool.com/assets/images/blog/best-programming-training-in-jaipur-with-placement-support.webp,best-programming-training-in-jaipur-with-placement-support.webp,"best-programming-training-in-jaipur-with-placement-support-roadmap.webp, best-programming-training-in-jaipur-with-placement-support-learning-path.webp, best-programming-training-in-jaipur-with-placement-support-practical-project.webp",https://forskcodingschool.com/blog/best-programming-training-in-jaipur-with-placement-support/
120,How Practical Coding Training Helps Students Get Jobs,how-practical-coding-training-helps-students-get-jobs,https://forskcodingschool.com/assets/images/blog/how-practical-coding-training-helps-students-get-jobs.webp,how-practical-coding-training-helps-students-get-jobs.webp,"how-practical-coding-training-helps-students-get-jobs-roadmap.webp, how-practical-coding-training-helps-students-get-jobs-learning-path.webp, how-practical-coding-training-helps-students-get-jobs-practical-project.webp",https://forskcodingschool.com/blog/how-practical-coding-training-helps-students-get-jobs/
121,Best Java Training Institute in Jaipur,best-java-training-institute-in-jaipur,https://forskcodingschool.com/assets/images/blog/best-java-training-institute-in-jaipur.webp,best-java-training-institute-in-jaipur.webp,"best-java-training-institute-in-jaipur-roadmap.webp, best-java-training-institute-in-jaipur-learning-path.webp, best-java-training-institute-in-jaipur-practical-project.webp",https://forskcodingschool.com/blog/best-java-training-institute-in-jaipur/
122,Best Python Training Institute in Jaipur,best-python-training-institute-in-jaipur,https://forskcodingschool.com/assets/images/blog/best-python-training-institute-in-jaipur.webp,best-python-training-institute-in-jaipur.webp,"best-python-training-institute-in-jaipur-roadmap.webp, best-python-training-institute-in-jaipur-learning-path.webp, best-python-training-institute-in-jaipur-practical-project.webp",https://forskcodingschool.com/blog/best-python-training-institute-in-jaipur/
123,Best C++ Training Institute in Jaipur,best-cpp-training-institute-in-jaipur,https://forskcodingschool.com/assets/images/blog/best-cpp-training-institute-in-jaipur.webp,best-cpp-training-institute-in-jaipur.webp,"best-cpp-training-institute-in-jaipur-roadmap.webp, best-cpp-training-institute-in-jaipur-learning-path.webp, best-cpp-training-institute-in-jaipur-practical-project.webp",https://forskcodingschool.com/blog/best-cpp-training-institute-in-jaipur/
124,Best C Programming Institute in Jaipur,best-c-programming-institute-in-jaipur,https://forskcodingschool.com/assets/images/blog/best-c-programming-institute-in-jaipur.webp,best-c-programming-institute-in-jaipur.webp,"best-c-programming-institute-in-jaipur-roadmap.webp, best-c-programming-institute-in-jaipur-learning-path.webp, best-c-programming-institute-in-jaipur-practical-project.webp",https://forskcodingschool.com/blog/best-c-programming-institute-in-jaipur/
125,Best JavaScript Training Institute in Jaipur,best-javascript-training-institute-in-jaipur,https://forskcodingschool.com/assets/images/blog/best-javascript-training-institute-in-jaipur.webp,best-javascript-training-institute-in-jaipur.webp,"best-javascript-training-institute-in-jaipur-roadmap.webp, best-javascript-training-institute-in-jaipur-learning-path.webp, best-javascript-training-institute-in-jaipur-practical-project.webp",https://forskcodingschool.com/blog/best-javascript-training-institute-in-jaipur/
126,Best React Training Institute in Jaipur,best-react-training-institute-in-jaipur,https://forskcodingschool.com/assets/images/blog/best-react-training-institute-in-jaipur.webp,best-react-training-institute-in-jaipur.webp,"best-react-training-institute-in-jaipur-roadmap.webp, best-react-training-institute-in-jaipur-learning-path.webp, best-react-training-institute-in-jaipur-practical-project.webp",https://forskcodingschool.com/blog/best-react-training-institute-in-jaipur/
127,Best Node.js Training Institute in Jaipur,best-nodejs-training-institute-in-jaipur,https://forskcodingschool.com/assets/images/blog/best-nodejs-training-institute-in-jaipur.webp,best-nodejs-training-institute-in-jaipur.webp,"best-nodejs-training-institute-in-jaipur-roadmap.webp, best-nodejs-training-institute-in-jaipur-learning-path.webp, best-nodejs-training-institute-in-jaipur-practical-project.webp",https://forskcodingschool.com/blog/best-nodejs-training-institute-in-jaipur/
128,Best MERN Stack Training Institute in Jaipur,best-mern-stack-training-institute-in-jaipur,https://forskcodingschool.com/assets/images/blog/best-mern-stack-training-institute-in-jaipur.webp,best-mern-stack-training-institute-in-jaipur.webp,"best-mern-stack-training-institute-in-jaipur-roadmap.webp, best-mern-stack-training-institute-in-jaipur-learning-path.webp, best-mern-stack-training-institute-in-jaipur-practical-project.webp",https://forskcodingschool.com/blog/best-mern-stack-training-institute-in-jaipur/
129,Best Angular Training Institute in Jaipur,best-angular-training-institute-in-jaipur,https://forskcodingschool.com/assets/images/blog/best-angular-training-institute-in-jaipur.webp,best-angular-training-institute-in-jaipur.webp,"best-angular-training-institute-in-jaipur-roadmap.webp, best-angular-training-institute-in-jaipur-learning-path.webp, best-angular-training-institute-in-jaipur-practical-project.webp",https://forskcodingschool.com/blog/best-angular-training-institute-in-jaipur/
130,Best PHP Training Institute in Jaipur,best-php-training-institute-in-jaipur,https://forskcodingschool.com/assets/images/blog/best-php-training-institute-in-jaipur.webp,best-php-training-institute-in-jaipur.webp,"best-php-training-institute-in-jaipur-roadmap.webp, best-php-training-institute-in-jaipur-learning-path.webp, best-php-training-institute-in-jaipur-practical-project.webp",https://forskcodingschool.com/blog/best-php-training-institute-in-jaipur/
131,Best Laravel Training Institute in Jaipur,best-laravel-training-institute-in-jaipur,https://forskcodingschool.com/assets/images/blog/best-laravel-training-institute-in-jaipur.webp,best-laravel-training-institute-in-jaipur.webp,"best-laravel-training-institute-in-jaipur-roadmap.webp, best-laravel-training-institute-in-jaipur-learning-path.webp, best-laravel-training-institute-in-jaipur-practical-project.webp",https://forskcodingschool.com/blog/best-laravel-training-institute-in-jaipur/
132,Best WordPress Training Institute in Jaipur,best-wordpress-training-institute-in-jaipur,https://forskcodingschool.com/assets/images/blog/best-wordpress-training-institute-in-jaipur.webp,best-wordpress-training-institute-in-jaipur.webp,"best-wordpress-training-institute-in-jaipur-roadmap.webp, best-wordpress-training-institute-in-jaipur-learning-path.webp, best-wordpress-training-institute-in-jaipur-practical-project.webp",https://forskcodingschool.com/blog/best-wordpress-training-institute-in-jaipur/
133,Best SQL Training Institute in Jaipur,best-sql-training-institute-in-jaipur,https://forskcodingschool.com/assets/images/blog/best-sql-training-institute-in-jaipur.webp,best-sql-training-institute-in-jaipur.webp,"best-sql-training-institute-in-jaipur-roadmap.webp, best-sql-training-institute-in-jaipur-learning-path.webp, best-sql-training-institute-in-jaipur-practical-project.webp",https://forskcodingschool.com/blog/best-sql-training-institute-in-jaipur/
134,Best MySQL Training Institute in Jaipur,best-mysql-training-institute-in-jaipur,https://forskcodingschool.com/assets/images/blog/best-mysql-training-institute-in-jaipur.webp,best-mysql-training-institute-in-jaipur.webp,"best-mysql-training-institute-in-jaipur-roadmap.webp, best-mysql-training-institute-in-jaipur-learning-path.webp, best-mysql-training-institute-in-jaipur-practical-project.webp",https://forskcodingschool.com/blog/best-mysql-training-institute-in-jaipur/
135,Best DSA Training Institute in Jaipur,best-dsa-training-institute-in-jaipur,https://forskcodingschool.com/assets/images/blog/best-dsa-training-institute-in-jaipur.webp,best-dsa-training-institute-in-jaipur.webp,"best-dsa-training-institute-in-jaipur-roadmap.webp, best-dsa-training-institute-in-jaipur-learning-path.webp, best-dsa-training-institute-in-jaipur-practical-project.webp",https://forskcodingschool.com/blog/best-dsa-training-institute-in-jaipur/
136,Best Full Stack Training Institute in Jaipur,best-full-stack-training-institute-in-jaipur,https://forskcodingschool.com/assets/images/blog/best-full-stack-training-institute-in-jaipur.webp,best-full-stack-training-institute-in-jaipur.webp,"best-full-stack-training-institute-in-jaipur-roadmap.webp, best-full-stack-training-institute-in-jaipur-learning-path.webp, best-full-stack-training-institute-in-jaipur-practical-project.webp",https://forskcodingschool.com/blog/best-full-stack-training-institute-in-jaipur/
137,Best Web Development Training Institute in Jaipur,best-web-development-training-institute-in-jaipur,https://forskcodingschool.com/assets/images/blog/best-web-development-training-institute-in-jaipur.webp,best-web-development-training-institute-in-jaipur.webp,"best-web-development-training-institute-in-jaipur-roadmap.webp, best-web-development-training-institute-in-jaipur-learning-path.webp, best-web-development-training-institute-in-jaipur-practical-project.webp",https://forskcodingschool.com/blog/best-web-development-training-institute-in-jaipur/
138,Best Software Development Training Institute in Jaipur,best-software-development-training-institute-in-jaipur,https://forskcodingschool.com/assets/images/blog/best-software-development-training-institute-in-jaipur.webp,best-software-development-training-institute-in-jaipur.webp,"best-software-development-training-institute-in-jaipur-roadmap.webp, best-software-development-training-institute-in-jaipur-learning-path.webp, best-software-development-training-institute-in-jaipur-practical-project.webp",https://forskcodingschool.com/blog/best-software-development-training-institute-in-jaipur/
139,Best Frontend Development Training in Jaipur,best-frontend-development-training-in-jaipur,https://forskcodingschool.com/assets/images/blog/best-frontend-development-training-in-jaipur.webp,best-frontend-development-training-in-jaipur.webp,"best-frontend-development-training-in-jaipur-roadmap.webp, best-frontend-development-training-in-jaipur-learning-path.webp, best-frontend-development-training-in-jaipur-practical-project.webp",https://forskcodingschool.com/blog/best-frontend-development-training-in-jaipur/
140,Best Backend Development Training in Jaipur,best-backend-development-training-in-jaipur,https://forskcodingschool.com/assets/images/blog/best-backend-development-training-in-jaipur.webp,best-backend-development-training-in-jaipur.webp,"best-backend-development-training-in-jaipur-roadmap.webp, best-backend-development-training-in-jaipur-learning-path.webp, best-backend-development-training-in-jaipur-practical-project.webp",https://forskcodingschool.com/blog/best-backend-development-training-in-jaipur/
141,Java Course Fees in Jaipur: Complete 2026 Guide,java-course-fees-in-jaipur-complete-2026-guide,https://forskcodingschool.com/assets/images/blog/java-course-fees-in-jaipur-complete-2026-guide.webp,java-course-fees-in-jaipur-complete-2026-guide.webp,"java-course-fees-in-jaipur-complete-2026-guide-roadmap.webp, java-course-fees-in-jaipur-complete-2026-guide-learning-path.webp, java-course-fees-in-jaipur-complete-2026-guide-practical-project.webp",https://forskcodingschool.com/blog/java-course-fees-in-jaipur-complete-2026-guide/
142,Python Course Fees in Jaipur: What Should You Expect?,python-course-fees-in-jaipur-what-should-you-expect,https://forskcodingschool.com/assets/images/blog/python-course-fees-in-jaipur-what-should-you-expect.webp,python-course-fees-in-jaipur-what-should-you-expect.webp,"python-course-fees-in-jaipur-what-should-you-expect-roadmap.webp, python-course-fees-in-jaipur-what-should-you-expect-learning-path.webp, python-course-fees-in-jaipur-what-should-you-expect-practical-project.webp",https://forskcodingschool.com/blog/python-course-fees-in-jaipur-what-should-you-expect/
143,C++ Course Fees in Jaipur: Complete Guide,cpp-course-fees-in-jaipur-complete-guide,https://forskcodingschool.com/assets/images/blog/cpp-course-fees-in-jaipur-complete-guide.webp,cpp-course-fees-in-jaipur-complete-guide.webp,"cpp-course-fees-in-jaipur-complete-guide-roadmap.webp, cpp-course-fees-in-jaipur-complete-guide-learning-path.webp, cpp-course-fees-in-jaipur-complete-guide-practical-project.webp",https://forskcodingschool.com/blog/cpp-course-fees-in-jaipur-complete-guide/
144,C Programming Course Fees in Jaipur,c-programming-course-fees-in-jaipur,https://forskcodingschool.com/assets/images/blog/c-programming-course-fees-in-jaipur.webp,c-programming-course-fees-in-jaipur.webp,"c-programming-course-fees-in-jaipur-roadmap.webp, c-programming-course-fees-in-jaipur-learning-path.webp, c-programming-course-fees-in-jaipur-practical-project.webp",https://forskcodingschool.com/blog/c-programming-course-fees-in-jaipur/
145,JavaScript Course Fees in Jaipur: Complete Guide,javascript-course-fees-in-jaipur-complete-guide,https://forskcodingschool.com/assets/images/blog/javascript-course-fees-in-jaipur-complete-guide.webp,javascript-course-fees-in-jaipur-complete-guide.webp,"javascript-course-fees-in-jaipur-complete-guide-roadmap.webp, javascript-course-fees-in-jaipur-complete-guide-learning-path.webp, javascript-course-fees-in-jaipur-complete-guide-practical-project.webp",https://forskcodingschool.com/blog/javascript-course-fees-in-jaipur-complete-guide/
146,React JS Course Fees in Jaipur,react-js-course-fees-in-jaipur,https://forskcodingschool.com/assets/images/blog/react-js-course-fees-in-jaipur.webp,react-js-course-fees-in-jaipur.webp,"react-js-course-fees-in-jaipur-roadmap.webp, react-js-course-fees-in-jaipur-learning-path.webp, react-js-course-fees-in-jaipur-practical-project.webp",https://forskcodingschool.com/blog/react-js-course-fees-in-jaipur/
147,Node.js Course Fees in Jaipur,nodejs-course-fees-in-jaipur,https://forskcodingschool.com/assets/images/blog/nodejs-course-fees-in-jaipur.webp,nodejs-course-fees-in-jaipur.webp,"nodejs-course-fees-in-jaipur-roadmap.webp, nodejs-course-fees-in-jaipur-learning-path.webp, nodejs-course-fees-in-jaipur-practical-project.webp",https://forskcodingschool.com/blog/nodejs-course-fees-in-jaipur/
148,MERN Stack Course Fees in Jaipur,mern-stack-course-fees-in-jaipur,https://forskcodingschool.com/assets/images/blog/mern-stack-course-fees-in-jaipur.webp,mern-stack-course-fees-in-jaipur.webp,"mern-stack-course-fees-in-jaipur-roadmap.webp, mern-stack-course-fees-in-jaipur-learning-path.webp, mern-stack-course-fees-in-jaipur-practical-project.webp",https://forskcodingschool.com/blog/mern-stack-course-fees-in-jaipur/
149,Full Stack Development Course Fees in Jaipur,full-stack-development-course-fees-in-jaipur,https://forskcodingschool.com/assets/images/blog/full-stack-development-course-fees-in-jaipur.webp,full-stack-development-course-fees-in-jaipur.webp,"full-stack-development-course-fees-in-jaipur-roadmap.webp, full-stack-development-course-fees-in-jaipur-learning-path.webp, full-stack-development-course-fees-in-jaipur-practical-project.webp",https://forskcodingschool.com/blog/full-stack-development-course-fees-in-jaipur/
150,Web Development Course Fees in Jaipur,web-development-course-fees-in-jaipur,https://forskcodingschool.com/assets/images/blog/web-development-course-fees-in-jaipur.webp,web-development-course-fees-in-jaipur.webp,"web-development-course-fees-in-jaipur-roadmap.webp, web-development-course-fees-in-jaipur-learning-path.webp, web-development-course-fees-in-jaipur-practical-project.webp",https://forskcodingschool.com/blog/web-development-course-fees-in-jaipur/
151,Software Development Course Fees in Jaipur,software-development-course-fees-in-jaipur,https://forskcodingschool.com/assets/images/blog/software-development-course-fees-in-jaipur.webp,software-development-course-fees-in-jaipur.webp,"software-development-course-fees-in-jaipur-roadmap.webp, software-development-course-fees-in-jaipur-learning-path.webp, software-development-course-fees-in-jaipur-practical-project.webp",https://forskcodingschool.com/blog/software-development-course-fees-in-jaipur/
152,DSA Course Fees in Jaipur,dsa-course-fees-in-jaipur,https://forskcodingschool.com/assets/images/blog/dsa-course-fees-in-jaipur.webp,dsa-course-fees-in-jaipur.webp,"dsa-course-fees-in-jaipur-roadmap.webp, dsa-course-fees-in-jaipur-learning-path.webp, dsa-course-fees-in-jaipur-practical-project.webp",https://forskcodingschool.com/blog/dsa-course-fees-in-jaipur/
153,PHP Course Fees in Jaipur,php-course-fees-in-jaipur,https://forskcodingschool.com/assets/images/blog/php-course-fees-in-jaipur.webp,php-course-fees-in-jaipur.webp,"php-course-fees-in-jaipur-roadmap.webp, php-course-fees-in-jaipur-learning-path.webp, php-course-fees-in-jaipur-practical-project.webp",https://forskcodingschool.com/blog/php-course-fees-in-jaipur/
154,WordPress Course Fees in Jaipur,wordpress-course-fees-in-jaipur,https://forskcodingschool.com/assets/images/blog/wordpress-course-fees-in-jaipur.webp,wordpress-course-fees-in-jaipur.webp,"wordpress-course-fees-in-jaipur-roadmap.webp, wordpress-course-fees-in-jaipur-learning-path.webp, wordpress-course-fees-in-jaipur-practical-project.webp",https://forskcodingschool.com/blog/wordpress-course-fees-in-jaipur/
155,Laravel Course Fees in Jaipur,laravel-course-fees-in-jaipur,https://forskcodingschool.com/assets/images/blog/laravel-course-fees-in-jaipur.webp,laravel-course-fees-in-jaipur.webp,"laravel-course-fees-in-jaipur-roadmap.webp, laravel-course-fees-in-jaipur-learning-path.webp, laravel-course-fees-in-jaipur-practical-project.webp",https://forskcodingschool.com/blog/laravel-course-fees-in-jaipur/
156,SQL Course Fees in Jaipur,sql-course-fees-in-jaipur,https://forskcodingschool.com/assets/images/blog/sql-course-fees-in-jaipur.webp,sql-course-fees-in-jaipur.webp,"sql-course-fees-in-jaipur-roadmap.webp, sql-course-fees-in-jaipur-learning-path.webp, sql-course-fees-in-jaipur-practical-project.webp",https://forskcodingschool.com/blog/sql-course-fees-in-jaipur/
157,How Much Does a Coding Course Cost in Jaipur?,how-much-does-a-coding-course-cost-in-jaipur,https://forskcodingschool.com/assets/images/blog/how-much-does-a-coding-course-cost-in-jaipur.webp,how-much-does-a-coding-course-cost-in-jaipur.webp,"how-much-does-a-coding-course-cost-in-jaipur-roadmap.webp, how-much-does-a-coding-course-cost-in-jaipur-learning-path.webp, how-much-does-a-coding-course-cost-in-jaipur-practical-project.webp",https://forskcodingschool.com/blog/how-much-does-a-coding-course-cost-in-jaipur/
158,Coding Course Fees in Jaipur: What Factors Affect the Price?,coding-course-fees-in-jaipur-what-factors-affect-the-price,https://forskcodingschool.com/assets/images/blog/coding-course-fees-in-jaipur-what-factors-affect-the-price.webp,coding-course-fees-in-jaipur-what-factors-affect-the-price.webp,"coding-course-fees-in-jaipur-what-factors-affect-the-price-roadmap.webp, coding-course-fees-in-jaipur-what-factors-affect-the-price-learning-path.webp, coding-course-fees-in-jaipur-what-factors-affect-the-price-practical-project.webp",https://forskcodingschool.com/blog/coding-course-fees-in-jaipur-what-factors-affect-the-price/
159,Is a Coding Course Worth the Investment in 2026?,is-a-coding-course-worth-the-investment-in-2026,https://forskcodingschool.com/assets/images/blog/is-a-coding-course-worth-the-investment-in-2026.webp,is-a-coding-course-worth-the-investment-in-2026.webp,"is-a-coding-course-worth-the-investment-in-2026-roadmap.webp, is-a-coding-course-worth-the-investment-in-2026-learning-path.webp, is-a-coding-course-worth-the-investment-in-2026-practical-project.webp",https://forskcodingschool.com/blog/is-a-coding-course-worth-the-investment-in-2026/
160,How to Choose a Coding Course Based on Your Career Goal,how-to-choose-a-coding-course-based-on-your-career-goal,https://forskcodingschool.com/assets/images/blog/how-to-choose-a-coding-course-based-on-your-career-goal.webp,how-to-choose-a-coding-course-based-on-your-career-goal.webp,"how-to-choose-a-coding-course-based-on-your-career-goal-roadmap.webp, how-to-choose-a-coding-course-based-on-your-career-goal-learning-path.webp, how-to-choose-a-coding-course-based-on-your-career-goal-practical-project.webp",https://forskcodingschool.com/blog/how-to-choose-a-coding-course-based-on-your-career-goal/
161,Best Programming Language for BCA Students,best-programming-language-for-bca-students,https://forskcodingschool.com/assets/images/blog/best-programming-language-for-bca-students.webp,best-programming-language-for-bca-students.webp,"best-programming-language-for-bca-students-roadmap.webp, best-programming-language-for-bca-students-learning-path.webp, best-programming-language-for-bca-students-practical-project.webp",https://forskcodingschool.com/blog/best-programming-language-for-bca-students/
162,Best Programming Language for MCA Students,best-programming-language-for-mca-students,https://forskcodingschool.com/assets/images/blog/best-programming-language-for-mca-students.webp,best-programming-language-for-mca-students.webp,"best-programming-language-for-mca-students-roadmap.webp, best-programming-language-for-mca-students-learning-path.webp, best-programming-language-for-mca-students-practical-project.webp",https://forskcodingschool.com/blog/best-programming-language-for-mca-students/
163,Best Programming Language for BTech Students,best-programming-language-for-btech-students,https://forskcodingschool.com/assets/images/blog/best-programming-language-for-btech-students.webp,best-programming-language-for-btech-students.webp,"best-programming-language-for-btech-students-roadmap.webp, best-programming-language-for-btech-students-learning-path.webp, best-programming-language-for-btech-students-practical-project.webp",https://forskcodingschool.com/blog/best-programming-language-for-btech-students/
164,Best Programming Language for Engineering Students,best-programming-language-for-engineering-students,https://forskcodingschool.com/assets/images/blog/best-programming-language-for-engineering-students.webp,best-programming-language-for-engineering-students.webp,"best-programming-language-for-engineering-students-roadmap.webp, best-programming-language-for-engineering-students-learning-path.webp, best-programming-language-for-engineering-students-practical-project.webp",https://forskcodingschool.com/blog/best-programming-language-for-engineering-students/
165,Best Programming Language for Beginners,best-programming-language-for-beginners,https://forskcodingschool.com/assets/images/blog/best-programming-language-for-beginners.webp,best-programming-language-for-beginners.webp,"best-programming-language-for-beginners-roadmap.webp, best-programming-language-for-beginners-learning-path.webp, best-programming-language-for-beginners-practical-project.webp",https://forskcodingschool.com/blog/best-programming-language-for-beginners/
166,Best Programming Language for IT Jobs in 2026,best-programming-language-for-it-jobs-in-2026,https://forskcodingschool.com/assets/images/blog/best-programming-language-for-it-jobs-in-2026.webp,best-programming-language-for-it-jobs-in-2026.webp,"best-programming-language-for-it-jobs-in-2026-roadmap.webp, best-programming-language-for-it-jobs-in-2026-learning-path.webp, best-programming-language-for-it-jobs-in-2026-practical-project.webp",https://forskcodingschool.com/blog/best-programming-language-for-it-jobs-in-2026/
167,Best Programming Language for Web Development,best-programming-language-for-web-development,https://forskcodingschool.com/assets/images/blog/best-programming-language-for-web-development.webp,best-programming-language-for-web-development.webp,"best-programming-language-for-web-development-roadmap.webp, best-programming-language-for-web-development-learning-path.webp, best-programming-language-for-web-development-practical-project.webp",https://forskcodingschool.com/blog/best-programming-language-for-web-development/
168,Best Programming Language for Software Development,best-programming-language-for-software-development,https://forskcodingschool.com/assets/images/blog/best-programming-language-for-software-development.webp,best-programming-language-for-software-development.webp,"best-programming-language-for-software-development-roadmap.webp, best-programming-language-for-software-development-learning-path.webp, best-programming-language-for-software-development-practical-project.webp",https://forskcodingschool.com/blog/best-programming-language-for-software-development/
169,Best Programming Language for Backend Development,best-programming-language-for-backend-development,https://forskcodingschool.com/assets/images/blog/best-programming-language-for-backend-development.webp,best-programming-language-for-backend-development.webp,"best-programming-language-for-backend-development-roadmap.webp, best-programming-language-for-backend-development-learning-path.webp, best-programming-language-for-backend-development-practical-project.webp",https://forskcodingschool.com/blog/best-programming-language-for-backend-development/
170,Best Programming Language for Frontend Development,best-programming-language-for-frontend-development,https://forskcodingschool.com/assets/images/blog/best-programming-language-for-frontend-development.webp,best-programming-language-for-frontend-development.webp,"best-programming-language-for-frontend-development-roadmap.webp, best-programming-language-for-frontend-development-learning-path.webp, best-programming-language-for-frontend-development-practical-project.webp",https://forskcodingschool.com/blog/best-programming-language-for-frontend-development/
171,Best Coding Skills to Learn in 2026,best-coding-skills-to-learn-in-2026,https://forskcodingschool.com/assets/images/blog/best-coding-skills-to-learn-in-2026.webp,best-coding-skills-to-learn-in-2026.webp,"best-coding-skills-to-learn-in-2026-roadmap.webp, best-coding-skills-to-learn-in-2026-learning-path.webp, best-coding-skills-to-learn-in-2026-practical-project.webp",https://forskcodingschool.com/blog/best-coding-skills-to-learn-in-2026/
172,Most In-Demand Programming Skills in 2026,most-in-demand-programming-skills-in-2026,https://forskcodingschool.com/assets/images/blog/most-in-demand-programming-skills-in-2026.webp,most-in-demand-programming-skills-in-2026.webp,"most-in-demand-programming-skills-in-2026-roadmap.webp, most-in-demand-programming-skills-in-2026-learning-path.webp, most-in-demand-programming-skills-in-2026-practical-project.webp",https://forskcodingschool.com/blog/most-in-demand-programming-skills-in-2026/
173,Top IT Skills Students Should Learn in 2026,top-it-skills-students-should-learn-in-2026,https://forskcodingschool.com/assets/images/blog/top-it-skills-students-should-learn-in-2026.webp,top-it-skills-students-should-learn-in-2026.webp,"top-it-skills-students-should-learn-in-2026-roadmap.webp, top-it-skills-students-should-learn-in-2026-learning-path.webp, top-it-skills-students-should-learn-in-2026-practical-project.webp",https://forskcodingschool.com/blog/top-it-skills-students-should-learn-in-2026/
174,Top Software Development Skills Employers Look For,top-software-development-skills-employers-look-for,https://forskcodingschool.com/assets/images/blog/top-software-development-skills-employers-look-for.webp,top-software-development-skills-employers-look-for.webp,"top-software-development-skills-employers-look-for-roadmap.webp, top-software-development-skills-employers-look-for-learning-path.webp, top-software-development-skills-employers-look-for-practical-project.webp",https://forskcodingschool.com/blog/top-software-development-skills-employers-look-for/
175,Top Technical Skills for Freshers in 2026,top-technical-skills-for-freshers-in-2026,https://forskcodingschool.com/assets/images/blog/top-technical-skills-for-freshers-in-2026.webp,top-technical-skills-for-freshers-in-2026.webp,"top-technical-skills-for-freshers-in-2026-roadmap.webp, top-technical-skills-for-freshers-in-2026-learning-path.webp, top-technical-skills-for-freshers-in-2026-practical-project.webp",https://forskcodingschool.com/blog/top-technical-skills-for-freshers-in-2026/
176,Coding Skills That Can Help You Get Your First IT Job,coding-skills-that-can-help-you-get-your-first-it-job,https://forskcodingschool.com/assets/images/blog/coding-skills-that-can-help-you-get-your-first-it-job.webp,coding-skills-that-can-help-you-get-your-first-it-job.webp,"coding-skills-that-can-help-you-get-your-first-it-job-roadmap.webp, coding-skills-that-can-help-you-get-your-first-it-job-learning-path.webp, coding-skills-that-can-help-you-get-your-first-it-job-practical-project.webp",https://forskcodingschool.com/blog/coding-skills-that-can-help-you-get-your-first-it-job/
177,What Skills Do Companies Look for in Freshers?,what-skills-do-companies-look-for-in-freshers,https://forskcodingschool.com/assets/images/blog/what-skills-do-companies-look-for-in-freshers.webp,what-skills-do-companies-look-for-in-freshers.webp,"what-skills-do-companies-look-for-in-freshers-roadmap.webp, what-skills-do-companies-look-for-in-freshers-learning-path.webp, what-skills-do-companies-look-for-in-freshers-practical-project.webp",https://forskcodingschool.com/blog/what-skills-do-companies-look-for-in-freshers/
178,How to Become Job-Ready as a Fresher Developer,how-to-become-job-ready-as-a-fresher-developer,https://forskcodingschool.com/assets/images/blog/how-to-become-job-ready-as-a-fresher-developer.webp,how-to-become-job-ready-as-a-fresher-developer.webp,"how-to-become-job-ready-as-a-fresher-developer-roadmap.webp, how-to-become-job-ready-as-a-fresher-developer-learning-path.webp, how-to-become-job-ready-as-a-fresher-developer-practical-project.webp",https://forskcodingschool.com/blog/how-to-become-job-ready-as-a-fresher-developer/
179,How to Build a Strong Developer Portfolio as a Fresher,how-to-build-a-strong-developer-portfolio-as-a-fresher,https://forskcodingschool.com/assets/images/blog/how-to-build-a-strong-developer-portfolio-as-a-fresher.webp,how-to-build-a-strong-developer-portfolio-as-a-fresher.webp,"how-to-build-a-strong-developer-portfolio-as-a-fresher-roadmap.webp, how-to-build-a-strong-developer-portfolio-as-a-fresher-learning-path.webp, how-to-build-a-strong-developer-portfolio-as-a-fresher-practical-project.webp",https://forskcodingschool.com/blog/how-to-build-a-strong-developer-portfolio-as-a-fresher/
180,How to Create a Coding Resume Without Experience,how-to-create-a-coding-resume-without-experience,https://forskcodingschool.com/assets/images/blog/how-to-create-a-coding-resume-without-experience.webp,how-to-create-a-coding-resume-without-experience.webp,"how-to-create-a-coding-resume-without-experience-roadmap.webp, how-to-create-a-coding-resume-without-experience-learning-path.webp, how-to-create-a-coding-resume-without-experience-practical-project.webp",https://forskcodingschool.com/blog/how-to-create-a-coding-resume-without-experience/
181,Best Coding Projects for Freshers,best-coding-projects-for-freshers,https://forskcodingschool.com/assets/images/blog/best-coding-projects-for-freshers.webp,best-coding-projects-for-freshers.webp,"best-coding-projects-for-freshers-roadmap.webp, best-coding-projects-for-freshers-learning-path.webp, best-coding-projects-for-freshers-practical-project.webp",https://forskcodingschool.com/blog/best-coding-projects-for-freshers/
182,Best Java Projects for Students,best-java-projects-for-students,https://forskcodingschool.com/assets/images/blog/best-java-projects-for-students.webp,best-java-projects-for-students.webp,"best-java-projects-for-students-roadmap.webp, best-java-projects-for-students-learning-path.webp, best-java-projects-for-students-practical-project.webp",https://forskcodingschool.com/blog/best-java-projects-for-students/
183,Best Python Projects for Students,best-python-projects-for-students,https://forskcodingschool.com/assets/images/blog/best-python-projects-for-students.webp,best-python-projects-for-students.webp,"best-python-projects-for-students-roadmap.webp, best-python-projects-for-students-learning-path.webp, best-python-projects-for-students-practical-project.webp",https://forskcodingschool.com/blog/best-python-projects-for-students/
184,Best C++ Projects for Beginners,best-cpp-projects-for-beginners,https://forskcodingschool.com/assets/images/blog/best-cpp-projects-for-beginners.webp,best-cpp-projects-for-beginners.webp,"best-cpp-projects-for-beginners-roadmap.webp, best-cpp-projects-for-beginners-learning-path.webp, best-cpp-projects-for-beginners-practical-project.webp",https://forskcodingschool.com/blog/best-cpp-projects-for-beginners/
185,Best JavaScript Projects for Beginners,best-javascript-projects-for-beginners,https://forskcodingschool.com/assets/images/blog/best-javascript-projects-for-beginners.webp,best-javascript-projects-for-beginners.webp,"best-javascript-projects-for-beginners-roadmap.webp, best-javascript-projects-for-beginners-learning-path.webp, best-javascript-projects-for-beginners-practical-project.webp",https://forskcodingschool.com/blog/best-javascript-projects-for-beginners/
186,Best React Projects for Your Developer Portfolio,best-react-projects-for-your-developer-portfolio,https://forskcodingschool.com/assets/images/blog/best-react-projects-for-your-developer-portfolio.webp,best-react-projects-for-your-developer-portfolio.webp,"best-react-projects-for-your-developer-portfolio-roadmap.webp, best-react-projects-for-your-developer-portfolio-learning-path.webp, best-react-projects-for-your-developer-portfolio-practical-project.webp",https://forskcodingschool.com/blog/best-react-projects-for-your-developer-portfolio/
187,Best MERN Stack Projects for Final-Year Students,best-mern-stack-projects-for-final-year-students,https://forskcodingschool.com/assets/images/blog/best-mern-stack-projects-for-final-year-students.webp,best-mern-stack-projects-for-final-year-students.webp,"best-mern-stack-projects-for-final-year-students-roadmap.webp, best-mern-stack-projects-for-final-year-students-learning-path.webp, best-mern-stack-projects-for-final-year-students-practical-project.webp",https://forskcodingschool.com/blog/best-mern-stack-projects-for-final-year-students/
188,Best Full Stack Projects for Your Resume,best-full-stack-projects-for-your-resume,https://forskcodingschool.com/assets/images/blog/best-full-stack-projects-for-your-resume.webp,best-full-stack-projects-for-your-resume.webp,"best-full-stack-projects-for-your-resume-roadmap.webp, best-full-stack-projects-for-your-resume-learning-path.webp, best-full-stack-projects-for-your-resume-practical-project.webp",https://forskcodingschool.com/blog/best-full-stack-projects-for-your-resume/
189,Best Web Development Projects for Students,best-web-development-projects-for-students,https://forskcodingschool.com/assets/images/blog/best-web-development-projects-for-students.webp,best-web-development-projects-for-students.webp,"best-web-development-projects-for-students-roadmap.webp, best-web-development-projects-for-students-learning-path.webp, best-web-development-projects-for-students-practical-project.webp",https://forskcodingschool.com/blog/best-web-development-projects-for-students/
190,How to Build Your First Full Stack Project,how-to-build-your-first-full-stack-project,https://forskcodingschool.com/assets/images/blog/how-to-build-your-first-full-stack-project.webp,how-to-build-your-first-full-stack-project.webp,"how-to-build-your-first-full-stack-project-roadmap.webp, how-to-build-your-first-full-stack-project-learning-path.webp, how-to-build-your-first-full-stack-project-practical-project.webp",https://forskcodingschool.com/blog/how-to-build-your-first-full-stack-project/
191,Coding Interview Preparation Guide for Freshers,coding-interview-preparation-guide-for-freshers,https://forskcodingschool.com/assets/images/blog/coding-interview-preparation-guide-for-freshers.webp,coding-interview-preparation-guide-for-freshers.webp,"coding-interview-preparation-guide-for-freshers-roadmap.webp, coding-interview-preparation-guide-for-freshers-learning-path.webp, coding-interview-preparation-guide-for-freshers-practical-project.webp",https://forskcodingschool.com/blog/coding-interview-preparation-guide-for-freshers/
192,How to Prepare for Software Developer Interviews,how-to-prepare-for-software-developer-interviews,https://forskcodingschool.com/assets/images/blog/how-to-prepare-for-software-developer-interviews.webp,how-to-prepare-for-software-developer-interviews.webp,"how-to-prepare-for-software-developer-interviews-roadmap.webp, how-to-prepare-for-software-developer-interviews-learning-path.webp, how-to-prepare-for-software-developer-interviews-practical-project.webp",https://forskcodingschool.com/blog/how-to-prepare-for-software-developer-interviews/
193,Best DSA Topics for Coding Interviews,best-dsa-topics-for-coding-interviews,https://forskcodingschool.com/assets/images/blog/best-dsa-topics-for-coding-interviews.webp,best-dsa-topics-for-coding-interviews.webp,"best-dsa-topics-for-coding-interviews-roadmap.webp, best-dsa-topics-for-coding-interviews-learning-path.webp, best-dsa-topics-for-coding-interviews-practical-project.webp",https://forskcodingschool.com/blog/best-dsa-topics-for-coding-interviews/
194,Top Coding Interview Questions for Freshers,top-coding-interview-questions-for-freshers,https://forskcodingschool.com/assets/images/blog/top-coding-interview-questions-for-freshers.webp,top-coding-interview-questions-for-freshers.webp,"top-coding-interview-questions-for-freshers-roadmap.webp, top-coding-interview-questions-for-freshers-learning-path.webp, top-coding-interview-questions-for-freshers-practical-project.webp",https://forskcodingschool.com/blog/top-coding-interview-questions-for-freshers/
195,Java Coding Interview Questions for Beginners,java-coding-interview-questions-for-beginners,https://forskcodingschool.com/assets/images/blog/java-coding-interview-questions-for-beginners.webp,java-coding-interview-questions-for-beginners.webp,"java-coding-interview-questions-for-beginners-roadmap.webp, java-coding-interview-questions-for-beginners-learning-path.webp, java-coding-interview-questions-for-beginners-practical-project.webp",https://forskcodingschool.com/blog/java-coding-interview-questions-for-beginners/
196,Python Coding Interview Questions for Freshers,python-coding-interview-questions-for-freshers,https://forskcodingschool.com/assets/images/blog/python-coding-interview-questions-for-freshers.webp,python-coding-interview-questions-for-freshers.webp,"python-coding-interview-questions-for-freshers-roadmap.webp, python-coding-interview-questions-for-freshers-learning-path.webp, python-coding-interview-questions-for-freshers-practical-project.webp",https://forskcodingschool.com/blog/python-coding-interview-questions-for-freshers/
197,C++ Coding Interview Questions for Freshers,cpp-coding-interview-questions-for-freshers,https://forskcodingschool.com/assets/images/blog/cpp-coding-interview-questions-for-freshers.webp,cpp-coding-interview-questions-for-freshers.webp,"cpp-coding-interview-questions-for-freshers-roadmap.webp, cpp-coding-interview-questions-for-freshers-learning-path.webp, cpp-coding-interview-questions-for-freshers-practical-project.webp",https://forskcodingschool.com/blog/cpp-coding-interview-questions-for-freshers/
198,JavaScript Coding Interview Questions for Freshers,javascript-coding-interview-questions-for-freshers,https://forskcodingschool.com/assets/images/blog/javascript-coding-interview-questions-for-freshers.webp,javascript-coding-interview-questions-for-freshers.webp,"javascript-coding-interview-questions-for-freshers-roadmap.webp, javascript-coding-interview-questions-for-freshers-learning-path.webp, javascript-coding-interview-questions-for-freshers-practical-project.webp",https://forskcodingschool.com/blog/javascript-coding-interview-questions-for-freshers/
199,How to Prepare for Coding Interviews in 2026,how-to-prepare-for-coding-interviews-in-2026,https://forskcodingschool.com/assets/images/blog/how-to-prepare-for-coding-interviews-in-2026.webp,how-to-prepare-for-coding-interviews-in-2026.webp,"how-to-prepare-for-coding-interviews-in-2026-roadmap.webp, how-to-prepare-for-coding-interviews-in-2026-learning-path.webp, how-to-prepare-for-coding-interviews-in-2026-practical-project.webp",https://forskcodingschool.com/blog/how-to-prepare-for-coding-interviews-in-2026/
200,Complete Coding Interview Roadmap for Freshers,complete-coding-interview-roadmap-for-freshers,https://forskcodingschool.com/assets/images/blog/complete-coding-interview-roadmap-for-freshers.webp,complete-coding-interview-roadmap-for-freshers.webp,"complete-coding-interview-roadmap-for-freshers-roadmap.webp, complete-coding-interview-roadmap-for-freshers-learning-path.webp, complete-coding-interview-roadmap-for-freshers-practical-project.webp",https://forskcodingschool.com/blog/complete-coding-interview-roadmap-for-freshers/
201,What Is Programming? A Beginner-Friendly Guide,what-is-programming-a-beginner-friendly-guide,https://forskcodingschool.com/assets/images/blog/what-is-programming-a-beginner-friendly-guide.webp,what-is-programming-a-beginner-friendly-guide.webp,"what-is-programming-a-beginner-friendly-guide-roadmap.webp, what-is-programming-a-beginner-friendly-guide-learning-path.webp, what-is-programming-a-beginner-friendly-guide-practical-project.webp",https://forskcodingschool.com/blog/what-is-programming-a-beginner-friendly-guide/
202,What Is Coding? Complete Beginner Guide,what-is-coding-complete-beginner-guide,https://forskcodingschool.com/assets/images/blog/what-is-coding-complete-beginner-guide.webp,what-is-coding-complete-beginner-guide.webp,"what-is-coding-complete-beginner-guide-roadmap.webp, what-is-coding-complete-beginner-guide-learning-path.webp, what-is-coding-complete-beginner-guide-practical-project.webp",https://forskcodingschool.com/blog/what-is-coding-complete-beginner-guide/
203,Coding vs Programming: What Is the Difference?,coding-vs-programming-what-is-the-difference,https://forskcodingschool.com/assets/images/blog/coding-vs-programming-what-is-the-difference.webp,coding-vs-programming-what-is-the-difference.webp,"coding-vs-programming-what-is-the-difference-roadmap.webp, coding-vs-programming-what-is-the-difference-learning-path.webp, coding-vs-programming-what-is-the-difference-practical-project.webp",https://forskcodingschool.com/blog/coding-vs-programming-what-is-the-difference/
204,Why Should Students Learn Programming?,why-should-students-learn-programming,https://forskcodingschool.com/assets/images/blog/why-should-students-learn-programming.webp,why-should-students-learn-programming.webp,"why-should-students-learn-programming-roadmap.webp, why-should-students-learn-programming-learning-path.webp, why-should-students-learn-programming-practical-project.webp",https://forskcodingschool.com/blog/why-should-students-learn-programming/
205,How Does Programming Work?,how-does-programming-work,https://forskcodingschool.com/assets/images/blog/how-does-programming-work.webp,how-does-programming-work.webp,"how-does-programming-work-roadmap.webp, how-does-programming-work-learning-path.webp, how-does-programming-work-practical-project.webp",https://forskcodingschool.com/blog/how-does-programming-work/
206,How to Start Coding from Scratch,how-to-start-coding-from-scratch,https://forskcodingschool.com/assets/images/blog/how-to-start-coding-from-scratch.webp,how-to-start-coding-from-scratch.webp,"how-to-start-coding-from-scratch-roadmap.webp, how-to-start-coding-from-scratch-learning-path.webp, how-to-start-coding-from-scratch-practical-project.webp",https://forskcodingschool.com/blog/how-to-start-coding-from-scratch/
207,How to Learn Coding as a Complete Beginner,how-to-learn-coding-as-a-complete-beginner,https://forskcodingschool.com/assets/images/blog/how-to-learn-coding-as-a-complete-beginner.webp,how-to-learn-coding-as-a-complete-beginner.webp,"how-to-learn-coding-as-a-complete-beginner-roadmap.webp, how-to-learn-coding-as-a-complete-beginner-learning-path.webp, how-to-learn-coding-as-a-complete-beginner-practical-project.webp",https://forskcodingschool.com/blog/how-to-learn-coding-as-a-complete-beginner/
208,How to Practice Programming Effectively,how-to-practice-programming-effectively,https://forskcodingschool.com/assets/images/blog/how-to-practice-programming-effectively.webp,how-to-practice-programming-effectively.webp,"how-to-practice-programming-effectively-roadmap.webp, how-to-practice-programming-effectively-learning-path.webp, how-to-practice-programming-effectively-practical-project.webp",https://forskcodingschool.com/blog/how-to-practice-programming-effectively/
209,How Many Hours Should You Code Every Day?,how-many-hours-should-you-code-every-day,https://forskcodingschool.com/assets/images/blog/how-many-hours-should-you-code-every-day.webp,how-many-hours-should-you-code-every-day.webp,"how-many-hours-should-you-code-every-day-roadmap.webp, how-many-hours-should-you-code-every-day-learning-path.webp, how-many-hours-should-you-code-every-day-practical-project.webp",https://forskcodingschool.com/blog/how-many-hours-should-you-code-every-day/
210,Common Mistakes Beginners Make While Learning Coding,common-mistakes-beginners-make-while-learning-coding,https://forskcodingschool.com/assets/images/blog/common-mistakes-beginners-make-while-learning-coding.webp,common-mistakes-beginners-make-while-learning-coding.webp,"common-mistakes-beginners-make-while-learning-coding-roadmap.webp, common-mistakes-beginners-make-while-learning-coding-learning-path.webp, common-mistakes-beginners-make-while-learning-coding-practical-project.webp",https://forskcodingschool.com/blog/common-mistakes-beginners-make-while-learning-coding/
211,How to Stop Feeling Stuck While Learning Programming,how-to-stop-feeling-stuck-while-learning-programming,https://forskcodingschool.com/assets/images/blog/how-to-stop-feeling-stuck-while-learning-programming.webp,how-to-stop-feeling-stuck-while-learning-programming.webp,"how-to-stop-feeling-stuck-while-learning-programming-roadmap.webp, how-to-stop-feeling-stuck-while-learning-programming-learning-path.webp, how-to-stop-feeling-stuck-while-learning-programming-practical-project.webp",https://forskcodingschool.com/blog/how-to-stop-feeling-stuck-while-learning-programming/
212,How to Improve Your Problem-Solving Skills for Coding,how-to-improve-your-problem-solving-skills-for-coding,https://forskcodingschool.com/assets/images/blog/how-to-improve-your-problem-solving-skills-for-coding.webp,how-to-improve-your-problem-solving-skills-for-coding.webp,"how-to-improve-your-problem-solving-skills-for-coding-roadmap.webp, how-to-improve-your-problem-solving-skills-for-coding-learning-path.webp, how-to-improve-your-problem-solving-skills-for-coding-practical-project.webp",https://forskcodingschool.com/blog/how-to-improve-your-problem-solving-skills-for-coding/
213,How to Develop Logical Thinking Through Programming,how-to-develop-logical-thinking-through-programming,https://forskcodingschool.com/assets/images/blog/how-to-develop-logical-thinking-through-programming.webp,how-to-develop-logical-thinking-through-programming.webp,"how-to-develop-logical-thinking-through-programming-roadmap.webp, how-to-develop-logical-thinking-through-programming-learning-path.webp, how-to-develop-logical-thinking-through-programming-practical-project.webp",https://forskcodingschool.com/blog/how-to-develop-logical-thinking-through-programming/
214,Why Problem Solving Is Important for Programmers,why-problem-solving-is-important-for-programmers,https://forskcodingschool.com/assets/images/blog/why-problem-solving-is-important-for-programmers.webp,why-problem-solving-is-important-for-programmers.webp,"why-problem-solving-is-important-for-programmers-roadmap.webp, why-problem-solving-is-important-for-programmers-learning-path.webp, why-problem-solving-is-important-for-programmers-practical-project.webp",https://forskcodingschool.com/blog/why-problem-solving-is-important-for-programmers/
215,Programming Practice Tips for Beginners,programming-practice-tips-for-beginners,https://forskcodingschool.com/assets/images/blog/programming-practice-tips-for-beginners.webp,programming-practice-tips-for-beginners.webp,"programming-practice-tips-for-beginners-roadmap.webp, programming-practice-tips-for-beginners-learning-path.webp, programming-practice-tips-for-beginners-practical-project.webp",https://forskcodingschool.com/blog/programming-practice-tips-for-beginners/
216,Best Websites and Resources to Practice Coding,best-websites-and-resources-to-practice-coding,https://forskcodingschool.com/assets/images/blog/best-websites-and-resources-to-practice-coding.webp,best-websites-and-resources-to-practice-coding.webp,"best-websites-and-resources-to-practice-coding-roadmap.webp, best-websites-and-resources-to-practice-coding-learning-path.webp, best-websites-and-resources-to-practice-coding-practical-project.webp",https://forskcodingschool.com/blog/best-websites-and-resources-to-practice-coding/
217,How to Learn Programming Without Memorizing Code,how-to-learn-programming-without-memorizing-code,https://forskcodingschool.com/assets/images/blog/how-to-learn-programming-without-memorizing-code.webp,how-to-learn-programming-without-memorizing-code.webp,"how-to-learn-programming-without-memorizing-code-roadmap.webp, how-to-learn-programming-without-memorizing-code-learning-path.webp, how-to-learn-programming-without-memorizing-code-practical-project.webp",https://forskcodingschool.com/blog/how-to-learn-programming-without-memorizing-code/
218,How to Read and Understand Someone Else’s Code,how-to-read-and-understand-someone-elses-code,https://forskcodingschool.com/assets/images/blog/how-to-read-and-understand-someone-elses-code.webp,how-to-read-and-understand-someone-elses-code.webp,"how-to-read-and-understand-someone-elses-code-roadmap.webp, how-to-read-and-understand-someone-elses-code-learning-path.webp, how-to-read-and-understand-someone-elses-code-practical-project.webp",https://forskcodingschool.com/blog/how-to-read-and-understand-someone-elses-code/
219,How to Debug Code Like a Professional Developer,how-to-debug-code-like-a-professional-developer,https://forskcodingschool.com/assets/images/blog/how-to-debug-code-like-a-professional-developer.webp,how-to-debug-code-like-a-professional-developer.webp,"how-to-debug-code-like-a-professional-developer-roadmap.webp, how-to-debug-code-like-a-professional-developer-learning-path.webp, how-to-debug-code-like-a-professional-developer-practical-project.webp",https://forskcodingschool.com/blog/how-to-debug-code-like-a-professional-developer/
220,Beginner Coding Roadmap: From Zero to Job Ready,beginner-coding-roadmap-from-zero-to-job-ready,https://forskcodingschool.com/assets/images/blog/beginner-coding-roadmap-from-zero-to-job-ready.webp,beginner-coding-roadmap-from-zero-to-job-ready.webp,"beginner-coding-roadmap-from-zero-to-job-ready-roadmap.webp, beginner-coding-roadmap-from-zero-to-job-ready-learning-path.webp, beginner-coding-roadmap-from-zero-to-job-ready-practical-project.webp",https://forskcodingschool.com/blog/beginner-coding-roadmap-from-zero-to-job-ready/
221,Java Programming for Beginners: Complete Roadmap,java-programming-for-beginners-complete-roadmap,https://forskcodingschool.com/assets/images/blog/java-programming-for-beginners-complete-roadmap.webp,java-programming-for-beginners-complete-roadmap.webp,"java-programming-for-beginners-complete-roadmap-roadmap.webp, java-programming-for-beginners-complete-roadmap-learning-path.webp, java-programming-for-beginners-complete-roadmap-practical-project.webp",https://forskcodingschool.com/blog/java-programming-for-beginners-complete-roadmap/
222,Core Java vs Advanced Java: What Is the Difference?,core-java-vs-advanced-java-what-is-the-difference,https://forskcodingschool.com/assets/images/blog/core-java-vs-advanced-java-what-is-the-difference.webp,core-java-vs-advanced-java-what-is-the-difference.webp,"core-java-vs-advanced-java-what-is-the-difference-roadmap.webp, core-java-vs-advanced-java-what-is-the-difference-learning-path.webp, core-java-vs-advanced-java-what-is-the-difference-practical-project.webp",https://forskcodingschool.com/blog/core-java-vs-advanced-java-what-is-the-difference/
223,Why Java Is Still Important for Software Developers,why-java-is-still-important-for-software-developers,https://forskcodingschool.com/assets/images/blog/why-java-is-still-important-for-software-developers.webp,why-java-is-still-important-for-software-developers.webp,"why-java-is-still-important-for-software-developers-roadmap.webp, why-java-is-still-important-for-software-developers-learning-path.webp, why-java-is-still-important-for-software-developers-practical-project.webp",https://forskcodingschool.com/blog/why-java-is-still-important-for-software-developers/
224,Java Programming Features Every Beginner Should Know,java-programming-features-every-beginner-should-know,https://forskcodingschool.com/assets/images/blog/java-programming-features-every-beginner-should-know.webp,java-programming-features-every-beginner-should-know.webp,"java-programming-features-every-beginner-should-know-roadmap.webp, java-programming-features-every-beginner-should-know-learning-path.webp, java-programming-features-every-beginner-should-know-practical-project.webp",https://forskcodingschool.com/blog/java-programming-features-every-beginner-should-know/
225,Object-Oriented Programming in Java Explained,object-oriented-programming-in-java-explained,https://forskcodingschool.com/assets/images/blog/object-oriented-programming-in-java-explained.webp,object-oriented-programming-in-java-explained.webp,"object-oriented-programming-in-java-explained-roadmap.webp, object-oriented-programming-in-java-explained-learning-path.webp, object-oriented-programming-in-java-explained-practical-project.webp",https://forskcodingschool.com/blog/object-oriented-programming-in-java-explained/
226,Java Classes and Objects Explained for Beginners,java-classes-and-objects-explained-for-beginners,https://forskcodingschool.com/assets/images/blog/java-classes-and-objects-explained-for-beginners.webp,java-classes-and-objects-explained-for-beginners.webp,"java-classes-and-objects-explained-for-beginners-roadmap.webp, java-classes-and-objects-explained-for-beginners-learning-path.webp, java-classes-and-objects-explained-for-beginners-practical-project.webp",https://forskcodingschool.com/blog/java-classes-and-objects-explained-for-beginners/
227,Inheritance in Java Explained Simply,inheritance-in-java-explained-simply,https://forskcodingschool.com/assets/images/blog/inheritance-in-java-explained-simply.webp,inheritance-in-java-explained-simply.webp,"inheritance-in-java-explained-simply-roadmap.webp, inheritance-in-java-explained-simply-learning-path.webp, inheritance-in-java-explained-simply-practical-project.webp",https://forskcodingschool.com/blog/inheritance-in-java-explained-simply/
228,Polymorphism in Java: Complete Beginner Guide,polymorphism-in-java-complete-beginner-guide,https://forskcodingschool.com/assets/images/blog/polymorphism-in-java-complete-beginner-guide.webp,polymorphism-in-java-complete-beginner-guide.webp,"polymorphism-in-java-complete-beginner-guide-roadmap.webp, polymorphism-in-java-complete-beginner-guide-learning-path.webp, polymorphism-in-java-complete-beginner-guide-practical-project.webp",https://forskcodingschool.com/blog/polymorphism-in-java-complete-beginner-guide/
229,Encapsulation in Java Explained,encapsulation-in-java-explained,https://forskcodingschool.com/assets/images/blog/encapsulation-in-java-explained.webp,encapsulation-in-java-explained.webp,"encapsulation-in-java-explained-roadmap.webp, encapsulation-in-java-explained-learning-path.webp, encapsulation-in-java-explained-practical-project.webp",https://forskcodingschool.com/blog/encapsulation-in-java-explained/
230,Abstraction in Java Explained with Examples,abstraction-in-java-explained-with-examples,https://forskcodingschool.com/assets/images/blog/abstraction-in-java-explained-with-examples.webp,abstraction-in-java-explained-with-examples.webp,"abstraction-in-java-explained-with-examples-roadmap.webp, abstraction-in-java-explained-with-examples-learning-path.webp, abstraction-in-java-explained-with-examples-practical-project.webp",https://forskcodingschool.com/blog/abstraction-in-java-explained-with-examples/
231,Java Exception Handling: Complete Beginner Guide,java-exception-handling-complete-beginner-guide,https://forskcodingschool.com/assets/images/blog/java-exception-handling-complete-beginner-guide.webp,java-exception-handling-complete-beginner-guide.webp,"java-exception-handling-complete-beginner-guide-roadmap.webp, java-exception-handling-complete-beginner-guide-learning-path.webp, java-exception-handling-complete-beginner-guide-practical-project.webp",https://forskcodingschool.com/blog/java-exception-handling-complete-beginner-guide/
232,Java Collections Framework Explained,java-collections-framework-explained,https://forskcodingschool.com/assets/images/blog/java-collections-framework-explained.webp,java-collections-framework-explained.webp,"java-collections-framework-explained-roadmap.webp, java-collections-framework-explained-learning-path.webp, java-collections-framework-explained-practical-project.webp",https://forskcodingschool.com/blog/java-collections-framework-explained/
233,Java ArrayList vs LinkedList: Key Differences,java-arraylist-vs-linkedlist-key-differences,https://forskcodingschool.com/assets/images/blog/java-arraylist-vs-linkedlist-key-differences.webp,java-arraylist-vs-linkedlist-key-differences.webp,"java-arraylist-vs-linkedlist-key-differences-roadmap.webp, java-arraylist-vs-linkedlist-key-differences-learning-path.webp, java-arraylist-vs-linkedlist-key-differences-practical-project.webp",https://forskcodingschool.com/blog/java-arraylist-vs-linkedlist-key-differences/
234,Java HashMap Explained for Beginners,java-hashmap-explained-for-beginners,https://forskcodingschool.com/assets/images/blog/java-hashmap-explained-for-beginners.webp,java-hashmap-explained-for-beginners.webp,"java-hashmap-explained-for-beginners-roadmap.webp, java-hashmap-explained-for-beginners-learning-path.webp, java-hashmap-explained-for-beginners-practical-project.webp",https://forskcodingschool.com/blog/java-hashmap-explained-for-beginners/
235,Java Multithreading: Beginner-Friendly Guide,java-multithreading-beginner-friendly-guide,https://forskcodingschool.com/assets/images/blog/java-multithreading-beginner-friendly-guide.webp,java-multithreading-beginner-friendly-guide.webp,"java-multithreading-beginner-friendly-guide-roadmap.webp, java-multithreading-beginner-friendly-guide-learning-path.webp, java-multithreading-beginner-friendly-guide-practical-project.webp",https://forskcodingschool.com/blog/java-multithreading-beginner-friendly-guide/
236,Java JDBC Explained: How Java Connects to Databases,java-jdbc-explained-how-java-connects-to-databases,https://forskcodingschool.com/assets/images/blog/java-jdbc-explained-how-java-connects-to-databases.webp,java-jdbc-explained-how-java-connects-to-databases.webp,"java-jdbc-explained-how-java-connects-to-databases-roadmap.webp, java-jdbc-explained-how-java-connects-to-databases-learning-path.webp, java-jdbc-explained-how-java-connects-to-databases-practical-project.webp",https://forskcodingschool.com/blog/java-jdbc-explained-how-java-connects-to-databases/
237,Java Streams Explained for Beginners,java-streams-explained-for-beginners,https://forskcodingschool.com/assets/images/blog/java-streams-explained-for-beginners.webp,java-streams-explained-for-beginners.webp,"java-streams-explained-for-beginners-roadmap.webp, java-streams-explained-for-beginners-learning-path.webp, java-streams-explained-for-beginners-practical-project.webp",https://forskcodingschool.com/blog/java-streams-explained-for-beginners/
238,Java Lambda Expressions Explained,java-lambda-expressions-explained,https://forskcodingschool.com/assets/images/blog/java-lambda-expressions-explained.webp,java-lambda-expressions-explained.webp,"java-lambda-expressions-explained-roadmap.webp, java-lambda-expressions-explained-learning-path.webp, java-lambda-expressions-explained-practical-project.webp",https://forskcodingschool.com/blog/java-lambda-expressions-explained/
239,Best Java Projects for Beginners,best-java-projects-for-beginners,https://forskcodingschool.com/assets/images/blog/best-java-projects-for-beginners.webp,best-java-projects-for-beginners.webp,"best-java-projects-for-beginners-roadmap.webp, best-java-projects-for-beginners-learning-path.webp, best-java-projects-for-beginners-practical-project.webp",https://forskcodingschool.com/blog/best-java-projects-for-beginners/
240,Java Project Ideas for Final-Year Students,java-project-ideas-for-final-year-students,https://forskcodingschool.com/assets/images/blog/java-project-ideas-for-final-year-students.webp,java-project-ideas-for-final-year-students.webp,"java-project-ideas-for-final-year-students-roadmap.webp, java-project-ideas-for-final-year-students-learning-path.webp, java-project-ideas-for-final-year-students-practical-project.webp",https://forskcodingschool.com/blog/java-project-ideas-for-final-year-students/
241,Python Programming for Beginners: Complete Roadmap,python-programming-for-beginners-complete-roadmap,https://forskcodingschool.com/assets/images/blog/python-programming-for-beginners-complete-roadmap.webp,python-programming-for-beginners-complete-roadmap.webp,"python-programming-for-beginners-complete-roadmap-roadmap.webp, python-programming-for-beginners-complete-roadmap-learning-path.webp, python-programming-for-beginners-complete-roadmap-practical-project.webp",https://forskcodingschool.com/blog/python-programming-for-beginners-complete-roadmap/
242,Why Python Is One of the Best Languages for Beginners,why-python-is-one-of-the-best-languages-for-beginners,https://forskcodingschool.com/assets/images/blog/why-python-is-one-of-the-best-languages-for-beginners.webp,why-python-is-one-of-the-best-languages-for-beginners.webp,"why-python-is-one-of-the-best-languages-for-beginners-roadmap.webp, why-python-is-one-of-the-best-languages-for-beginners-learning-path.webp, why-python-is-one-of-the-best-languages-for-beginners-practical-project.webp",https://forskcodingschool.com/blog/why-python-is-one-of-the-best-languages-for-beginners/
243,Python Variables and Data Types Explained,python-variables-and-data-types-explained,https://forskcodingschool.com/assets/images/blog/python-variables-and-data-types-explained.webp,python-variables-and-data-types-explained.webp,"python-variables-and-data-types-explained-roadmap.webp, python-variables-and-data-types-explained-learning-path.webp, python-variables-and-data-types-explained-practical-project.webp",https://forskcodingschool.com/blog/python-variables-and-data-types-explained/
244,Python Functions Explained for Beginners,python-functions-explained-for-beginners,https://forskcodingschool.com/assets/images/blog/python-functions-explained-for-beginners.webp,python-functions-explained-for-beginners.webp,"python-functions-explained-for-beginners-roadmap.webp, python-functions-explained-for-beginners-learning-path.webp, python-functions-explained-for-beginners-practical-project.webp",https://forskcodingschool.com/blog/python-functions-explained-for-beginners/
245,Python Lists vs Tuples: Complete Comparison,python-lists-vs-tuples-complete-comparison,https://forskcodingschool.com/assets/images/blog/python-lists-vs-tuples-complete-comparison.webp,python-lists-vs-tuples-complete-comparison.webp,"python-lists-vs-tuples-complete-comparison-roadmap.webp, python-lists-vs-tuples-complete-comparison-learning-path.webp, python-lists-vs-tuples-complete-comparison-practical-project.webp",https://forskcodingschool.com/blog/python-lists-vs-tuples-complete-comparison/
246,Python Dictionaries Explained,python-dictionaries-explained,https://forskcodingschool.com/assets/images/blog/python-dictionaries-explained.webp,python-dictionaries-explained.webp,"python-dictionaries-explained-roadmap.webp, python-dictionaries-explained-learning-path.webp, python-dictionaries-explained-practical-project.webp",https://forskcodingschool.com/blog/python-dictionaries-explained/
247,Python Loops Explained with Practical Examples,python-loops-explained-with-practical-examples,https://forskcodingschool.com/assets/images/blog/python-loops-explained-with-practical-examples.webp,python-loops-explained-with-practical-examples.webp,"python-loops-explained-with-practical-examples-roadmap.webp, python-loops-explained-with-practical-examples-learning-path.webp, python-loops-explained-with-practical-examples-practical-project.webp",https://forskcodingschool.com/blog/python-loops-explained-with-practical-examples/
248,Python Exception Handling Explained,python-exception-handling-explained,https://forskcodingschool.com/assets/images/blog/python-exception-handling-explained.webp,python-exception-handling-explained.webp,"python-exception-handling-explained-roadmap.webp, python-exception-handling-explained-learning-path.webp, python-exception-handling-explained-practical-project.webp",https://forskcodingschool.com/blog/python-exception-handling-explained/
249,Python Object-Oriented Programming Explained,python-object-oriented-programming-explained,https://forskcodingschool.com/assets/images/blog/python-object-oriented-programming-explained.webp,python-object-oriented-programming-explained.webp,"python-object-oriented-programming-explained-roadmap.webp, python-object-oriented-programming-explained-learning-path.webp, python-object-oriented-programming-explained-practical-project.webp",https://forskcodingschool.com/blog/python-object-oriented-programming-explained/
250,Python Modules and Packages Explained,python-modules-and-packages-explained,https://forskcodingschool.com/assets/images/blog/python-modules-and-packages-explained.webp,python-modules-and-packages-explained.webp,"python-modules-and-packages-explained-roadmap.webp, python-modules-and-packages-explained-learning-path.webp, python-modules-and-packages-explained-practical-project.webp",https://forskcodingschool.com/blog/python-modules-and-packages-explained/
251,Python Virtual Environments Explained,python-virtual-environments-explained,https://forskcodingschool.com/assets/images/blog/python-virtual-environments-explained.webp,python-virtual-environments-explained.webp,"python-virtual-environments-explained-roadmap.webp, python-virtual-environments-explained-learning-path.webp, python-virtual-environments-explained-practical-project.webp",https://forskcodingschool.com/blog/python-virtual-environments-explained/
252,Python File Handling Explained,python-file-handling-explained,https://forskcodingschool.com/assets/images/blog/python-file-handling-explained.webp,python-file-handling-explained.webp,"python-file-handling-explained-roadmap.webp, python-file-handling-explained-learning-path.webp, python-file-handling-explained-practical-project.webp",https://forskcodingschool.com/blog/python-file-handling-explained/
253,Python APIs Explained for Beginners,python-apis-explained-for-beginners,https://forskcodingschool.com/assets/images/blog/python-apis-explained-for-beginners.webp,python-apis-explained-for-beginners.webp,"python-apis-explained-for-beginners-roadmap.webp, python-apis-explained-for-beginners-learning-path.webp, python-apis-explained-for-beginners-practical-project.webp",https://forskcodingschool.com/blog/python-apis-explained-for-beginners/
254,Python Automation: What Can You Build?,python-automation-what-can-you-build,https://forskcodingschool.com/assets/images/blog/python-automation-what-can-you-build.webp,python-automation-what-can-you-build.webp,"python-automation-what-can-you-build-roadmap.webp, python-automation-what-can-you-build-learning-path.webp, python-automation-what-can-you-build-practical-project.webp",https://forskcodingschool.com/blog/python-automation-what-can-you-build/
255,Python Project Ideas for Students,python-project-ideas-for-students,https://forskcodingschool.com/assets/images/blog/python-project-ideas-for-students.webp,python-project-ideas-for-students.webp,"python-project-ideas-for-students-roadmap.webp, python-project-ideas-for-students-learning-path.webp, python-project-ideas-for-students-practical-project.webp",https://forskcodingschool.com/blog/python-project-ideas-for-students/
256,Best Python Projects for a Developer Portfolio,best-python-projects-for-a-developer-portfolio,https://forskcodingschool.com/assets/images/blog/best-python-projects-for-a-developer-portfolio.webp,best-python-projects-for-a-developer-portfolio.webp,"best-python-projects-for-a-developer-portfolio-roadmap.webp, best-python-projects-for-a-developer-portfolio-learning-path.webp, best-python-projects-for-a-developer-portfolio-practical-project.webp",https://forskcodingschool.com/blog/best-python-projects-for-a-developer-portfolio/
257,Python Backend Development Roadmap,python-backend-development-roadmap,https://forskcodingschool.com/assets/images/blog/python-backend-development-roadmap.webp,python-backend-development-roadmap.webp,"python-backend-development-roadmap-roadmap.webp, python-backend-development-roadmap-learning-path.webp, python-backend-development-roadmap-practical-project.webp",https://forskcodingschool.com/blog/python-backend-development-roadmap/
258,Python Web Development Roadmap,python-web-development-roadmap,https://forskcodingschool.com/assets/images/blog/python-web-development-roadmap.webp,python-web-development-roadmap.webp,"python-web-development-roadmap-roadmap.webp, python-web-development-roadmap-learning-path.webp, python-web-development-roadmap-practical-project.webp",https://forskcodingschool.com/blog/python-web-development-roadmap/
259,Python Full Stack Development Roadmap,python-full-stack-development-roadmap,https://forskcodingschool.com/assets/images/blog/python-full-stack-development-roadmap.webp,python-full-stack-development-roadmap.webp,"python-full-stack-development-roadmap-roadmap.webp, python-full-stack-development-roadmap-learning-path.webp, python-full-stack-development-roadmap-practical-project.webp",https://forskcodingschool.com/blog/python-full-stack-development-roadmap/
260,How to Become a Python Developer from Scratch,how-to-become-a-python-developer-from-scratch,https://forskcodingschool.com/assets/images/blog/how-to-become-a-python-developer-from-scratch.webp,how-to-become-a-python-developer-from-scratch.webp,"how-to-become-a-python-developer-from-scratch-roadmap.webp, how-to-become-a-python-developer-from-scratch-learning-path.webp, how-to-become-a-python-developer-from-scratch-practical-project.webp",https://forskcodingschool.com/blog/how-to-become-a-python-developer-from-scratch/
261,C Programming for Beginners: Complete Roadmap,c-programming-for-beginners-complete-roadmap,https://forskcodingschool.com/assets/images/blog/c-programming-for-beginners-complete-roadmap.webp,c-programming-for-beginners-complete-roadmap.webp,"c-programming-for-beginners-complete-roadmap-roadmap.webp, c-programming-for-beginners-complete-roadmap-learning-path.webp, c-programming-for-beginners-complete-roadmap-practical-project.webp",https://forskcodingschool.com/blog/c-programming-for-beginners-complete-roadmap/
262,Why Learn C Programming in 2026?,why-learn-c-programming-in-2026,https://forskcodingschool.com/assets/images/blog/why-learn-c-programming-in-2026.webp,why-learn-c-programming-in-2026.webp,"why-learn-c-programming-in-2026-roadmap.webp, why-learn-c-programming-in-2026-learning-path.webp, why-learn-c-programming-in-2026-practical-project.webp",https://forskcodingschool.com/blog/why-learn-c-programming-in-2026/
263,C Programming Basics Every Student Should Know,c-programming-basics-every-student-should-know,https://forskcodingschool.com/assets/images/blog/c-programming-basics-every-student-should-know.webp,c-programming-basics-every-student-should-know.webp,"c-programming-basics-every-student-should-know-roadmap.webp, c-programming-basics-every-student-should-know-learning-path.webp, c-programming-basics-every-student-should-know-practical-project.webp",https://forskcodingschool.com/blog/c-programming-basics-every-student-should-know/
264,Pointers in C Explained for Beginners,pointers-in-c-explained-for-beginners,https://forskcodingschool.com/assets/images/blog/pointers-in-c-explained-for-beginners.webp,pointers-in-c-explained-for-beginners.webp,"pointers-in-c-explained-for-beginners-roadmap.webp, pointers-in-c-explained-for-beginners-learning-path.webp, pointers-in-c-explained-for-beginners-practical-project.webp",https://forskcodingschool.com/blog/pointers-in-c-explained-for-beginners/
265,Arrays in C Explained,arrays-in-c-explained,https://forskcodingschool.com/assets/images/blog/arrays-in-c-explained.webp,arrays-in-c-explained.webp,"arrays-in-c-explained-roadmap.webp, arrays-in-c-explained-learning-path.webp, arrays-in-c-explained-practical-project.webp",https://forskcodingschool.com/blog/arrays-in-c-explained/
266,Functions in C Explained,functions-in-c-explained,https://forskcodingschool.com/assets/images/blog/functions-in-c-explained.webp,functions-in-c-explained.webp,"functions-in-c-explained-roadmap.webp, functions-in-c-explained-learning-path.webp, functions-in-c-explained-practical-project.webp",https://forskcodingschool.com/blog/functions-in-c-explained/
267,Structures in C Explained,structures-in-c-explained,https://forskcodingschool.com/assets/images/blog/structures-in-c-explained.webp,structures-in-c-explained.webp,"structures-in-c-explained-roadmap.webp, structures-in-c-explained-learning-path.webp, structures-in-c-explained-practical-project.webp",https://forskcodingschool.com/blog/structures-in-c-explained/
268,Dynamic Memory Allocation in C Explained,dynamic-memory-allocation-in-c-explained,https://forskcodingschool.com/assets/images/blog/dynamic-memory-allocation-in-c-explained.webp,dynamic-memory-allocation-in-c-explained.webp,"dynamic-memory-allocation-in-c-explained-roadmap.webp, dynamic-memory-allocation-in-c-explained-learning-path.webp, dynamic-memory-allocation-in-c-explained-practical-project.webp",https://forskcodingschool.com/blog/dynamic-memory-allocation-in-c-explained/
269,C Programming Practice Questions for Beginners,c-programming-practice-questions-for-beginners,https://forskcodingschool.com/assets/images/blog/c-programming-practice-questions-for-beginners.webp,c-programming-practice-questions-for-beginners.webp,"c-programming-practice-questions-for-beginners-roadmap.webp, c-programming-practice-questions-for-beginners-learning-path.webp, c-programming-practice-questions-for-beginners-practical-project.webp",https://forskcodingschool.com/blog/c-programming-practice-questions-for-beginners/
270,Best C Programming Projects for Students,best-c-programming-projects-for-students,https://forskcodingschool.com/assets/images/blog/best-c-programming-projects-for-students.webp,best-c-programming-projects-for-students.webp,"best-c-programming-projects-for-students-roadmap.webp, best-c-programming-projects-for-students-learning-path.webp, best-c-programming-projects-for-students-practical-project.webp",https://forskcodingschool.com/blog/best-c-programming-projects-for-students/
271,C++ Programming for Beginners: Complete Roadmap,cpp-programming-for-beginners-complete-roadmap,https://forskcodingschool.com/assets/images/blog/cpp-programming-for-beginners-complete-roadmap.webp,cpp-programming-for-beginners-complete-roadmap.webp,"cpp-programming-for-beginners-complete-roadmap-roadmap.webp, cpp-programming-for-beginners-complete-roadmap-learning-path.webp, cpp-programming-for-beginners-complete-roadmap-practical-project.webp",https://forskcodingschool.com/blog/cpp-programming-for-beginners-complete-roadmap/
272,Why Learn C++ for Competitive Programming?,why-learn-cpp-for-competitive-programming,https://forskcodingschool.com/assets/images/blog/why-learn-cpp-for-competitive-programming.webp,why-learn-cpp-for-competitive-programming.webp,"why-learn-cpp-for-competitive-programming-roadmap.webp, why-learn-cpp-for-competitive-programming-learning-path.webp, why-learn-cpp-for-competitive-programming-practical-project.webp",https://forskcodingschool.com/blog/why-learn-cpp-for-competitive-programming/
273,C++ OOP Concepts Explained,cpp-oop-concepts-explained,https://forskcodingschool.com/assets/images/blog/cpp-oop-concepts-explained.webp,cpp-oop-concepts-explained.webp,"cpp-oop-concepts-explained-roadmap.webp, cpp-oop-concepts-explained-learning-path.webp, cpp-oop-concepts-explained-practical-project.webp",https://forskcodingschool.com/blog/cpp-oop-concepts-explained/
274,Classes and Objects in C++ Explained,classes-and-objects-in-cpp-explained,https://forskcodingschool.com/assets/images/blog/classes-and-objects-in-cpp-explained.webp,classes-and-objects-in-cpp-explained.webp,"classes-and-objects-in-cpp-explained-roadmap.webp, classes-and-objects-in-cpp-explained-learning-path.webp, classes-and-objects-in-cpp-explained-practical-project.webp",https://forskcodingschool.com/blog/classes-and-objects-in-cpp-explained/
275,Inheritance in C++ Explained,inheritance-in-cpp-explained,https://forskcodingschool.com/assets/images/blog/inheritance-in-cpp-explained.webp,inheritance-in-cpp-explained.webp,"inheritance-in-cpp-explained-roadmap.webp, inheritance-in-cpp-explained-learning-path.webp, inheritance-in-cpp-explained-practical-project.webp",https://forskcodingschool.com/blog/inheritance-in-cpp-explained/
276,Polymorphism in C++ Explained,polymorphism-in-cpp-explained,https://forskcodingschool.com/assets/images/blog/polymorphism-in-cpp-explained.webp,polymorphism-in-cpp-explained.webp,"polymorphism-in-cpp-explained-roadmap.webp, polymorphism-in-cpp-explained-learning-path.webp, polymorphism-in-cpp-explained-practical-project.webp",https://forskcodingschool.com/blog/polymorphism-in-cpp-explained/
277,STL in C++: Complete Beginner Guide,stl-in-cpp-complete-beginner-guide,https://forskcodingschool.com/assets/images/blog/stl-in-cpp-complete-beginner-guide.webp,stl-in-cpp-complete-beginner-guide.webp,"stl-in-cpp-complete-beginner-guide-roadmap.webp, stl-in-cpp-complete-beginner-guide-learning-path.webp, stl-in-cpp-complete-beginner-guide-practical-project.webp",https://forskcodingschool.com/blog/stl-in-cpp-complete-beginner-guide/
278,Vectors in C++ Explained,vectors-in-cpp-explained,https://forskcodingschool.com/assets/images/blog/vectors-in-cpp-explained.webp,vectors-in-cpp-explained.webp,"vectors-in-cpp-explained-roadmap.webp, vectors-in-cpp-explained-learning-path.webp, vectors-in-cpp-explained-practical-project.webp",https://forskcodingschool.com/blog/vectors-in-cpp-explained/
279,Pointers and References in C++,pointers-and-references-in-cpp,https://forskcodingschool.com/assets/images/blog/pointers-and-references-in-cpp.webp,pointers-and-references-in-cpp.webp,"pointers-and-references-in-cpp-roadmap.webp, pointers-and-references-in-cpp-learning-path.webp, pointers-and-references-in-cpp-practical-project.webp",https://forskcodingschool.com/blog/pointers-and-references-in-cpp/
280,Best C++ Projects for Students,best-cpp-projects-for-students,https://forskcodingschool.com/assets/images/blog/best-cpp-projects-for-students.webp,best-cpp-projects-for-students.webp,"best-cpp-projects-for-students-roadmap.webp, best-cpp-projects-for-students-learning-path.webp, best-cpp-projects-for-students-practical-project.webp",https://forskcodingschool.com/blog/best-cpp-projects-for-students/
281,JavaScript for Beginners: Complete Learning Roadmap,javascript-for-beginners-complete-learning-roadmap,https://forskcodingschool.com/assets/images/blog/javascript-for-beginners-complete-learning-roadmap.webp,javascript-for-beginners-complete-learning-roadmap.webp,"javascript-for-beginners-complete-learning-roadmap-roadmap.webp, javascript-for-beginners-complete-learning-roadmap-learning-path.webp, javascript-for-beginners-complete-learning-roadmap-practical-project.webp",https://forskcodingschool.com/blog/javascript-for-beginners-complete-learning-roadmap/
282,Why Learn JavaScript in 2026?,why-learn-javascript-in-2026,https://forskcodingschool.com/assets/images/blog/why-learn-javascript-in-2026.webp,why-learn-javascript-in-2026.webp,"why-learn-javascript-in-2026-roadmap.webp, why-learn-javascript-in-2026-learning-path.webp, why-learn-javascript-in-2026-practical-project.webp",https://forskcodingschool.com/blog/why-learn-javascript-in-2026/
283,JavaScript Variables and Data Types Explained,javascript-variables-and-data-types-explained,https://forskcodingschool.com/assets/images/blog/javascript-variables-and-data-types-explained.webp,javascript-variables-and-data-types-explained.webp,"javascript-variables-and-data-types-explained-roadmap.webp, javascript-variables-and-data-types-explained-learning-path.webp, javascript-variables-and-data-types-explained-practical-project.webp",https://forskcodingschool.com/blog/javascript-variables-and-data-types-explained/
284,JavaScript Functions Explained,javascript-functions-explained,https://forskcodingschool.com/assets/images/blog/javascript-functions-explained.webp,javascript-functions-explained.webp,"javascript-functions-explained-roadmap.webp, javascript-functions-explained-learning-path.webp, javascript-functions-explained-practical-project.webp",https://forskcodingschool.com/blog/javascript-functions-explained/
285,JavaScript Arrays Explained,javascript-arrays-explained,https://forskcodingschool.com/assets/images/blog/javascript-arrays-explained.webp,javascript-arrays-explained.webp,"javascript-arrays-explained-roadmap.webp, javascript-arrays-explained-learning-path.webp, javascript-arrays-explained-practical-project.webp",https://forskcodingschool.com/blog/javascript-arrays-explained/
286,JavaScript Objects Explained,javascript-objects-explained,https://forskcodingschool.com/assets/images/blog/javascript-objects-explained.webp,javascript-objects-explained.webp,"javascript-objects-explained-roadmap.webp, javascript-objects-explained-learning-path.webp, javascript-objects-explained-practical-project.webp",https://forskcodingschool.com/blog/javascript-objects-explained/
287,JavaScript DOM Manipulation Explained,javascript-dom-manipulation-explained,https://forskcodingschool.com/assets/images/blog/javascript-dom-manipulation-explained.webp,javascript-dom-manipulation-explained.webp,"javascript-dom-manipulation-explained-roadmap.webp, javascript-dom-manipulation-explained-learning-path.webp, javascript-dom-manipulation-explained-practical-project.webp",https://forskcodingschool.com/blog/javascript-dom-manipulation-explained/
288,JavaScript Events Explained for Beginners,javascript-events-explained-for-beginners,https://forskcodingschool.com/assets/images/blog/javascript-events-explained-for-beginners.webp,javascript-events-explained-for-beginners.webp,"javascript-events-explained-for-beginners-roadmap.webp, javascript-events-explained-for-beginners-learning-path.webp, javascript-events-explained-for-beginners-practical-project.webp",https://forskcodingschool.com/blog/javascript-events-explained-for-beginners/
289,JavaScript Promises Explained Simply,javascript-promises-explained-simply,https://forskcodingschool.com/assets/images/blog/javascript-promises-explained-simply.webp,javascript-promises-explained-simply.webp,"javascript-promises-explained-simply-roadmap.webp, javascript-promises-explained-simply-learning-path.webp, javascript-promises-explained-simply-practical-project.webp",https://forskcodingschool.com/blog/javascript-promises-explained-simply/
290,Async and Await in JavaScript Explained,async-and-await-in-javascript-explained,https://forskcodingschool.com/assets/images/blog/async-and-await-in-javascript-explained.webp,async-and-await-in-javascript-explained.webp,"async-and-await-in-javascript-explained-roadmap.webp, async-and-await-in-javascript-explained-learning-path.webp, async-and-await-in-javascript-explained-practical-project.webp",https://forskcodingschool.com/blog/async-and-await-in-javascript-explained/
291,JavaScript ES6 Features Every Developer Should Know,javascript-es6-features-every-developer-should-know,https://forskcodingschool.com/assets/images/blog/javascript-es6-features-every-developer-should-know.webp,javascript-es6-features-every-developer-should-know.webp,"javascript-es6-features-every-developer-should-know-roadmap.webp, javascript-es6-features-every-developer-should-know-learning-path.webp, javascript-es6-features-every-developer-should-know-practical-project.webp",https://forskcodingschool.com/blog/javascript-es6-features-every-developer-should-know/
292,JavaScript Fetch API Explained,javascript-fetch-api-explained,https://forskcodingschool.com/assets/images/blog/javascript-fetch-api-explained.webp,javascript-fetch-api-explained.webp,"javascript-fetch-api-explained-roadmap.webp, javascript-fetch-api-explained-learning-path.webp, javascript-fetch-api-explained-practical-project.webp",https://forskcodingschool.com/blog/javascript-fetch-api-explained/
293,JavaScript API Development for Beginners,javascript-api-development-for-beginners,https://forskcodingschool.com/assets/images/blog/javascript-api-development-for-beginners.webp,javascript-api-development-for-beginners.webp,"javascript-api-development-for-beginners-roadmap.webp, javascript-api-development-for-beginners-learning-path.webp, javascript-api-development-for-beginners-practical-project.webp",https://forskcodingschool.com/blog/javascript-api-development-for-beginners/
294,JavaScript Project Ideas for Students,javascript-project-ideas-for-students,https://forskcodingschool.com/assets/images/blog/javascript-project-ideas-for-students.webp,javascript-project-ideas-for-students.webp,"javascript-project-ideas-for-students-roadmap.webp, javascript-project-ideas-for-students-learning-path.webp, javascript-project-ideas-for-students-practical-project.webp",https://forskcodingschool.com/blog/javascript-project-ideas-for-students/
295,Best JavaScript Projects for a Portfolio,best-javascript-projects-for-a-portfolio,https://forskcodingschool.com/assets/images/blog/best-javascript-projects-for-a-portfolio.webp,best-javascript-projects-for-a-portfolio.webp,"best-javascript-projects-for-a-portfolio-roadmap.webp, best-javascript-projects-for-a-portfolio-learning-path.webp, best-javascript-projects-for-a-portfolio-practical-project.webp",https://forskcodingschool.com/blog/best-javascript-projects-for-a-portfolio/
296,How to Become a JavaScript Developer,how-to-become-a-javascript-developer,https://forskcodingschool.com/assets/images/blog/how-to-become-a-javascript-developer.webp,how-to-become-a-javascript-developer.webp,"how-to-become-a-javascript-developer-roadmap.webp, how-to-become-a-javascript-developer-learning-path.webp, how-to-become-a-javascript-developer-practical-project.webp",https://forskcodingschool.com/blog/how-to-become-a-javascript-developer/
297,JavaScript Frontend Development Roadmap,javascript-frontend-development-roadmap,https://forskcodingschool.com/assets/images/blog/javascript-frontend-development-roadmap.webp,javascript-frontend-development-roadmap.webp,"javascript-frontend-development-roadmap-roadmap.webp, javascript-frontend-development-roadmap-learning-path.webp, javascript-frontend-development-roadmap-practical-project.webp",https://forskcodingschool.com/blog/javascript-frontend-development-roadmap/
298,JavaScript Backend Development with Node.js,javascript-backend-development-with-nodejs,https://forskcodingschool.com/assets/images/blog/javascript-backend-development-with-nodejs.webp,javascript-backend-development-with-nodejs.webp,"javascript-backend-development-with-nodejs-roadmap.webp, javascript-backend-development-with-nodejs-learning-path.webp, javascript-backend-development-with-nodejs-practical-project.webp",https://forskcodingschool.com/blog/javascript-backend-development-with-nodejs/
299,JavaScript vs TypeScript: Which Should You Learn?,javascript-vs-typescript-which-should-you-learn,https://forskcodingschool.com/assets/images/blog/javascript-vs-typescript-which-should-you-learn.webp,javascript-vs-typescript-which-should-you-learn.webp,"javascript-vs-typescript-which-should-you-learn-roadmap.webp, javascript-vs-typescript-which-should-you-learn-learning-path.webp, javascript-vs-typescript-which-should-you-learn-practical-project.webp",https://forskcodingschool.com/blog/javascript-vs-typescript-which-should-you-learn/
300,TypeScript for JavaScript Developers: Complete Guide,typescript-for-javascript-developers-complete-guide,https://forskcodingschool.com/assets/images/blog/typescript-for-javascript-developers-complete-guide.webp,typescript-for-javascript-developers-complete-guide.webp,"typescript-for-javascript-developers-complete-guide-roadmap.webp, typescript-for-javascript-developers-complete-guide-learning-path.webp, typescript-for-javascript-developers-complete-guide-practical-project.webp",https://forskcodingschool.com/blog/typescript-for-javascript-developers-complete-guide/
301,What Is Full Stack Development? Complete Beginner Guide,what-is-full-stack-development-complete-beginner-guide,https://forskcodingschool.com/assets/images/blog/what-is-full-stack-development-complete-beginner-guide.webp,what-is-full-stack-development-complete-beginner-guide.webp,"what-is-full-stack-development-complete-beginner-guide-roadmap.webp, what-is-full-stack-development-complete-beginner-guide-learning-path.webp, what-is-full-stack-development-complete-beginner-guide-practical-project.webp",https://forskcodingschool.com/blog/what-is-full-stack-development-complete-beginner-guide/
302,Full Stack Development Roadmap for Beginners,full-stack-development-roadmap-for-beginners,https://forskcodingschool.com/assets/images/blog/full-stack-development-roadmap-for-beginners.webp,full-stack-development-roadmap-for-beginners.webp,"full-stack-development-roadmap-for-beginners-roadmap.webp, full-stack-development-roadmap-for-beginners-learning-path.webp, full-stack-development-roadmap-for-beginners-practical-project.webp",https://forskcodingschool.com/blog/full-stack-development-roadmap-for-beginners/
303,Frontend and Backend: How Do They Work Together?,frontend-and-backend-how-do-they-work-together,https://forskcodingschool.com/assets/images/blog/frontend-and-backend-how-do-they-work-together.webp,frontend-and-backend-how-do-they-work-together.webp,"frontend-and-backend-how-do-they-work-together-roadmap.webp, frontend-and-backend-how-do-they-work-together-learning-path.webp, frontend-and-backend-how-do-they-work-together-practical-project.webp",https://forskcodingschool.com/blog/frontend-and-backend-how-do-they-work-together/
304,What Does a Full Stack Developer Do?,what-does-a-full-stack-developer-do,https://forskcodingschool.com/assets/images/blog/what-does-a-full-stack-developer-do.webp,what-does-a-full-stack-developer-do.webp,"what-does-a-full-stack-developer-do-roadmap.webp, what-does-a-full-stack-developer-do-learning-path.webp, what-does-a-full-stack-developer-do-practical-project.webp",https://forskcodingschool.com/blog/what-does-a-full-stack-developer-do/
305,Skills Required to Become a Full Stack Developer,skills-required-to-become-a-full-stack-developer,https://forskcodingschool.com/assets/images/blog/skills-required-to-become-a-full-stack-developer.webp,skills-required-to-become-a-full-stack-developer.webp,"skills-required-to-become-a-full-stack-developer-roadmap.webp, skills-required-to-become-a-full-stack-developer-learning-path.webp, skills-required-to-become-a-full-stack-developer-practical-project.webp",https://forskcodingschool.com/blog/skills-required-to-become-a-full-stack-developer/
306,How Long Does It Take to Learn Full Stack Development?,how-long-does-it-take-to-learn-full-stack-development,https://forskcodingschool.com/assets/images/blog/how-long-does-it-take-to-learn-full-stack-development.webp,how-long-does-it-take-to-learn-full-stack-development.webp,"how-long-does-it-take-to-learn-full-stack-development-roadmap.webp, how-long-does-it-take-to-learn-full-stack-development-learning-path.webp, how-long-does-it-take-to-learn-full-stack-development-practical-project.webp",https://forskcodingschool.com/blog/how-long-does-it-take-to-learn-full-stack-development/
307,Is Full Stack Development a Good Career in 2026?,is-full-stack-development-a-good-career-in-2026,https://forskcodingschool.com/assets/images/blog/is-full-stack-development-a-good-career-in-2026.webp,is-full-stack-development-a-good-career-in-2026.webp,"is-full-stack-development-a-good-career-in-2026-roadmap.webp, is-full-stack-development-a-good-career-in-2026-learning-path.webp, is-full-stack-development-a-good-career-in-2026-practical-project.webp",https://forskcodingschool.com/blog/is-full-stack-development-a-good-career-in-2026/
308,Full Stack Developer Salary in India: Complete Guide,full-stack-developer-salary-in-india-complete-guide,https://forskcodingschool.com/assets/images/blog/full-stack-developer-salary-in-india-complete-guide.webp,full-stack-developer-salary-in-india-complete-guide.webp,"full-stack-developer-salary-in-india-complete-guide-roadmap.webp, full-stack-developer-salary-in-india-complete-guide-learning-path.webp, full-stack-developer-salary-in-india-complete-guide-practical-project.webp",https://forskcodingschool.com/blog/full-stack-developer-salary-in-india-complete-guide/
309,Full Stack Developer Skills Employers Want,full-stack-developer-skills-employers-want,https://forskcodingschool.com/assets/images/blog/full-stack-developer-skills-employers-want.webp,full-stack-developer-skills-employers-want.webp,"full-stack-developer-skills-employers-want-roadmap.webp, full-stack-developer-skills-employers-want-learning-path.webp, full-stack-developer-skills-employers-want-practical-project.webp",https://forskcodingschool.com/blog/full-stack-developer-skills-employers-want/
310,How to Become a Full Stack Developer Without Experience,how-to-become-a-full-stack-developer-without-experience,https://forskcodingschool.com/assets/images/blog/how-to-become-a-full-stack-developer-without-experience.webp,how-to-become-a-full-stack-developer-without-experience.webp,"how-to-become-a-full-stack-developer-without-experience-roadmap.webp, how-to-become-a-full-stack-developer-without-experience-learning-path.webp, how-to-become-a-full-stack-developer-without-experience-practical-project.webp",https://forskcodingschool.com/blog/how-to-become-a-full-stack-developer-without-experience/
311,MERN Stack Development: Complete Beginner Guide,mern-stack-development-complete-beginner-guide,https://forskcodingschool.com/assets/images/blog/mern-stack-development-complete-beginner-guide.webp,mern-stack-development-complete-beginner-guide.webp,"mern-stack-development-complete-beginner-guide-roadmap.webp, mern-stack-development-complete-beginner-guide-learning-path.webp, mern-stack-development-complete-beginner-guide-practical-project.webp",https://forskcodingschool.com/blog/mern-stack-development-complete-beginner-guide/
312,MERN Stack Roadmap for Beginners,mern-stack-roadmap-for-beginners,https://forskcodingschool.com/assets/images/blog/mern-stack-roadmap-for-beginners.webp,mern-stack-roadmap-for-beginners.webp,"mern-stack-roadmap-for-beginners-roadmap.webp, mern-stack-roadmap-for-beginners-learning-path.webp, mern-stack-roadmap-for-beginners-practical-project.webp",https://forskcodingschool.com/blog/mern-stack-roadmap-for-beginners/
313,What Is the MERN Stack?,what-is-the-mern-stack,https://forskcodingschool.com/assets/images/blog/what-is-the-mern-stack.webp,what-is-the-mern-stack.webp,"what-is-the-mern-stack-roadmap.webp, what-is-the-mern-stack-learning-path.webp, what-is-the-mern-stack-practical-project.webp",https://forskcodingschool.com/blog/what-is-the-mern-stack/
314,"MongoDB, Express, React and Node Explained",mongodb-express-react-and-node-explained,https://forskcodingschool.com/assets/images/blog/mongodb-express-react-and-node-explained.webp,mongodb-express-react-and-node-explained.webp,"mongodb-express-react-and-node-explained-roadmap.webp, mongodb-express-react-and-node-explained-learning-path.webp, mongodb-express-react-and-node-explained-practical-project.webp",https://forskcodingschool.com/blog/mongodb-express-react-and-node-explained/
315,Why Learn MERN Stack Development?,why-learn-mern-stack-development,https://forskcodingschool.com/assets/images/blog/why-learn-mern-stack-development.webp,why-learn-mern-stack-development.webp,"why-learn-mern-stack-development-roadmap.webp, why-learn-mern-stack-development-learning-path.webp, why-learn-mern-stack-development-practical-project.webp",https://forskcodingschool.com/blog/why-learn-mern-stack-development/
316,MERN Stack vs MEAN Stack: Which Is Better?,mern-stack-vs-mean-stack-which-is-better,https://forskcodingschool.com/assets/images/blog/mern-stack-vs-mean-stack-which-is-better.webp,mern-stack-vs-mean-stack-which-is-better.webp,"mern-stack-vs-mean-stack-which-is-better-roadmap.webp, mern-stack-vs-mean-stack-which-is-better-learning-path.webp, mern-stack-vs-mean-stack-which-is-better-practical-project.webp",https://forskcodingschool.com/blog/mern-stack-vs-mean-stack-which-is-better/
317,MERN Stack vs Java Full Stack,mern-stack-vs-java-full-stack,https://forskcodingschool.com/assets/images/blog/mern-stack-vs-java-full-stack.webp,mern-stack-vs-java-full-stack.webp,"mern-stack-vs-java-full-stack-roadmap.webp, mern-stack-vs-java-full-stack-learning-path.webp, mern-stack-vs-java-full-stack-practical-project.webp",https://forskcodingschool.com/blog/mern-stack-vs-java-full-stack/
318,MERN Stack Developer Skills Checklist,mern-stack-developer-skills-checklist,https://forskcodingschool.com/assets/images/blog/mern-stack-developer-skills-checklist.webp,mern-stack-developer-skills-checklist.webp,"mern-stack-developer-skills-checklist-roadmap.webp, mern-stack-developer-skills-checklist-learning-path.webp, mern-stack-developer-skills-checklist-practical-project.webp",https://forskcodingschool.com/blog/mern-stack-developer-skills-checklist/
319,MERN Stack Project Ideas for Students,mern-stack-project-ideas-for-students,https://forskcodingschool.com/assets/images/blog/mern-stack-project-ideas-for-students.webp,mern-stack-project-ideas-for-students.webp,"mern-stack-project-ideas-for-students-roadmap.webp, mern-stack-project-ideas-for-students-learning-path.webp, mern-stack-project-ideas-for-students-practical-project.webp",https://forskcodingschool.com/blog/mern-stack-project-ideas-for-students/
320,How to Become a MERN Stack Developer,how-to-become-a-mern-stack-developer,https://forskcodingschool.com/assets/images/blog/how-to-become-a-mern-stack-developer.webp,how-to-become-a-mern-stack-developer.webp,"how-to-become-a-mern-stack-developer-roadmap.webp, how-to-become-a-mern-stack-developer-learning-path.webp, how-to-become-a-mern-stack-developer-practical-project.webp",https://forskcodingschool.com/blog/how-to-become-a-mern-stack-developer/
321,React JS for Beginners: Complete Roadmap,react-js-for-beginners-complete-roadmap,https://forskcodingschool.com/assets/images/blog/react-js-for-beginners-complete-roadmap.webp,react-js-for-beginners-complete-roadmap.webp,"react-js-for-beginners-complete-roadmap-roadmap.webp, react-js-for-beginners-complete-roadmap-learning-path.webp, react-js-for-beginners-complete-roadmap-practical-project.webp",https://forskcodingschool.com/blog/react-js-for-beginners-complete-roadmap/
322,What Is React JS and Why Is It Popular?,what-is-react-js-and-why-is-it-popular,https://forskcodingschool.com/assets/images/blog/what-is-react-js-and-why-is-it-popular.webp,what-is-react-js-and-why-is-it-popular.webp,"what-is-react-js-and-why-is-it-popular-roadmap.webp, what-is-react-js-and-why-is-it-popular-learning-path.webp, what-is-react-js-and-why-is-it-popular-practical-project.webp",https://forskcodingschool.com/blog/what-is-react-js-and-why-is-it-popular/
323,React Components Explained for Beginners,react-components-explained-for-beginners,https://forskcodingschool.com/assets/images/blog/react-components-explained-for-beginners.webp,react-components-explained-for-beginners.webp,"react-components-explained-for-beginners-roadmap.webp, react-components-explained-for-beginners-learning-path.webp, react-components-explained-for-beginners-practical-project.webp",https://forskcodingschool.com/blog/react-components-explained-for-beginners/
324,React Props vs State: Complete Guide,react-props-vs-state-complete-guide,https://forskcodingschool.com/assets/images/blog/react-props-vs-state-complete-guide.webp,react-props-vs-state-complete-guide.webp,"react-props-vs-state-complete-guide-roadmap.webp, react-props-vs-state-complete-guide-learning-path.webp, react-props-vs-state-complete-guide-practical-project.webp",https://forskcodingschool.com/blog/react-props-vs-state-complete-guide/
325,React Hooks Explained for Beginners,react-hooks-explained-for-beginners,https://forskcodingschool.com/assets/images/blog/react-hooks-explained-for-beginners.webp,react-hooks-explained-for-beginners.webp,"react-hooks-explained-for-beginners-roadmap.webp, react-hooks-explained-for-beginners-learning-path.webp, react-hooks-explained-for-beginners-practical-project.webp",https://forskcodingschool.com/blog/react-hooks-explained-for-beginners/
326,useState and useEffect Explained,usestate-and-useeffect-explained,https://forskcodingschool.com/assets/images/blog/usestate-and-useeffect-explained.webp,usestate-and-useeffect-explained.webp,"usestate-and-useeffect-explained-roadmap.webp, usestate-and-useeffect-explained-learning-path.webp, usestate-and-useeffect-explained-practical-project.webp",https://forskcodingschool.com/blog/usestate-and-useeffect-explained/
327,React Router Explained,react-router-explained,https://forskcodingschool.com/assets/images/blog/react-router-explained.webp,react-router-explained.webp,"react-router-explained-roadmap.webp, react-router-explained-learning-path.webp, react-router-explained-practical-project.webp",https://forskcodingschool.com/blog/react-router-explained/
328,React Project Ideas for Beginners,react-project-ideas-for-beginners,https://forskcodingschool.com/assets/images/blog/react-project-ideas-for-beginners.webp,react-project-ideas-for-beginners.webp,"react-project-ideas-for-beginners-roadmap.webp, react-project-ideas-for-beginners-learning-path.webp, react-project-ideas-for-beginners-practical-project.webp",https://forskcodingschool.com/blog/react-project-ideas-for-beginners/
329,Best React Projects for a Developer Portfolio,best-react-projects-for-a-developer-portfolio,https://forskcodingschool.com/assets/images/blog/best-react-projects-for-a-developer-portfolio.webp,best-react-projects-for-a-developer-portfolio.webp,"best-react-projects-for-a-developer-portfolio-roadmap.webp, best-react-projects-for-a-developer-portfolio-learning-path.webp, best-react-projects-for-a-developer-portfolio-practical-project.webp",https://forskcodingschool.com/blog/best-react-projects-for-a-developer-portfolio/
330,How to Become a React Developer,how-to-become-a-react-developer,https://forskcodingschool.com/assets/images/blog/how-to-become-a-react-developer.webp,how-to-become-a-react-developer.webp,"how-to-become-a-react-developer-roadmap.webp, how-to-become-a-react-developer-learning-path.webp, how-to-become-a-react-developer-practical-project.webp",https://forskcodingschool.com/blog/how-to-become-a-react-developer/
331,Node.js for Beginners: Complete Roadmap,nodejs-for-beginners-complete-roadmap,https://forskcodingschool.com/assets/images/blog/nodejs-for-beginners-complete-roadmap.webp,nodejs-for-beginners-complete-roadmap.webp,"nodejs-for-beginners-complete-roadmap-roadmap.webp, nodejs-for-beginners-complete-roadmap-learning-path.webp, nodejs-for-beginners-complete-roadmap-practical-project.webp",https://forskcodingschool.com/blog/nodejs-for-beginners-complete-roadmap/
332,What Is Node.js? Complete Beginner Guide,what-is-nodejs-complete-beginner-guide,https://forskcodingschool.com/assets/images/blog/what-is-nodejs-complete-beginner-guide.webp,what-is-nodejs-complete-beginner-guide.webp,"what-is-nodejs-complete-beginner-guide-roadmap.webp, what-is-nodejs-complete-beginner-guide-learning-path.webp, what-is-nodejs-complete-beginner-guide-practical-project.webp",https://forskcodingschool.com/blog/what-is-nodejs-complete-beginner-guide/
333,Node.js vs Java: Backend Comparison,nodejs-vs-java-backend-comparison,https://forskcodingschool.com/assets/images/blog/nodejs-vs-java-backend-comparison.webp,nodejs-vs-java-backend-comparison.webp,"nodejs-vs-java-backend-comparison-roadmap.webp, nodejs-vs-java-backend-comparison-learning-path.webp, nodejs-vs-java-backend-comparison-practical-project.webp",https://forskcodingschool.com/blog/nodejs-vs-java-backend-comparison/
334,Node.js vs Python for Backend Development,nodejs-vs-python-for-backend-development,https://forskcodingschool.com/assets/images/blog/nodejs-vs-python-for-backend-development.webp,nodejs-vs-python-for-backend-development.webp,"nodejs-vs-python-for-backend-development-roadmap.webp, nodejs-vs-python-for-backend-development-learning-path.webp, nodejs-vs-python-for-backend-development-practical-project.webp",https://forskcodingschool.com/blog/nodejs-vs-python-for-backend-development/
335,Express.js for Beginners: Complete Guide,express-js-for-beginners-complete-guide,https://forskcodingschool.com/assets/images/blog/express-js-for-beginners-complete-guide.webp,express-js-for-beginners-complete-guide.webp,"express-js-for-beginners-complete-guide-roadmap.webp, express-js-for-beginners-complete-guide-learning-path.webp, express-js-for-beginners-complete-guide-practical-project.webp",https://forskcodingschool.com/blog/express-js-for-beginners-complete-guide/
336,Building APIs with Node.js and Express,building-apis-with-nodejs-and-express,https://forskcodingschool.com/assets/images/blog/building-apis-with-nodejs-and-express.webp,building-apis-with-nodejs-and-express.webp,"building-apis-with-nodejs-and-express-roadmap.webp, building-apis-with-nodejs-and-express-learning-path.webp, building-apis-with-nodejs-and-express-practical-project.webp",https://forskcodingschool.com/blog/building-apis-with-nodejs-and-express/
337,REST API Explained for Beginners,rest-api-explained-for-beginners,https://forskcodingschool.com/assets/images/blog/rest-api-explained-for-beginners.webp,rest-api-explained-for-beginners.webp,"rest-api-explained-for-beginners-roadmap.webp, rest-api-explained-for-beginners-learning-path.webp, rest-api-explained-for-beginners-practical-project.webp",https://forskcodingschool.com/blog/rest-api-explained-for-beginners/
338,Node.js Project Ideas for Students,nodejs-project-ideas-for-students,https://forskcodingschool.com/assets/images/blog/nodejs-project-ideas-for-students.webp,nodejs-project-ideas-for-students.webp,"nodejs-project-ideas-for-students-roadmap.webp, nodejs-project-ideas-for-students-learning-path.webp, nodejs-project-ideas-for-students-practical-project.webp",https://forskcodingschool.com/blog/nodejs-project-ideas-for-students/
339,How to Become a Node.js Developer,how-to-become-a-nodejs-developer,https://forskcodingschool.com/assets/images/blog/how-to-become-a-nodejs-developer.webp,how-to-become-a-nodejs-developer.webp,"how-to-become-a-nodejs-developer-roadmap.webp, how-to-become-a-nodejs-developer-learning-path.webp, how-to-become-a-nodejs-developer-practical-project.webp",https://forskcodingschool.com/blog/how-to-become-a-nodejs-developer/
340,Angular for Beginners: Complete Roadmap,angular-for-beginners-complete-roadmap,https://forskcodingschool.com/assets/images/blog/angular-for-beginners-complete-roadmap.webp,angular-for-beginners-complete-roadmap.webp,"angular-for-beginners-complete-roadmap-roadmap.webp, angular-for-beginners-complete-roadmap-learning-path.webp, angular-for-beginners-complete-roadmap-practical-project.webp",https://forskcodingschool.com/blog/angular-for-beginners-complete-roadmap/
341,What Is Angular? Complete Beginner Guide,what-is-angular-complete-beginner-guide,https://forskcodingschool.com/assets/images/blog/what-is-angular-complete-beginner-guide.webp,what-is-angular-complete-beginner-guide.webp,"what-is-angular-complete-beginner-guide-roadmap.webp, what-is-angular-complete-beginner-guide-learning-path.webp, what-is-angular-complete-beginner-guide-practical-project.webp",https://forskcodingschool.com/blog/what-is-angular-complete-beginner-guide/
342,Angular Components and Services Explained,angular-components-and-services-explained,https://forskcodingschool.com/assets/images/blog/angular-components-and-services-explained.webp,angular-components-and-services-explained.webp,"angular-components-and-services-explained-roadmap.webp, angular-components-and-services-explained-learning-path.webp, angular-components-and-services-explained-practical-project.webp",https://forskcodingschool.com/blog/angular-components-and-services-explained/
343,Angular Routing Explained,angular-routing-explained,https://forskcodingschool.com/assets/images/blog/angular-routing-explained.webp,angular-routing-explained.webp,"angular-routing-explained-roadmap.webp, angular-routing-explained-learning-path.webp, angular-routing-explained-practical-project.webp",https://forskcodingschool.com/blog/angular-routing-explained/
344,Angular vs React: Which Should You Learn?,angular-vs-react-which-should-you-learn,https://forskcodingschool.com/assets/images/blog/angular-vs-react-which-should-you-learn.webp,angular-vs-react-which-should-you-learn.webp,"angular-vs-react-which-should-you-learn-roadmap.webp, angular-vs-react-which-should-you-learn-learning-path.webp, angular-vs-react-which-should-you-learn-practical-project.webp",https://forskcodingschool.com/blog/angular-vs-react-which-should-you-learn/
345,Angular Project Ideas for Students,angular-project-ideas-for-students,https://forskcodingschool.com/assets/images/blog/angular-project-ideas-for-students.webp,angular-project-ideas-for-students.webp,"angular-project-ideas-for-students-roadmap.webp, angular-project-ideas-for-students-learning-path.webp, angular-project-ideas-for-students-practical-project.webp",https://forskcodingschool.com/blog/angular-project-ideas-for-students/
346,How to Become an Angular Developer,how-to-become-an-angular-developer,https://forskcodingschool.com/assets/images/blog/how-to-become-an-angular-developer.webp,how-to-become-an-angular-developer.webp,"how-to-become-an-angular-developer-roadmap.webp, how-to-become-an-angular-developer-learning-path.webp, how-to-become-an-angular-developer-practical-project.webp",https://forskcodingschool.com/blog/how-to-become-an-angular-developer/
347,HTML for Beginners: Complete Learning Guide,html-for-beginners-complete-learning-guide,https://forskcodingschool.com/assets/images/blog/html-for-beginners-complete-learning-guide.webp,html-for-beginners-complete-learning-guide.webp,"html-for-beginners-complete-learning-guide-roadmap.webp, html-for-beginners-complete-learning-guide-learning-path.webp, html-for-beginners-complete-learning-guide-practical-project.webp",https://forskcodingschool.com/blog/html-for-beginners-complete-learning-guide/
348,CSS for Beginners: Complete Learning Guide,css-for-beginners-complete-learning-guide,https://forskcodingschool.com/assets/images/blog/css-for-beginners-complete-learning-guide.webp,css-for-beginners-complete-learning-guide.webp,"css-for-beginners-complete-learning-guide-roadmap.webp, css-for-beginners-complete-learning-guide-learning-path.webp, css-for-beginners-complete-learning-guide-practical-project.webp",https://forskcodingschool.com/blog/css-for-beginners-complete-learning-guide/
349,HTML vs HTML5: What Is the Difference?,html-vs-html5-what-is-the-difference,https://forskcodingschool.com/assets/images/blog/html-vs-html5-what-is-the-difference.webp,html-vs-html5-what-is-the-difference.webp,"html-vs-html5-what-is-the-difference-roadmap.webp, html-vs-html5-what-is-the-difference-learning-path.webp, html-vs-html5-what-is-the-difference-practical-project.webp",https://forskcodingschool.com/blog/html-vs-html5-what-is-the-difference/
350,CSS Flexbox Explained for Beginners,css-flexbox-explained-for-beginners,https://forskcodingschool.com/assets/images/blog/css-flexbox-explained-for-beginners.webp,css-flexbox-explained-for-beginners.webp,"css-flexbox-explained-for-beginners-roadmap.webp, css-flexbox-explained-for-beginners-learning-path.webp, css-flexbox-explained-for-beginners-practical-project.webp",https://forskcodingschool.com/blog/css-flexbox-explained-for-beginners/
351,CSS Grid Explained for Beginners,css-grid-explained-for-beginners,https://forskcodingschool.com/assets/images/blog/css-grid-explained-for-beginners.webp,css-grid-explained-for-beginners.webp,"css-grid-explained-for-beginners-roadmap.webp, css-grid-explained-for-beginners-learning-path.webp, css-grid-explained-for-beginners-practical-project.webp",https://forskcodingschool.com/blog/css-grid-explained-for-beginners/
352,Responsive Web Design Explained,responsive-web-design-explained,https://forskcodingschool.com/assets/images/blog/responsive-web-design-explained.webp,responsive-web-design-explained.webp,"responsive-web-design-explained-roadmap.webp, responsive-web-design-explained-learning-path.webp, responsive-web-design-explained-practical-project.webp",https://forskcodingschool.com/blog/responsive-web-design-explained/
353,How to Build Your First Website from Scratch,how-to-build-your-first-website-from-scratch,https://forskcodingschool.com/assets/images/blog/how-to-build-your-first-website-from-scratch.webp,how-to-build-your-first-website-from-scratch.webp,"how-to-build-your-first-website-from-scratch-roadmap.webp, how-to-build-your-first-website-from-scratch-learning-path.webp, how-to-build-your-first-website-from-scratch-practical-project.webp",https://forskcodingschool.com/blog/how-to-build-your-first-website-from-scratch/
354,Website Development Process Explained Step by Step,website-development-process-explained-step-by-step,https://forskcodingschool.com/assets/images/blog/website-development-process-explained-step-by-step.webp,website-development-process-explained-step-by-step.webp,"website-development-process-explained-step-by-step-roadmap.webp, website-development-process-explained-step-by-step-learning-path.webp, website-development-process-explained-step-by-step-practical-project.webp",https://forskcodingschool.com/blog/website-development-process-explained-step-by-step/
355,Frontend Development Roadmap for Beginners,frontend-development-roadmap-for-beginners,https://forskcodingschool.com/assets/images/blog/frontend-development-roadmap-for-beginners.webp,frontend-development-roadmap-for-beginners.webp,"frontend-development-roadmap-for-beginners-roadmap.webp, frontend-development-roadmap-for-beginners-learning-path.webp, frontend-development-roadmap-for-beginners-practical-project.webp",https://forskcodingschool.com/blog/frontend-development-roadmap-for-beginners/
356,Backend Development Roadmap for Beginners,backend-development-roadmap-for-beginners,https://forskcodingschool.com/assets/images/blog/backend-development-roadmap-for-beginners.webp,backend-development-roadmap-for-beginners.webp,"backend-development-roadmap-for-beginners-roadmap.webp, backend-development-roadmap-for-beginners-learning-path.webp, backend-development-roadmap-for-beginners-practical-project.webp",https://forskcodingschool.com/blog/backend-development-roadmap-for-beginners/
357,What Is REST API?,what-is-rest-api,https://forskcodingschool.com/assets/images/blog/what-is-rest-api.webp,what-is-rest-api.webp,"what-is-rest-api-roadmap.webp, what-is-rest-api-learning-path.webp, what-is-rest-api-practical-project.webp",https://forskcodingschool.com/blog/what-is-rest-api/
358,What Is an API and How Does It Work?,what-is-an-api-and-how-does-it-work,https://forskcodingschool.com/assets/images/blog/what-is-an-api-and-how-does-it-work.webp,what-is-an-api-and-how-does-it-work.webp,"what-is-an-api-and-how-does-it-work-roadmap.webp, what-is-an-api-and-how-does-it-work-learning-path.webp, what-is-an-api-and-how-does-it-work-practical-project.webp",https://forskcodingschool.com/blog/what-is-an-api-and-how-does-it-work/
359,Database Basics Every Web Developer Should Know,database-basics-every-web-developer-should-know,https://forskcodingschool.com/assets/images/blog/database-basics-every-web-developer-should-know.webp,database-basics-every-web-developer-should-know.webp,"database-basics-every-web-developer-should-know-roadmap.webp, database-basics-every-web-developer-should-know-learning-path.webp, database-basics-every-web-developer-should-know-practical-project.webp",https://forskcodingschool.com/blog/database-basics-every-web-developer-should-know/
360,MongoDB vs MySQL: Which Database Should You Learn?,mongodb-vs-mysql-which-database-should-you-learn,https://forskcodingschool.com/assets/images/blog/mongodb-vs-mysql-which-database-should-you-learn.webp,mongodb-vs-mysql-which-database-should-you-learn.webp,"mongodb-vs-mysql-which-database-should-you-learn-roadmap.webp, mongodb-vs-mysql-which-database-should-you-learn-learning-path.webp, mongodb-vs-mysql-which-database-should-you-learn-practical-project.webp",https://forskcodingschool.com/blog/mongodb-vs-mysql-which-database-should-you-learn/
361,SQL vs NoSQL: Complete Beginner Guide,sql-vs-nosql-complete-beginner-guide,https://forskcodingschool.com/assets/images/blog/sql-vs-nosql-complete-beginner-guide.webp,sql-vs-nosql-complete-beginner-guide.webp,"sql-vs-nosql-complete-beginner-guide-roadmap.webp, sql-vs-nosql-complete-beginner-guide-learning-path.webp, sql-vs-nosql-complete-beginner-guide-practical-project.webp",https://forskcodingschool.com/blog/sql-vs-nosql-complete-beginner-guide/
362,What Is MongoDB?,what-is-mongodb,https://forskcodingschool.com/assets/images/blog/what-is-mongodb.webp,what-is-mongodb.webp,"what-is-mongodb-roadmap.webp, what-is-mongodb-learning-path.webp, what-is-mongodb-practical-project.webp",https://forskcodingschool.com/blog/what-is-mongodb/
363,MongoDB for Beginners: Complete Guide,mongodb-for-beginners-complete-guide,https://forskcodingschool.com/assets/images/blog/mongodb-for-beginners-complete-guide.webp,mongodb-for-beginners-complete-guide.webp,"mongodb-for-beginners-complete-guide-roadmap.webp, mongodb-for-beginners-complete-guide-learning-path.webp, mongodb-for-beginners-complete-guide-practical-project.webp",https://forskcodingschool.com/blog/mongodb-for-beginners-complete-guide/
364,MySQL for Beginners: Complete Learning Guide,mysql-for-beginners-complete-learning-guide,https://forskcodingschool.com/assets/images/blog/mysql-for-beginners-complete-learning-guide.webp,mysql-for-beginners-complete-learning-guide.webp,"mysql-for-beginners-complete-learning-guide-roadmap.webp, mysql-for-beginners-complete-learning-guide-learning-path.webp, mysql-for-beginners-complete-learning-guide-practical-project.webp",https://forskcodingschool.com/blog/mysql-for-beginners-complete-learning-guide/
365,Database Management for Web Developers,database-management-for-web-developers,https://forskcodingschool.com/assets/images/blog/database-management-for-web-developers.webp,database-management-for-web-developers.webp,"database-management-for-web-developers-roadmap.webp, database-management-for-web-developers-learning-path.webp, database-management-for-web-developers-practical-project.webp",https://forskcodingschool.com/blog/database-management-for-web-developers/
366,How Databases Work in Web Applications,how-databases-work-in-web-applications,https://forskcodingschool.com/assets/images/blog/how-databases-work-in-web-applications.webp,how-databases-work-in-web-applications.webp,"how-databases-work-in-web-applications-roadmap.webp, how-databases-work-in-web-applications-learning-path.webp, how-databases-work-in-web-applications-practical-project.webp",https://forskcodingschool.com/blog/how-databases-work-in-web-applications/
367,Authentication and Authorization Explained,authentication-and-authorization-explained,https://forskcodingschool.com/assets/images/blog/authentication-and-authorization-explained.webp,authentication-and-authorization-explained.webp,"authentication-and-authorization-explained-roadmap.webp, authentication-and-authorization-explained-learning-path.webp, authentication-and-authorization-explained-practical-project.webp",https://forskcodingschool.com/blog/authentication-and-authorization-explained/
368,JWT Authentication Explained for Beginners,jwt-authentication-explained-for-beginners,https://forskcodingschool.com/assets/images/blog/jwt-authentication-explained-for-beginners.webp,jwt-authentication-explained-for-beginners.webp,"jwt-authentication-explained-for-beginners-roadmap.webp, jwt-authentication-explained-for-beginners-learning-path.webp, jwt-authentication-explained-for-beginners-practical-project.webp",https://forskcodingschool.com/blog/jwt-authentication-explained-for-beginners/
369,How to Build a Login System for a Web Application,how-to-build-a-login-system-for-a-web-application,https://forskcodingschool.com/assets/images/blog/how-to-build-a-login-system-for-a-web-application.webp,how-to-build-a-login-system-for-a-web-application.webp,"how-to-build-a-login-system-for-a-web-application-roadmap.webp, how-to-build-a-login-system-for-a-web-application-learning-path.webp, how-to-build-a-login-system-for-a-web-application-practical-project.webp",https://forskcodingschool.com/blog/how-to-build-a-login-system-for-a-web-application/
370,How to Build a Full Stack Web Application,how-to-build-a-full-stack-web-application,https://forskcodingschool.com/assets/images/blog/how-to-build-a-full-stack-web-application.webp,how-to-build-a-full-stack-web-application.webp,"how-to-build-a-full-stack-web-application-roadmap.webp, how-to-build-a-full-stack-web-application-learning-path.webp, how-to-build-a-full-stack-web-application-practical-project.webp",https://forskcodingschool.com/blog/how-to-build-a-full-stack-web-application/
371,Full Stack Project Ideas for Beginners,full-stack-project-ideas-for-beginners,https://forskcodingschool.com/assets/images/blog/full-stack-project-ideas-for-beginners.webp,full-stack-project-ideas-for-beginners.webp,"full-stack-project-ideas-for-beginners-roadmap.webp, full-stack-project-ideas-for-beginners-learning-path.webp, full-stack-project-ideas-for-beginners-practical-project.webp",https://forskcodingschool.com/blog/full-stack-project-ideas-for-beginners/
372,Best Web Development Projects for Your Resume,best-web-development-projects-for-your-resume,https://forskcodingschool.com/assets/images/blog/best-web-development-projects-for-your-resume.webp,best-web-development-projects-for-your-resume.webp,"best-web-development-projects-for-your-resume-roadmap.webp, best-web-development-projects-for-your-resume-learning-path.webp, best-web-development-projects-for-your-resume-practical-project.webp",https://forskcodingschool.com/blog/best-web-development-projects-for-your-resume/
373,How to Build a Professional Developer Portfolio,how-to-build-a-professional-developer-portfolio,https://forskcodingschool.com/assets/images/blog/how-to-build-a-professional-developer-portfolio.webp,how-to-build-a-professional-developer-portfolio.webp,"how-to-build-a-professional-developer-portfolio-roadmap.webp, how-to-build-a-professional-developer-portfolio-learning-path.webp, how-to-build-a-professional-developer-portfolio-practical-project.webp",https://forskcodingschool.com/blog/how-to-build-a-professional-developer-portfolio/
374,Portfolio Website Ideas for Web Developers,portfolio-website-ideas-for-web-developers,https://forskcodingschool.com/assets/images/blog/portfolio-website-ideas-for-web-developers.webp,portfolio-website-ideas-for-web-developers.webp,"portfolio-website-ideas-for-web-developers-roadmap.webp, portfolio-website-ideas-for-web-developers-learning-path.webp, portfolio-website-ideas-for-web-developers-practical-project.webp",https://forskcodingschool.com/blog/portfolio-website-ideas-for-web-developers/
375,Web Development Skills You Need to Get Hired,web-development-skills-you-need-to-get-hired,https://forskcodingschool.com/assets/images/blog/web-development-skills-you-need-to-get-hired.webp,web-development-skills-you-need-to-get-hired.webp,"web-development-skills-you-need-to-get-hired-roadmap.webp, web-development-skills-you-need-to-get-hired-learning-path.webp, web-development-skills-you-need-to-get-hired-practical-project.webp",https://forskcodingschool.com/blog/web-development-skills-you-need-to-get-hired/
376,What Is DSA? Complete Beginner Guide,what-is-dsa-complete-beginner-guide,https://forskcodingschool.com/assets/images/blog/what-is-dsa-complete-beginner-guide.webp,what-is-dsa-complete-beginner-guide.webp,"what-is-dsa-complete-beginner-guide-roadmap.webp, what-is-dsa-complete-beginner-guide-learning-path.webp, what-is-dsa-complete-beginner-guide-practical-project.webp",https://forskcodingschool.com/blog/what-is-dsa-complete-beginner-guide/
377,Why Is DSA Important for Software Developers?,why-is-dsa-important-for-software-developers,https://forskcodingschool.com/assets/images/blog/why-is-dsa-important-for-software-developers.webp,why-is-dsa-important-for-software-developers.webp,"why-is-dsa-important-for-software-developers-roadmap.webp, why-is-dsa-important-for-software-developers-learning-path.webp, why-is-dsa-important-for-software-developers-practical-project.webp",https://forskcodingschool.com/blog/why-is-dsa-important-for-software-developers/
378,DSA Roadmap for Beginners,dsa-roadmap-for-beginners,https://forskcodingschool.com/assets/images/blog/dsa-roadmap-for-beginners.webp,dsa-roadmap-for-beginners.webp,"dsa-roadmap-for-beginners-roadmap.webp, dsa-roadmap-for-beginners-learning-path.webp, dsa-roadmap-for-beginners-practical-project.webp",https://forskcodingschool.com/blog/dsa-roadmap-for-beginners/
379,How to Learn DSA from Scratch,how-to-learn-dsa-from-scratch,https://forskcodingschool.com/assets/images/blog/how-to-learn-dsa-from-scratch.webp,how-to-learn-dsa-from-scratch.webp,"how-to-learn-dsa-from-scratch-roadmap.webp, how-to-learn-dsa-from-scratch-learning-path.webp, how-to-learn-dsa-from-scratch-practical-project.webp",https://forskcodingschool.com/blog/how-to-learn-dsa-from-scratch/
380,How Long Does It Take to Learn DSA?,how-long-does-it-take-to-learn-dsa,https://forskcodingschool.com/assets/images/blog/how-long-does-it-take-to-learn-dsa.webp,how-long-does-it-take-to-learn-dsa.webp,"how-long-does-it-take-to-learn-dsa-roadmap.webp, how-long-does-it-take-to-learn-dsa-learning-path.webp, how-long-does-it-take-to-learn-dsa-practical-project.webp",https://forskcodingschool.com/blog/how-long-does-it-take-to-learn-dsa/
381,Best Way to Practice DSA,best-way-to-practice-dsa,https://forskcodingschool.com/assets/images/blog/best-way-to-practice-dsa.webp,best-way-to-practice-dsa.webp,"best-way-to-practice-dsa-roadmap.webp, best-way-to-practice-dsa-learning-path.webp, best-way-to-practice-dsa-practical-project.webp",https://forskcodingschool.com/blog/best-way-to-practice-dsa/
382,DSA for Beginners: Where Should You Start?,dsa-for-beginners-where-should-you-start,https://forskcodingschool.com/assets/images/blog/dsa-for-beginners-where-should-you-start.webp,dsa-for-beginners-where-should-you-start.webp,"dsa-for-beginners-where-should-you-start-roadmap.webp, dsa-for-beginners-where-should-you-start-learning-path.webp, dsa-for-beginners-where-should-you-start-practical-project.webp",https://forskcodingschool.com/blog/dsa-for-beginners-where-should-you-start/
383,Arrays in DSA Explained,arrays-in-dsa-explained,https://forskcodingschool.com/assets/images/blog/arrays-in-dsa-explained.webp,arrays-in-dsa-explained.webp,"arrays-in-dsa-explained-roadmap.webp, arrays-in-dsa-explained-learning-path.webp, arrays-in-dsa-explained-practical-project.webp",https://forskcodingschool.com/blog/arrays-in-dsa-explained/
384,Strings in DSA Explained,strings-in-dsa-explained,https://forskcodingschool.com/assets/images/blog/strings-in-dsa-explained.webp,strings-in-dsa-explained.webp,"strings-in-dsa-explained-roadmap.webp, strings-in-dsa-explained-learning-path.webp, strings-in-dsa-explained-practical-project.webp",https://forskcodingschool.com/blog/strings-in-dsa-explained/
385,Linked Lists Explained for Beginners,linked-lists-explained-for-beginners,https://forskcodingschool.com/assets/images/blog/linked-lists-explained-for-beginners.webp,linked-lists-explained-for-beginners.webp,"linked-lists-explained-for-beginners-roadmap.webp, linked-lists-explained-for-beginners-learning-path.webp, linked-lists-explained-for-beginners-practical-project.webp",https://forskcodingschool.com/blog/linked-lists-explained-for-beginners/
386,Stacks in DSA Explained,stacks-in-dsa-explained,https://forskcodingschool.com/assets/images/blog/stacks-in-dsa-explained.webp,stacks-in-dsa-explained.webp,"stacks-in-dsa-explained-roadmap.webp, stacks-in-dsa-explained-learning-path.webp, stacks-in-dsa-explained-practical-project.webp",https://forskcodingschool.com/blog/stacks-in-dsa-explained/
387,Queues in DSA Explained,queues-in-dsa-explained,https://forskcodingschool.com/assets/images/blog/queues-in-dsa-explained.webp,queues-in-dsa-explained.webp,"queues-in-dsa-explained-roadmap.webp, queues-in-dsa-explained-learning-path.webp, queues-in-dsa-explained-practical-project.webp",https://forskcodingschool.com/blog/queues-in-dsa-explained/
388,Hashing in DSA Explained,hashing-in-dsa-explained,https://forskcodingschool.com/assets/images/blog/hashing-in-dsa-explained.webp,hashing-in-dsa-explained.webp,"hashing-in-dsa-explained-roadmap.webp, hashing-in-dsa-explained-learning-path.webp, hashing-in-dsa-explained-practical-project.webp",https://forskcodingschool.com/blog/hashing-in-dsa-explained/
389,Trees in DSA Explained,trees-in-dsa-explained,https://forskcodingschool.com/assets/images/blog/trees-in-dsa-explained.webp,trees-in-dsa-explained.webp,"trees-in-dsa-explained-roadmap.webp, trees-in-dsa-explained-learning-path.webp, trees-in-dsa-explained-practical-project.webp",https://forskcodingschool.com/blog/trees-in-dsa-explained/
390,Binary Trees Explained,binary-trees-explained,https://forskcodingschool.com/assets/images/blog/binary-trees-explained.webp,binary-trees-explained.webp,"binary-trees-explained-roadmap.webp, binary-trees-explained-learning-path.webp, binary-trees-explained-practical-project.webp",https://forskcodingschool.com/blog/binary-trees-explained/
391,Binary Search Trees Explained,binary-search-trees-explained,https://forskcodingschool.com/assets/images/blog/binary-search-trees-explained.webp,binary-search-trees-explained.webp,"binary-search-trees-explained-roadmap.webp, binary-search-trees-explained-learning-path.webp, binary-search-trees-explained-practical-project.webp",https://forskcodingschool.com/blog/binary-search-trees-explained/
392,Graphs in DSA Explained,graphs-in-dsa-explained,https://forskcodingschool.com/assets/images/blog/graphs-in-dsa-explained.webp,graphs-in-dsa-explained.webp,"graphs-in-dsa-explained-roadmap.webp, graphs-in-dsa-explained-learning-path.webp, graphs-in-dsa-explained-practical-project.webp",https://forskcodingschool.com/blog/graphs-in-dsa-explained/
393,Graph Algorithms Every Beginner Should Know,graph-algorithms-every-beginner-should-know,https://forskcodingschool.com/assets/images/blog/graph-algorithms-every-beginner-should-know.webp,graph-algorithms-every-beginner-should-know.webp,"graph-algorithms-every-beginner-should-know-roadmap.webp, graph-algorithms-every-beginner-should-know-learning-path.webp, graph-algorithms-every-beginner-should-know-practical-project.webp",https://forskcodingschool.com/blog/graph-algorithms-every-beginner-should-know/
394,Sorting Algorithms Explained,sorting-algorithms-explained,https://forskcodingschool.com/assets/images/blog/sorting-algorithms-explained.webp,sorting-algorithms-explained.webp,"sorting-algorithms-explained-roadmap.webp, sorting-algorithms-explained-learning-path.webp, sorting-algorithms-explained-practical-project.webp",https://forskcodingschool.com/blog/sorting-algorithms-explained/
395,Searching Algorithms Explained,searching-algorithms-explained,https://forskcodingschool.com/assets/images/blog/searching-algorithms-explained.webp,searching-algorithms-explained.webp,"searching-algorithms-explained-roadmap.webp, searching-algorithms-explained-learning-path.webp, searching-algorithms-explained-practical-project.webp",https://forskcodingschool.com/blog/searching-algorithms-explained/
396,Binary Search Explained with Examples,binary-search-explained-with-examples,https://forskcodingschool.com/assets/images/blog/binary-search-explained-with-examples.webp,binary-search-explained-with-examples.webp,"binary-search-explained-with-examples-roadmap.webp, binary-search-explained-with-examples-learning-path.webp, binary-search-explained-with-examples-practical-project.webp",https://forskcodingschool.com/blog/binary-search-explained-with-examples/
397,Recursion in Programming Explained,recursion-in-programming-explained,https://forskcodingschool.com/assets/images/blog/recursion-in-programming-explained.webp,recursion-in-programming-explained.webp,"recursion-in-programming-explained-roadmap.webp, recursion-in-programming-explained-learning-path.webp, recursion-in-programming-explained-practical-project.webp",https://forskcodingschool.com/blog/recursion-in-programming-explained/
398,Dynamic Programming Explained for Beginners,dynamic-programming-explained-for-beginners,https://forskcodingschool.com/assets/images/blog/dynamic-programming-explained-for-beginners.webp,dynamic-programming-explained-for-beginners.webp,"dynamic-programming-explained-for-beginners-roadmap.webp, dynamic-programming-explained-for-beginners-learning-path.webp, dynamic-programming-explained-for-beginners-practical-project.webp",https://forskcodingschool.com/blog/dynamic-programming-explained-for-beginners/
399,Greedy Algorithms Explained,greedy-algorithms-explained,https://forskcodingschool.com/assets/images/blog/greedy-algorithms-explained.webp,greedy-algorithms-explained.webp,"greedy-algorithms-explained-roadmap.webp, greedy-algorithms-explained-learning-path.webp, greedy-algorithms-explained-practical-project.webp",https://forskcodingschool.com/blog/greedy-algorithms-explained/
400,Time Complexity and Space Complexity Explained,time-complexity-and-space-complexity-explained,https://forskcodingschool.com/assets/images/blog/time-complexity-and-space-complexity-explained.webp,time-complexity-and-space-complexity-explained.webp,"time-complexity-and-space-complexity-explained-roadmap.webp, time-complexity-and-space-complexity-explained-learning-path.webp, time-complexity-and-space-complexity-explained-practical-project.webp",https://forskcodingschool.com/blog/time-complexity-and-space-complexity-explained/
401,Big O Notation Explained for Beginners,big-o-notation-explained-for-beginners,https://forskcodingschool.com/assets/images/blog/big-o-notation-explained-for-beginners.webp,big-o-notation-explained-for-beginners.webp,"big-o-notation-explained-for-beginners-roadmap.webp, big-o-notation-explained-for-beginners-learning-path.webp, big-o-notation-explained-for-beginners-practical-project.webp",https://forskcodingschool.com/blog/big-o-notation-explained-for-beginners/
402,Top DSA Questions Asked in Coding Interviews,top-dsa-questions-asked-in-coding-interviews,https://forskcodingschool.com/assets/images/blog/top-dsa-questions-asked-in-coding-interviews.webp,top-dsa-questions-asked-in-coding-interviews.webp,"top-dsa-questions-asked-in-coding-interviews-roadmap.webp, top-dsa-questions-asked-in-coding-interviews-learning-path.webp, top-dsa-questions-asked-in-coding-interviews-practical-project.webp",https://forskcodingschool.com/blog/top-dsa-questions-asked-in-coding-interviews/
403,DSA Interview Preparation Roadmap,dsa-interview-preparation-roadmap,https://forskcodingschool.com/assets/images/blog/dsa-interview-preparation-roadmap.webp,dsa-interview-preparation-roadmap.webp,"dsa-interview-preparation-roadmap-roadmap.webp, dsa-interview-preparation-roadmap-learning-path.webp, dsa-interview-preparation-roadmap-practical-project.webp",https://forskcodingschool.com/blog/dsa-interview-preparation-roadmap/
404,How to Prepare for Product-Based Company Interviews,how-to-prepare-for-product-based-company-interviews,https://forskcodingschool.com/assets/images/blog/how-to-prepare-for-product-based-company-interviews.webp,how-to-prepare-for-product-based-company-interviews.webp,"how-to-prepare-for-product-based-company-interviews-roadmap.webp, how-to-prepare-for-product-based-company-interviews-learning-path.webp, how-to-prepare-for-product-based-company-interviews-practical-project.webp",https://forskcodingschool.com/blog/how-to-prepare-for-product-based-company-interviews/
405,How to Prepare for Service-Based Company Coding Interviews,how-to-prepare-for-service-based-company-coding-interviews,https://forskcodingschool.com/assets/images/blog/how-to-prepare-for-service-based-company-coding-interviews.webp,how-to-prepare-for-service-based-company-coding-interviews.webp,"how-to-prepare-for-service-based-company-coding-interviews-roadmap.webp, how-to-prepare-for-service-based-company-coding-interviews-learning-path.webp, how-to-prepare-for-service-based-company-coding-interviews-practical-project.webp",https://forskcodingschool.com/blog/how-to-prepare-for-service-based-company-coding-interviews/
406,Coding Interview Roadmap for Freshers,coding-interview-roadmap-for-freshers,https://forskcodingschool.com/assets/images/blog/coding-interview-roadmap-for-freshers.webp,coding-interview-roadmap-for-freshers.webp,"coding-interview-roadmap-for-freshers-roadmap.webp, coding-interview-roadmap-for-freshers-learning-path.webp, coding-interview-roadmap-for-freshers-practical-project.webp",https://forskcodingschool.com/blog/coding-interview-roadmap-for-freshers/
407,Best Coding Interview Practice Strategy,best-coding-interview-practice-strategy,https://forskcodingschool.com/assets/images/blog/best-coding-interview-practice-strategy.webp,best-coding-interview-practice-strategy.webp,"best-coding-interview-practice-strategy-roadmap.webp, best-coding-interview-practice-strategy-learning-path.webp, best-coding-interview-practice-strategy-practical-project.webp",https://forskcodingschool.com/blog/best-coding-interview-practice-strategy/
408,How Many DSA Problems Should You Solve?,how-many-dsa-problems-should-you-solve,https://forskcodingschool.com/assets/images/blog/how-many-dsa-problems-should-you-solve.webp,how-many-dsa-problems-should-you-solve.webp,"how-many-dsa-problems-should-you-solve-roadmap.webp, how-many-dsa-problems-should-you-solve-learning-path.webp, how-many-dsa-problems-should-you-solve-practical-project.webp",https://forskcodingschool.com/blog/how-many-dsa-problems-should-you-solve/
409,Common DSA Mistakes Beginners Make,common-dsa-mistakes-beginners-make,https://forskcodingschool.com/assets/images/blog/common-dsa-mistakes-beginners-make.webp,common-dsa-mistakes-beginners-make.webp,"common-dsa-mistakes-beginners-make-roadmap.webp, common-dsa-mistakes-beginners-make-learning-path.webp, common-dsa-mistakes-beginners-make-practical-project.webp",https://forskcodingschool.com/blog/common-dsa-mistakes-beginners-make/
410,How to Improve DSA Problem-Solving Skills,how-to-improve-dsa-problem-solving-skills,https://forskcodingschool.com/assets/images/blog/how-to-improve-dsa-problem-solving-skills.webp,how-to-improve-dsa-problem-solving-skills.webp,"how-to-improve-dsa-problem-solving-skills-roadmap.webp, how-to-improve-dsa-problem-solving-skills-learning-path.webp, how-to-improve-dsa-problem-solving-skills-practical-project.webp",https://forskcodingschool.com/blog/how-to-improve-dsa-problem-solving-skills/
411,What Is Competitive Programming?,what-is-competitive-programming,https://forskcodingschool.com/assets/images/blog/what-is-competitive-programming.webp,what-is-competitive-programming.webp,"what-is-competitive-programming-roadmap.webp, what-is-competitive-programming-learning-path.webp, what-is-competitive-programming-practical-project.webp",https://forskcodingschool.com/blog/what-is-competitive-programming/
412,Competitive Programming vs DSA,competitive-programming-vs-dsa,https://forskcodingschool.com/assets/images/blog/competitive-programming-vs-dsa.webp,competitive-programming-vs-dsa.webp,"competitive-programming-vs-dsa-roadmap.webp, competitive-programming-vs-dsa-learning-path.webp, competitive-programming-vs-dsa-practical-project.webp",https://forskcodingschool.com/blog/competitive-programming-vs-dsa/
413,Should Beginners Learn Competitive Programming?,should-beginners-learn-competitive-programming,https://forskcodingschool.com/assets/images/blog/should-beginners-learn-competitive-programming.webp,should-beginners-learn-competitive-programming.webp,"should-beginners-learn-competitive-programming-roadmap.webp, should-beginners-learn-competitive-programming-learning-path.webp, should-beginners-learn-competitive-programming-practical-project.webp",https://forskcodingschool.com/blog/should-beginners-learn-competitive-programming/
414,Best Programming Languages for Competitive Programming,best-programming-languages-for-competitive-programming,https://forskcodingschool.com/assets/images/blog/best-programming-languages-for-competitive-programming.webp,best-programming-languages-for-competitive-programming.webp,"best-programming-languages-for-competitive-programming-roadmap.webp, best-programming-languages-for-competitive-programming-learning-path.webp, best-programming-languages-for-competitive-programming-practical-project.webp",https://forskcodingschool.com/blog/best-programming-languages-for-competitive-programming/
415,How to Start Competitive Programming,how-to-start-competitive-programming,https://forskcodingschool.com/assets/images/blog/how-to-start-competitive-programming.webp,how-to-start-competitive-programming.webp,"how-to-start-competitive-programming-roadmap.webp, how-to-start-competitive-programming-learning-path.webp, how-to-start-competitive-programming-practical-project.webp",https://forskcodingschool.com/blog/how-to-start-competitive-programming/
416,How to Prepare for Technical Interviews as a Fresher,how-to-prepare-for-technical-interviews-as-a-fresher,https://forskcodingschool.com/assets/images/blog/how-to-prepare-for-technical-interviews-as-a-fresher.webp,how-to-prepare-for-technical-interviews-as-a-fresher.webp,"how-to-prepare-for-technical-interviews-as-a-fresher-roadmap.webp, how-to-prepare-for-technical-interviews-as-a-fresher-learning-path.webp, how-to-prepare-for-technical-interviews-as-a-fresher-practical-project.webp",https://forskcodingschool.com/blog/how-to-prepare-for-technical-interviews-as-a-fresher/
417,Technical Interview Questions Every Developer Should Prepare,technical-interview-questions-every-developer-should-prepare,https://forskcodingschool.com/assets/images/blog/technical-interview-questions-every-developer-should-prepare.webp,technical-interview-questions-every-developer-should-prepare.webp,"technical-interview-questions-every-developer-should-prepare-roadmap.webp, technical-interview-questions-every-developer-should-prepare-learning-path.webp, technical-interview-questions-every-developer-should-prepare-practical-project.webp",https://forskcodingschool.com/blog/technical-interview-questions-every-developer-should-prepare/
418,HR Interview vs Technical Interview for IT Freshers,hr-interview-vs-technical-interview-for-it-freshers,https://forskcodingschool.com/assets/images/blog/hr-interview-vs-technical-interview-for-it-freshers.webp,hr-interview-vs-technical-interview-for-it-freshers.webp,"hr-interview-vs-technical-interview-for-it-freshers-roadmap.webp, hr-interview-vs-technical-interview-for-it-freshers-learning-path.webp, hr-interview-vs-technical-interview-for-it-freshers-practical-project.webp",https://forskcodingschool.com/blog/hr-interview-vs-technical-interview-for-it-freshers/
419,How to Explain Your Coding Project in an Interview,how-to-explain-your-coding-project-in-an-interview,https://forskcodingschool.com/assets/images/blog/how-to-explain-your-coding-project-in-an-interview.webp,how-to-explain-your-coding-project-in-an-interview.webp,"how-to-explain-your-coding-project-in-an-interview-roadmap.webp, how-to-explain-your-coding-project-in-an-interview-learning-path.webp, how-to-explain-your-coding-project-in-an-interview-practical-project.webp",https://forskcodingschool.com/blog/how-to-explain-your-coding-project-in-an-interview/
420,How to Answer Coding Questions in Interviews,how-to-answer-coding-questions-in-interviews,https://forskcodingschool.com/assets/images/blog/how-to-answer-coding-questions-in-interviews.webp,how-to-answer-coding-questions-in-interviews.webp,"how-to-answer-coding-questions-in-interviews-roadmap.webp, how-to-answer-coding-questions-in-interviews-learning-path.webp, how-to-answer-coding-questions-in-interviews-practical-project.webp",https://forskcodingschool.com/blog/how-to-answer-coding-questions-in-interviews/
421,How to Create a Developer Resume as a Fresher,how-to-create-a-developer-resume-as-a-fresher,https://forskcodingschool.com/assets/images/blog/how-to-create-a-developer-resume-as-a-fresher.webp,how-to-create-a-developer-resume-as-a-fresher.webp,"how-to-create-a-developer-resume-as-a-fresher-roadmap.webp, how-to-create-a-developer-resume-as-a-fresher-learning-path.webp, how-to-create-a-developer-resume-as-a-fresher-practical-project.webp",https://forskcodingschool.com/blog/how-to-create-a-developer-resume-as-a-fresher/
422,Developer Resume Mistakes Freshers Should Avoid,developer-resume-mistakes-freshers-should-avoid,https://forskcodingschool.com/assets/images/blog/developer-resume-mistakes-freshers-should-avoid.webp,developer-resume-mistakes-freshers-should-avoid.webp,"developer-resume-mistakes-freshers-should-avoid-roadmap.webp, developer-resume-mistakes-freshers-should-avoid-learning-path.webp, developer-resume-mistakes-freshers-should-avoid-practical-project.webp",https://forskcodingschool.com/blog/developer-resume-mistakes-freshers-should-avoid/
423,How to Build a GitHub Profile for Job Applications,how-to-build-a-github-profile-for-job-applications,https://forskcodingschool.com/assets/images/blog/how-to-build-a-github-profile-for-job-applications.webp,how-to-build-a-github-profile-for-job-applications.webp,"how-to-build-a-github-profile-for-job-applications-roadmap.webp, how-to-build-a-github-profile-for-job-applications-learning-path.webp, how-to-build-a-github-profile-for-job-applications-practical-project.webp",https://forskcodingschool.com/blog/how-to-build-a-github-profile-for-job-applications/
424,How to Build a Strong LinkedIn Profile as a Developer,how-to-build-a-strong-linkedin-profile-as-a-developer,https://forskcodingschool.com/assets/images/blog/how-to-build-a-strong-linkedin-profile-as-a-developer.webp,how-to-build-a-strong-linkedin-profile-as-a-developer.webp,"how-to-build-a-strong-linkedin-profile-as-a-developer-roadmap.webp, how-to-build-a-strong-linkedin-profile-as-a-developer-learning-path.webp, how-to-build-a-strong-linkedin-profile-as-a-developer-practical-project.webp",https://forskcodingschool.com/blog/how-to-build-a-strong-linkedin-profile-as-a-developer/
425,How to Get Your First Software Developer Job,how-to-get-your-first-software-developer-job,https://forskcodingschool.com/assets/images/blog/how-to-get-your-first-software-developer-job.webp,how-to-get-your-first-software-developer-job.webp,"how-to-get-your-first-software-developer-job-roadmap.webp, how-to-get-your-first-software-developer-job-learning-path.webp, how-to-get-your-first-software-developer-job-practical-project.webp",https://forskcodingschool.com/blog/how-to-get-your-first-software-developer-job/
426,What Is Cloud Computing? Beginner's Guide,what-is-cloud-computing-beginners-guide,https://forskcodingschool.com/assets/images/blog/what-is-cloud-computing-beginners-guide.webp,what-is-cloud-computing-beginners-guide.webp,"what-is-cloud-computing-beginners-guide-roadmap.webp, what-is-cloud-computing-beginners-guide-learning-path.webp, what-is-cloud-computing-beginners-guide-practical-project.webp",https://forskcodingschool.com/blog/what-is-cloud-computing-beginners-guide/
427,Cloud Computing Roadmap for Beginners,cloud-computing-roadmap-for-beginners,https://forskcodingschool.com/assets/images/blog/cloud-computing-roadmap-for-beginners.webp,cloud-computing-roadmap-for-beginners.webp,"cloud-computing-roadmap-for-beginners-roadmap.webp, cloud-computing-roadmap-for-beginners-learning-path.webp, cloud-computing-roadmap-for-beginners-practical-project.webp",https://forskcodingschool.com/blog/cloud-computing-roadmap-for-beginners/
428,AWS for Beginners: Complete Learning Roadmap,aws-for-beginners-complete-learning-roadmap,https://forskcodingschool.com/assets/images/blog/aws-for-beginners-complete-learning-roadmap.webp,aws-for-beginners-complete-learning-roadmap.webp,"aws-for-beginners-complete-learning-roadmap-roadmap.webp, aws-for-beginners-complete-learning-roadmap-learning-path.webp, aws-for-beginners-complete-learning-roadmap-practical-project.webp",https://forskcodingschool.com/blog/aws-for-beginners-complete-learning-roadmap/
429,Azure vs AWS: Which Cloud Platform Should You Learn?,azure-vs-aws-which-cloud-platform-should-you-learn,https://forskcodingschool.com/assets/images/blog/azure-vs-aws-which-cloud-platform-should-you-learn.webp,azure-vs-aws-which-cloud-platform-should-you-learn.webp,"azure-vs-aws-which-cloud-platform-should-you-learn-roadmap.webp, azure-vs-aws-which-cloud-platform-should-you-learn-learning-path.webp, azure-vs-aws-which-cloud-platform-should-you-learn-practical-project.webp",https://forskcodingschool.com/blog/azure-vs-aws-which-cloud-platform-should-you-learn/
430,DevOps for Beginners: Complete Career Guide,devops-for-beginners-complete-career-guide,https://forskcodingschool.com/assets/images/blog/devops-for-beginners-complete-career-guide.webp,devops-for-beginners-complete-career-guide.webp,"devops-for-beginners-complete-career-guide-roadmap.webp, devops-for-beginners-complete-career-guide-learning-path.webp, devops-for-beginners-complete-career-guide-practical-project.webp",https://forskcodingschool.com/blog/devops-for-beginners-complete-career-guide/
431,DevOps Roadmap for Beginners,devops-roadmap-for-beginners,https://forskcodingschool.com/assets/images/blog/devops-roadmap-for-beginners.webp,devops-roadmap-for-beginners.webp,"devops-roadmap-for-beginners-roadmap.webp, devops-roadmap-for-beginners-learning-path.webp, devops-roadmap-for-beginners-practical-project.webp",https://forskcodingschool.com/blog/devops-roadmap-for-beginners/
432,Docker for Beginners: Complete Guide,docker-for-beginners-complete-guide,https://forskcodingschool.com/assets/images/blog/docker-for-beginners-complete-guide.webp,docker-for-beginners-complete-guide.webp,"docker-for-beginners-complete-guide-roadmap.webp, docker-for-beginners-complete-guide-learning-path.webp, docker-for-beginners-complete-guide-practical-project.webp",https://forskcodingschool.com/blog/docker-for-beginners-complete-guide/
433,Kubernetes for Beginners: What You Need to Know,kubernetes-for-beginners-what-you-need-to-know,https://forskcodingschool.com/assets/images/blog/kubernetes-for-beginners-what-you-need-to-know.webp,kubernetes-for-beginners-what-you-need-to-know.webp,"kubernetes-for-beginners-what-you-need-to-know-roadmap.webp, kubernetes-for-beginners-what-you-need-to-know-learning-path.webp, kubernetes-for-beginners-what-you-need-to-know-practical-project.webp",https://forskcodingschool.com/blog/kubernetes-for-beginners-what-you-need-to-know/
434,Git and GitHub Roadmap for Beginners,git-and-github-roadmap-for-beginners,https://forskcodingschool.com/assets/images/blog/git-and-github-roadmap-for-beginners.webp,git-and-github-roadmap-for-beginners.webp,"git-and-github-roadmap-for-beginners-roadmap.webp, git-and-github-roadmap-for-beginners-learning-path.webp, git-and-github-roadmap-for-beginners-practical-project.webp",https://forskcodingschool.com/blog/git-and-github-roadmap-for-beginners/
435,CI/CD Explained for Beginners,ci-cd-explained-for-beginners,https://forskcodingschool.com/assets/images/blog/ci-cd-explained-for-beginners.webp,ci-cd-explained-for-beginners.webp,"ci-cd-explained-for-beginners-roadmap.webp, ci-cd-explained-for-beginners-learning-path.webp, ci-cd-explained-for-beginners-practical-project.webp",https://forskcodingschool.com/blog/ci-cd-explained-for-beginners/
436,Linux for Developers: Complete Beginner Guide,linux-for-developers-complete-beginner-guide,https://forskcodingschool.com/assets/images/blog/linux-for-developers-complete-beginner-guide.webp,linux-for-developers-complete-beginner-guide.webp,"linux-for-developers-complete-beginner-guide-roadmap.webp, linux-for-developers-complete-beginner-guide-learning-path.webp, linux-for-developers-complete-beginner-guide-practical-project.webp",https://forskcodingschool.com/blog/linux-for-developers-complete-beginner-guide/
437,Linux Commands Every Developer Should Know,linux-commands-every-developer-should-know,https://forskcodingschool.com/assets/images/blog/linux-commands-every-developer-should-know.webp,linux-commands-every-developer-should-know.webp,"linux-commands-every-developer-should-know-roadmap.webp, linux-commands-every-developer-should-know-learning-path.webp, linux-commands-every-developer-should-know-practical-project.webp",https://forskcodingschool.com/blog/linux-commands-every-developer-should-know/
438,Software Testing for Beginners: Complete Guide,software-testing-for-beginners-complete-guide,https://forskcodingschool.com/assets/images/blog/software-testing-for-beginners-complete-guide.webp,software-testing-for-beginners-complete-guide.webp,"software-testing-for-beginners-complete-guide-roadmap.webp, software-testing-for-beginners-complete-guide-learning-path.webp, software-testing-for-beginners-complete-guide-practical-project.webp",https://forskcodingschool.com/blog/software-testing-for-beginners-complete-guide/
439,Manual Testing vs Automation Testing,manual-testing-vs-automation-testing,https://forskcodingschool.com/assets/images/blog/manual-testing-vs-automation-testing.webp,manual-testing-vs-automation-testing.webp,"manual-testing-vs-automation-testing-roadmap.webp, manual-testing-vs-automation-testing-learning-path.webp, manual-testing-vs-automation-testing-practical-project.webp",https://forskcodingschool.com/blog/manual-testing-vs-automation-testing/
440,Automation Testing Roadmap for Beginners,automation-testing-roadmap-for-beginners,https://forskcodingschool.com/assets/images/blog/automation-testing-roadmap-for-beginners.webp,automation-testing-roadmap-for-beginners.webp,"automation-testing-roadmap-for-beginners-roadmap.webp, automation-testing-roadmap-for-beginners-learning-path.webp, automation-testing-roadmap-for-beginners-practical-project.webp",https://forskcodingschool.com/blog/automation-testing-roadmap-for-beginners/
441,Selenium for Beginners: Complete Guide,selenium-for-beginners-complete-guide,https://forskcodingschool.com/assets/images/blog/selenium-for-beginners-complete-guide.webp,selenium-for-beginners-complete-guide.webp,"selenium-for-beginners-complete-guide-roadmap.webp, selenium-for-beginners-complete-guide-learning-path.webp, selenium-for-beginners-complete-guide-practical-project.webp",https://forskcodingschool.com/blog/selenium-for-beginners-complete-guide/
442,API Testing for Beginners,api-testing-for-beginners,https://forskcodingschool.com/assets/images/blog/api-testing-for-beginners.webp,api-testing-for-beginners.webp,"api-testing-for-beginners-roadmap.webp, api-testing-for-beginners-learning-path.webp, api-testing-for-beginners-practical-project.webp",https://forskcodingschool.com/blog/api-testing-for-beginners/
443,What Is Artificial Intelligence? Beginner's Guide,what-is-artificial-intelligence-beginners-guide,https://forskcodingschool.com/assets/images/blog/what-is-artificial-intelligence-beginners-guide.webp,what-is-artificial-intelligence-beginners-guide.webp,"what-is-artificial-intelligence-beginners-guide-roadmap.webp, what-is-artificial-intelligence-beginners-guide-learning-path.webp, what-is-artificial-intelligence-beginners-guide-practical-project.webp",https://forskcodingschool.com/blog/what-is-artificial-intelligence-beginners-guide/
444,AI vs Machine Learning: What Is the Difference?,ai-vs-machine-learning-what-is-the-difference,https://forskcodingschool.com/assets/images/blog/ai-vs-machine-learning-what-is-the-difference.webp,ai-vs-machine-learning-what-is-the-difference.webp,"ai-vs-machine-learning-what-is-the-difference-roadmap.webp, ai-vs-machine-learning-what-is-the-difference-learning-path.webp, ai-vs-machine-learning-what-is-the-difference-practical-project.webp",https://forskcodingschool.com/blog/ai-vs-machine-learning-what-is-the-difference/
445,Machine Learning Roadmap for Beginners,machine-learning-roadmap-for-beginners,https://forskcodingschool.com/assets/images/blog/machine-learning-roadmap-for-beginners.webp,machine-learning-roadmap-for-beginners.webp,"machine-learning-roadmap-for-beginners-roadmap.webp, machine-learning-roadmap-for-beginners-learning-path.webp, machine-learning-roadmap-for-beginners-practical-project.webp",https://forskcodingschool.com/blog/machine-learning-roadmap-for-beginners/
446,Python for Machine Learning: Complete Guide,python-for-machine-learning-complete-guide,https://forskcodingschool.com/assets/images/blog/python-for-machine-learning-complete-guide.webp,python-for-machine-learning-complete-guide.webp,"python-for-machine-learning-complete-guide-roadmap.webp, python-for-machine-learning-complete-guide-learning-path.webp, python-for-machine-learning-complete-guide-practical-project.webp",https://forskcodingschool.com/blog/python-for-machine-learning-complete-guide/
447,Data Science Roadmap for Beginners,data-science-roadmap-for-beginners,https://forskcodingschool.com/assets/images/blog/data-science-roadmap-for-beginners.webp,data-science-roadmap-for-beginners.webp,"data-science-roadmap-for-beginners-roadmap.webp, data-science-roadmap-for-beginners-learning-path.webp, data-science-roadmap-for-beginners-practical-project.webp",https://forskcodingschool.com/blog/data-science-roadmap-for-beginners/
448,Data Analytics Roadmap for Beginners,data-analytics-roadmap-for-beginners,https://forskcodingschool.com/assets/images/blog/data-analytics-roadmap-for-beginners.webp,data-analytics-roadmap-for-beginners.webp,"data-analytics-roadmap-for-beginners-roadmap.webp, data-analytics-roadmap-for-beginners-learning-path.webp, data-analytics-roadmap-for-beginners-practical-project.webp",https://forskcodingschool.com/blog/data-analytics-roadmap-for-beginners/
449,SQL for Data Analytics: Complete Guide,sql-for-data-analytics-complete-guide,https://forskcodingschool.com/assets/images/blog/sql-for-data-analytics-complete-guide.webp,sql-for-data-analytics-complete-guide.webp,"sql-for-data-analytics-complete-guide-roadmap.webp, sql-for-data-analytics-complete-guide-learning-path.webp, sql-for-data-analytics-complete-guide-practical-project.webp",https://forskcodingschool.com/blog/sql-for-data-analytics-complete-guide/
450,Python vs R for Data Science,python-vs-r-for-data-science,https://forskcodingschool.com/assets/images/blog/python-vs-r-for-data-science.webp,python-vs-r-for-data-science.webp,"python-vs-r-for-data-science-roadmap.webp, python-vs-r-for-data-science-learning-path.webp, python-vs-r-for-data-science-practical-project.webp",https://forskcodingschool.com/blog/python-vs-r-for-data-science/
451,Generative AI for Developers: What Should You Learn?,generative-ai-for-developers-what-should-you-learn,https://forskcodingschool.com/assets/images/blog/generative-ai-for-developers-what-should-you-learn.webp,generative-ai-for-developers-what-should-you-learn.webp,"generative-ai-for-developers-what-should-you-learn-roadmap.webp, generative-ai-for-developers-what-should-you-learn-learning-path.webp, generative-ai-for-developers-what-should-you-learn-practical-project.webp",https://forskcodingschool.com/blog/generative-ai-for-developers-what-should-you-learn/
452,AI Tools Every Developer Should Know in 2026,ai-tools-every-developer-should-know-in-2026,https://forskcodingschool.com/assets/images/blog/ai-tools-every-developer-should-know-in-2026.webp,ai-tools-every-developer-should-know-in-2026.webp,"ai-tools-every-developer-should-know-in-2026-roadmap.webp, ai-tools-every-developer-should-know-in-2026-learning-path.webp, ai-tools-every-developer-should-know-in-2026-practical-project.webp",https://forskcodingschool.com/blog/ai-tools-every-developer-should-know-in-2026/
453,How AI Is Changing Software Development,how-ai-is-changing-software-development,https://forskcodingschool.com/assets/images/blog/how-ai-is-changing-software-development.webp,how-ai-is-changing-software-development.webp,"how-ai-is-changing-software-development-roadmap.webp, how-ai-is-changing-software-development-learning-path.webp, how-ai-is-changing-software-development-practical-project.webp",https://forskcodingschool.com/blog/how-ai-is-changing-software-development/
454,Will AI Replace Software Developers?,will-ai-replace-software-developers,https://forskcodingschool.com/assets/images/blog/will-ai-replace-software-developers.webp,will-ai-replace-software-developers.webp,"will-ai-replace-software-developers-roadmap.webp, will-ai-replace-software-developers-learning-path.webp, will-ai-replace-software-developers-practical-project.webp",https://forskcodingschool.com/blog/will-ai-replace-software-developers/
455,Programming Skills That AI Cannot Easily Replace,programming-skills-that-ai-cannot-easily-replace,https://forskcodingschool.com/assets/images/blog/programming-skills-that-ai-cannot-easily-replace.webp,programming-skills-that-ai-cannot-easily-replace.webp,"programming-skills-that-ai-cannot-easily-replace-roadmap.webp, programming-skills-that-ai-cannot-easily-replace-learning-path.webp, programming-skills-that-ai-cannot-easily-replace-practical-project.webp",https://forskcodingschool.com/blog/programming-skills-that-ai-cannot-easily-replace/
456,How Developers Can Use AI to Learn Coding Faster,how-developers-can-use-ai-to-learn-coding-faster,https://forskcodingschool.com/assets/images/blog/how-developers-can-use-ai-to-learn-coding-faster.webp,how-developers-can-use-ai-to-learn-coding-faster.webp,"how-developers-can-use-ai-to-learn-coding-faster-roadmap.webp, how-developers-can-use-ai-to-learn-coding-faster-learning-path.webp, how-developers-can-use-ai-to-learn-coding-faster-practical-project.webp",https://forskcodingschool.com/blog/how-developers-can-use-ai-to-learn-coding-faster/
457,AI and Full Stack Development: What Is Changing?,ai-and-full-stack-development-what-is-changing,https://forskcodingschool.com/assets/images/blog/ai-and-full-stack-development-what-is-changing.webp,ai-and-full-stack-development-what-is-changing.webp,"ai-and-full-stack-development-what-is-changing-roadmap.webp, ai-and-full-stack-development-what-is-changing-learning-path.webp, ai-and-full-stack-development-what-is-changing-practical-project.webp",https://forskcodingschool.com/blog/ai-and-full-stack-development-what-is-changing/
458,Future of Software Development in 2026 and Beyond,future-of-software-development-in-2026-and-beyond,https://forskcodingschool.com/assets/images/blog/future-of-software-development-in-2026-and-beyond.webp,future-of-software-development-in-2026-and-beyond.webp,"future-of-software-development-in-2026-and-beyond-roadmap.webp, future-of-software-development-in-2026-and-beyond-learning-path.webp, future-of-software-development-in-2026-and-beyond-practical-project.webp",https://forskcodingschool.com/blog/future-of-software-development-in-2026-and-beyond/
459,Top Technology Skills to Learn for the Future,top-technology-skills-to-learn-for-the-future,https://forskcodingschool.com/assets/images/blog/top-technology-skills-to-learn-for-the-future.webp,top-technology-skills-to-learn-for-the-future.webp,"top-technology-skills-to-learn-for-the-future-roadmap.webp, top-technology-skills-to-learn-for-the-future-learning-path.webp, top-technology-skills-to-learn-for-the-future-practical-project.webp",https://forskcodingschool.com/blog/top-technology-skills-to-learn-for-the-future/
460,Best Tech Career Paths for Students in 2026,best-tech-career-paths-for-students-in-2026,https://forskcodingschool.com/assets/images/blog/best-tech-career-paths-for-students-in-2026.webp,best-tech-career-paths-for-students-in-2026.webp,"best-tech-career-paths-for-students-in-2026-roadmap.webp, best-tech-career-paths-for-students-in-2026-learning-path.webp, best-tech-career-paths-for-students-in-2026-practical-project.webp",https://forskcodingschool.com/blog/best-tech-career-paths-for-students-in-2026/
461,Best Coding Institute Near Vaishali Nagar Jaipur,best-coding-institute-near-vaishali-nagar-jaipur,https://forskcodingschool.com/assets/images/blog/best-coding-institute-near-vaishali-nagar-jaipur.webp,best-coding-institute-near-vaishali-nagar-jaipur.webp,"best-coding-institute-near-vaishali-nagar-jaipur-roadmap.webp, best-coding-institute-near-vaishali-nagar-jaipur-learning-path.webp, best-coding-institute-near-vaishali-nagar-jaipur-practical-project.webp",https://forskcodingschool.com/blog/best-coding-institute-near-vaishali-nagar-jaipur/
462,Best Coding Classes Near Vaishali Nagar Jaipur,best-coding-classes-near-vaishali-nagar-jaipur,https://forskcodingschool.com/assets/images/blog/best-coding-classes-near-vaishali-nagar-jaipur.webp,best-coding-classes-near-vaishali-nagar-jaipur.webp,"best-coding-classes-near-vaishali-nagar-jaipur-roadmap.webp, best-coding-classes-near-vaishali-nagar-jaipur-learning-path.webp, best-coding-classes-near-vaishali-nagar-jaipur-practical-project.webp",https://forskcodingschool.com/blog/best-coding-classes-near-vaishali-nagar-jaipur/
463,Best Programming Institute Near Mansarovar Jaipur,best-programming-institute-near-mansarovar-jaipur,https://forskcodingschool.com/assets/images/blog/best-programming-institute-near-mansarovar-jaipur.webp,best-programming-institute-near-mansarovar-jaipur.webp,"best-programming-institute-near-mansarovar-jaipur-roadmap.webp, best-programming-institute-near-mansarovar-jaipur-learning-path.webp, best-programming-institute-near-mansarovar-jaipur-practical-project.webp",https://forskcodingschool.com/blog/best-programming-institute-near-mansarovar-jaipur/
464,Best Coding Classes in Mansarovar Jaipur,best-coding-classes-in-mansarovar-jaipur,https://forskcodingschool.com/assets/images/blog/best-coding-classes-in-mansarovar-jaipur.webp,best-coding-classes-in-mansarovar-jaipur.webp,"best-coding-classes-in-mansarovar-jaipur-roadmap.webp, best-coding-classes-in-mansarovar-jaipur-learning-path.webp, best-coding-classes-in-mansarovar-jaipur-practical-project.webp",https://forskcodingschool.com/blog/best-coding-classes-in-mansarovar-jaipur/
465,Best Coding Institute Near Malviya Nagar Jaipur,best-coding-institute-near-malviya-nagar-jaipur,https://forskcodingschool.com/assets/images/blog/best-coding-institute-near-malviya-nagar-jaipur.webp,best-coding-institute-near-malviya-nagar-jaipur.webp,"best-coding-institute-near-malviya-nagar-jaipur-roadmap.webp, best-coding-institute-near-malviya-nagar-jaipur-learning-path.webp, best-coding-institute-near-malviya-nagar-jaipur-practical-project.webp",https://forskcodingschool.com/blog/best-coding-institute-near-malviya-nagar-jaipur/
466,Best Programming Classes in Malviya Nagar Jaipur,best-programming-classes-in-malviya-nagar-jaipur,https://forskcodingschool.com/assets/images/blog/best-programming-classes-in-malviya-nagar-jaipur.webp,best-programming-classes-in-malviya-nagar-jaipur.webp,"best-programming-classes-in-malviya-nagar-jaipur-roadmap.webp, best-programming-classes-in-malviya-nagar-jaipur-learning-path.webp, best-programming-classes-in-malviya-nagar-jaipur-practical-project.webp",https://forskcodingschool.com/blog/best-programming-classes-in-malviya-nagar-jaipur/
467,Best Coding Institute Near Jagatpura Jaipur,best-coding-institute-near-jagatpura-jaipur,https://forskcodingschool.com/assets/images/blog/best-coding-institute-near-jagatpura-jaipur.webp,best-coding-institute-near-jagatpura-jaipur.webp,"best-coding-institute-near-jagatpura-jaipur-roadmap.webp, best-coding-institute-near-jagatpura-jaipur-learning-path.webp, best-coding-institute-near-jagatpura-jaipur-practical-project.webp",https://forskcodingschool.com/blog/best-coding-institute-near-jagatpura-jaipur/
468,Best Coding Classes in Jagatpura Jaipur,best-coding-classes-in-jagatpura-jaipur,https://forskcodingschool.com/assets/images/blog/best-coding-classes-in-jagatpura-jaipur.webp,best-coding-classes-in-jagatpura-jaipur.webp,"best-coding-classes-in-jagatpura-jaipur-roadmap.webp, best-coding-classes-in-jagatpura-jaipur-learning-path.webp, best-coding-classes-in-jagatpura-jaipur-practical-project.webp",https://forskcodingschool.com/blog/best-coding-classes-in-jagatpura-jaipur/
469,Best Coding Institute Near Raja Park Jaipur,best-coding-institute-near-raja-park-jaipur,https://forskcodingschool.com/assets/images/blog/best-coding-institute-near-raja-park-jaipur.webp,best-coding-institute-near-raja-park-jaipur.webp,"best-coding-institute-near-raja-park-jaipur-roadmap.webp, best-coding-institute-near-raja-park-jaipur-learning-path.webp, best-coding-institute-near-raja-park-jaipur-practical-project.webp",https://forskcodingschool.com/blog/best-coding-institute-near-raja-park-jaipur/
470,Best Programming Classes Near Raja Park Jaipur,best-programming-classes-near-raja-park-jaipur,https://forskcodingschool.com/assets/images/blog/best-programming-classes-near-raja-park-jaipur.webp,best-programming-classes-near-raja-park-jaipur.webp,"best-programming-classes-near-raja-park-jaipur-roadmap.webp, best-programming-classes-near-raja-park-jaipur-learning-path.webp, best-programming-classes-near-raja-park-jaipur-practical-project.webp",https://forskcodingschool.com/blog/best-programming-classes-near-raja-park-jaipur/
471,Best Coding Institute Near C-Scheme Jaipur,best-coding-institute-near-c-scheme-jaipur,https://forskcodingschool.com/assets/images/blog/best-coding-institute-near-c-scheme-jaipur.webp,best-coding-institute-near-c-scheme-jaipur.webp,"best-coding-institute-near-c-scheme-jaipur-roadmap.webp, best-coding-institute-near-c-scheme-jaipur-learning-path.webp, best-coding-institute-near-c-scheme-jaipur-practical-project.webp",https://forskcodingschool.com/blog/best-coding-institute-near-c-scheme-jaipur/
472,Best Coding Classes in C-Scheme Jaipur,best-coding-classes-in-c-scheme-jaipur,https://forskcodingschool.com/assets/images/blog/best-coding-classes-in-c-scheme-jaipur.webp,best-coding-classes-in-c-scheme-jaipur.webp,"best-coding-classes-in-c-scheme-jaipur-roadmap.webp, best-coding-classes-in-c-scheme-jaipur-learning-path.webp, best-coding-classes-in-c-scheme-jaipur-practical-project.webp",https://forskcodingschool.com/blog/best-coding-classes-in-c-scheme-jaipur/
473,Best Coding Institute Near Tonk Road Jaipur,best-coding-institute-near-tonk-road-jaipur,https://forskcodingschool.com/assets/images/blog/best-coding-institute-near-tonk-road-jaipur.webp,best-coding-institute-near-tonk-road-jaipur.webp,"best-coding-institute-near-tonk-road-jaipur-roadmap.webp, best-coding-institute-near-tonk-road-jaipur-learning-path.webp, best-coding-institute-near-tonk-road-jaipur-practical-project.webp",https://forskcodingschool.com/blog/best-coding-institute-near-tonk-road-jaipur/
474,Best Programming Classes on Tonk Road Jaipur,best-programming-classes-on-tonk-road-jaipur,https://forskcodingschool.com/assets/images/blog/best-programming-classes-on-tonk-road-jaipur.webp,best-programming-classes-on-tonk-road-jaipur.webp,"best-programming-classes-on-tonk-road-jaipur-roadmap.webp, best-programming-classes-on-tonk-road-jaipur-learning-path.webp, best-programming-classes-on-tonk-road-jaipur-practical-project.webp",https://forskcodingschool.com/blog/best-programming-classes-on-tonk-road-jaipur/
475,Best Coding Institute Near Sitapura Jaipur,best-coding-institute-near-sitapura-jaipur,https://forskcodingschool.com/assets/images/blog/best-coding-institute-near-sitapura-jaipur.webp,best-coding-institute-near-sitapura-jaipur.webp,"best-coding-institute-near-sitapura-jaipur-roadmap.webp, best-coding-institute-near-sitapura-jaipur-learning-path.webp, best-coding-institute-near-sitapura-jaipur-practical-project.webp",https://forskcodingschool.com/blog/best-coding-institute-near-sitapura-jaipur/
476,Best Coding Classes in Sitapura Jaipur,best-coding-classes-in-sitapura-jaipur,https://forskcodingschool.com/assets/images/blog/best-coding-classes-in-sitapura-jaipur.webp,best-coding-classes-in-sitapura-jaipur.webp,"best-coding-classes-in-sitapura-jaipur-roadmap.webp, best-coding-classes-in-sitapura-jaipur-learning-path.webp, best-coding-classes-in-sitapura-jaipur-practical-project.webp",https://forskcodingschool.com/blog/best-coding-classes-in-sitapura-jaipur/
477,Best Coding Institute Near Pratap Nagar Jaipur,best-coding-institute-near-pratap-nagar-jaipur,https://forskcodingschool.com/assets/images/blog/best-coding-institute-near-pratap-nagar-jaipur.webp,best-coding-institute-near-pratap-nagar-jaipur.webp,"best-coding-institute-near-pratap-nagar-jaipur-roadmap.webp, best-coding-institute-near-pratap-nagar-jaipur-learning-path.webp, best-coding-institute-near-pratap-nagar-jaipur-practical-project.webp",https://forskcodingschool.com/blog/best-coding-institute-near-pratap-nagar-jaipur/
478,Best Programming Classes in Pratap Nagar Jaipur,best-programming-classes-in-pratap-nagar-jaipur,https://forskcodingschool.com/assets/images/blog/best-programming-classes-in-pratap-nagar-jaipur.webp,best-programming-classes-in-pratap-nagar-jaipur.webp,"best-programming-classes-in-pratap-nagar-jaipur-roadmap.webp, best-programming-classes-in-pratap-nagar-jaipur-learning-path.webp, best-programming-classes-in-pratap-nagar-jaipur-practical-project.webp",https://forskcodingschool.com/blog/best-programming-classes-in-pratap-nagar-jaipur/
479,Best Coding Institute Near Sanganer Jaipur,best-coding-institute-near-sanganer-jaipur,https://forskcodingschool.com/assets/images/blog/best-coding-institute-near-sanganer-jaipur.webp,best-coding-institute-near-sanganer-jaipur.webp,"best-coding-institute-near-sanganer-jaipur-roadmap.webp, best-coding-institute-near-sanganer-jaipur-learning-path.webp, best-coding-institute-near-sanganer-jaipur-practical-project.webp",https://forskcodingschool.com/blog/best-coding-institute-near-sanganer-jaipur/
480,Best Coding Classes in Sanganer Jaipur,best-coding-classes-in-sanganer-jaipur,https://forskcodingschool.com/assets/images/blog/best-coding-classes-in-sanganer-jaipur.webp,best-coding-classes-in-sanganer-jaipur.webp,"best-coding-classes-in-sanganer-jaipur-roadmap.webp, best-coding-classes-in-sanganer-jaipur-learning-path.webp, best-coding-classes-in-sanganer-jaipur-practical-project.webp",https://forskcodingschool.com/blog/best-coding-classes-in-sanganer-jaipur/
481,Best Java Classes in Jaipur for Freshers,best-java-classes-in-jaipur-for-freshers,https://forskcodingschool.com/assets/images/blog/best-java-classes-in-jaipur-for-freshers.webp,best-java-classes-in-jaipur-for-freshers.webp,"best-java-classes-in-jaipur-for-freshers-roadmap.webp, best-java-classes-in-jaipur-for-freshers-learning-path.webp, best-java-classes-in-jaipur-for-freshers-practical-project.webp",https://forskcodingschool.com/blog/best-java-classes-in-jaipur-for-freshers/
482,Best Python Classes in Jaipur for Freshers,best-python-classes-in-jaipur-for-freshers,https://forskcodingschool.com/assets/images/blog/best-python-classes-in-jaipur-for-freshers.webp,best-python-classes-in-jaipur-for-freshers.webp,"best-python-classes-in-jaipur-for-freshers-roadmap.webp, best-python-classes-in-jaipur-for-freshers-learning-path.webp, best-python-classes-in-jaipur-for-freshers-practical-project.webp",https://forskcodingschool.com/blog/best-python-classes-in-jaipur-for-freshers/
483,Best C++ Classes in Jaipur for Students,best-cpp-classes-in-jaipur-for-students,https://forskcodingschool.com/assets/images/blog/best-cpp-classes-in-jaipur-for-students.webp,best-cpp-classes-in-jaipur-for-students.webp,"best-cpp-classes-in-jaipur-for-students-roadmap.webp, best-cpp-classes-in-jaipur-for-students-learning-path.webp, best-cpp-classes-in-jaipur-for-students-practical-project.webp",https://forskcodingschool.com/blog/best-cpp-classes-in-jaipur-for-students/
484,Best JavaScript Classes in Jaipur for Beginners,best-javascript-classes-in-jaipur-for-beginners,https://forskcodingschool.com/assets/images/blog/best-javascript-classes-in-jaipur-for-beginners.webp,best-javascript-classes-in-jaipur-for-beginners.webp,"best-javascript-classes-in-jaipur-for-beginners-roadmap.webp, best-javascript-classes-in-jaipur-for-beginners-learning-path.webp, best-javascript-classes-in-jaipur-for-beginners-practical-project.webp",https://forskcodingschool.com/blog/best-javascript-classes-in-jaipur-for-beginners/
485,Best React JS Classes in Jaipur,best-react-js-classes-in-jaipur,https://forskcodingschool.com/assets/images/blog/best-react-js-classes-in-jaipur.webp,best-react-js-classes-in-jaipur.webp,"best-react-js-classes-in-jaipur-roadmap.webp, best-react-js-classes-in-jaipur-learning-path.webp, best-react-js-classes-in-jaipur-practical-project.webp",https://forskcodingschool.com/blog/best-react-js-classes-in-jaipur/
486,Best Node.js Classes in Jaipur,best-nodejs-classes-in-jaipur,https://forskcodingschool.com/assets/images/blog/best-nodejs-classes-in-jaipur.webp,best-nodejs-classes-in-jaipur.webp,"best-nodejs-classes-in-jaipur-roadmap.webp, best-nodejs-classes-in-jaipur-learning-path.webp, best-nodejs-classes-in-jaipur-practical-project.webp",https://forskcodingschool.com/blog/best-nodejs-classes-in-jaipur/
487,Best MERN Stack Classes in Jaipur,best-mern-stack-classes-in-jaipur,https://forskcodingschool.com/assets/images/blog/best-mern-stack-classes-in-jaipur.webp,best-mern-stack-classes-in-jaipur.webp,"best-mern-stack-classes-in-jaipur-roadmap.webp, best-mern-stack-classes-in-jaipur-learning-path.webp, best-mern-stack-classes-in-jaipur-practical-project.webp",https://forskcodingschool.com/blog/best-mern-stack-classes-in-jaipur/
488,Best Full Stack Classes in Jaipur,best-full-stack-classes-in-jaipur,https://forskcodingschool.com/assets/images/blog/best-full-stack-classes-in-jaipur.webp,best-full-stack-classes-in-jaipur.webp,"best-full-stack-classes-in-jaipur-roadmap.webp, best-full-stack-classes-in-jaipur-learning-path.webp, best-full-stack-classes-in-jaipur-practical-project.webp",https://forskcodingschool.com/blog/best-full-stack-classes-in-jaipur/
489,Best Web Development Classes in Jaipur,best-web-development-classes-in-jaipur,https://forskcodingschool.com/assets/images/blog/best-web-development-classes-in-jaipur.webp,best-web-development-classes-in-jaipur.webp,"best-web-development-classes-in-jaipur-roadmap.webp, best-web-development-classes-in-jaipur-learning-path.webp, best-web-development-classes-in-jaipur-practical-project.webp",https://forskcodingschool.com/blog/best-web-development-classes-in-jaipur/
490,Best Software Development Classes in Jaipur,best-software-development-classes-in-jaipur,https://forskcodingschool.com/assets/images/blog/best-software-development-classes-in-jaipur.webp,best-software-development-classes-in-jaipur.webp,"best-software-development-classes-in-jaipur-roadmap.webp, best-software-development-classes-in-jaipur-learning-path.webp, best-software-development-classes-in-jaipur-practical-project.webp",https://forskcodingschool.com/blog/best-software-development-classes-in-jaipur/
491,Best DSA Classes in Jaipur for Placements,best-dsa-classes-in-jaipur-for-placements,https://forskcodingschool.com/assets/images/blog/best-dsa-classes-in-jaipur-for-placements.webp,best-dsa-classes-in-jaipur-for-placements.webp,"best-dsa-classes-in-jaipur-for-placements-roadmap.webp, best-dsa-classes-in-jaipur-for-placements-learning-path.webp, best-dsa-classes-in-jaipur-for-placements-practical-project.webp",https://forskcodingschool.com/blog/best-dsa-classes-in-jaipur-for-placements/
492,Best Coding Classes in Jaipur for Placements,best-coding-classes-in-jaipur-for-placements,https://forskcodingschool.com/assets/images/blog/best-coding-classes-in-jaipur-for-placements.webp,best-coding-classes-in-jaipur-for-placements.webp,"best-coding-classes-in-jaipur-for-placements-roadmap.webp, best-coding-classes-in-jaipur-for-placements-learning-path.webp, best-coding-classes-in-jaipur-for-placements-practical-project.webp",https://forskcodingschool.com/blog/best-coding-classes-in-jaipur-for-placements/
493,Best Programming Course in Jaipur with Practical Projects,best-programming-course-in-jaipur-with-practical-projects,https://forskcodingschool.com/assets/images/blog/best-programming-course-in-jaipur-with-practical-projects.webp,best-programming-course-in-jaipur-with-practical-projects.webp,"best-programming-course-in-jaipur-with-practical-projects-roadmap.webp, best-programming-course-in-jaipur-with-practical-projects-learning-path.webp, best-programming-course-in-jaipur-with-practical-projects-practical-project.webp",https://forskcodingschool.com/blog/best-programming-course-in-jaipur-with-practical-projects/
494,Best Full Stack Course in Jaipur with Real-World Projects,best-full-stack-course-in-jaipur-with-real-world-projects,https://forskcodingschool.com/assets/images/blog/best-full-stack-course-in-jaipur-with-real-world-projects.webp,best-full-stack-course-in-jaipur-with-real-world-projects.webp,"best-full-stack-course-in-jaipur-with-real-world-projects-roadmap.webp, best-full-stack-course-in-jaipur-with-real-world-projects-learning-path.webp, best-full-stack-course-in-jaipur-with-real-world-projects-practical-project.webp",https://forskcodingschool.com/blog/best-full-stack-course-in-jaipur-with-real-world-projects/
495,Best Java Course in Jaipur with Practical Projects,best-java-course-in-jaipur-with-practical-projects,https://forskcodingschool.com/assets/images/blog/best-java-course-in-jaipur-with-practical-projects.webp,best-java-course-in-jaipur-with-practical-projects.webp,"best-java-course-in-jaipur-with-practical-projects-roadmap.webp, best-java-course-in-jaipur-with-practical-projects-learning-path.webp, best-java-course-in-jaipur-with-practical-projects-practical-project.webp",https://forskcodingschool.com/blog/best-java-course-in-jaipur-with-practical-projects/
496,Best Python Course in Jaipur with Practical Projects,best-python-course-in-jaipur-with-practical-projects,https://forskcodingschool.com/assets/images/blog/best-python-course-in-jaipur-with-practical-projects.webp,best-python-course-in-jaipur-with-practical-projects.webp,"best-python-course-in-jaipur-with-practical-projects-roadmap.webp, best-python-course-in-jaipur-with-practical-projects-learning-path.webp, best-python-course-in-jaipur-with-practical-projects-practical-project.webp",https://forskcodingschool.com/blog/best-python-course-in-jaipur-with-practical-projects/
497,Best Coding Course in Jaipur for IT Placements,best-coding-course-in-jaipur-for-it-placements,https://forskcodingschool.com/assets/images/blog/best-coding-course-in-jaipur-for-it-placements.webp,best-coding-course-in-jaipur-for-it-placements.webp,"best-coding-course-in-jaipur-for-it-placements-roadmap.webp, best-coding-course-in-jaipur-for-it-placements-learning-path.webp, best-coding-course-in-jaipur-for-it-placements-practical-project.webp",https://forskcodingschool.com/blog/best-coding-course-in-jaipur-for-it-placements/
498,Best Coding Institute in Jaipur for Career-Focused Training,best-coding-institute-in-jaipur-for-career-focused-training,https://forskcodingschool.com/assets/images/blog/best-coding-institute-in-jaipur-for-career-focused-training.webp,best-coding-institute-in-jaipur-for-career-focused-training.webp,"best-coding-institute-in-jaipur-for-career-focused-training-roadmap.webp, best-coding-institute-in-jaipur-for-career-focused-training-learning-path.webp, best-coding-institute-in-jaipur-for-career-focused-training-practical-project.webp",https://forskcodingschool.com/blog/best-coding-institute-in-jaipur-for-career-focused-training/
499,Why Forsk Coding School Is a Choice for Coding Education in Jaipur,why-forsk-coding-school-is-a-choice-for-coding-education-in-jaipur,https://forskcodingschool.com/assets/images/blog/why-forsk-coding-school-is-a-choice-for-coding-education-in-jaipur.webp,why-forsk-coding-school-is-a-choice-for-coding-education-in-jaipur.webp,"why-forsk-coding-school-is-a-choice-for-coding-education-in-jaipur-roadmap.webp, why-forsk-coding-school-is-a-choice-for-coding-education-in-jaipur-learning-path.webp, why-forsk-coding-school-is-a-choice-for-coding-education-in-jaipur-practical-project.webp",https://forskcodingschool.com/blog/why-forsk-coding-school-is-a-choice-for-coding-education-in-jaipur/
500,Forsk Coding School Jaipur: Complete Guide to Coding Courses and Career Paths,forsk-coding-school-jaipur-complete-guide-to-coding-courses-and-career-paths,https://forskcodingschool.com/assets/images/blog/forsk-coding-school-jaipur-complete-guide-to-coding-courses-and-career-paths.webp,forsk-coding-school-jaipur-complete-guide-to-coding-courses-and-career-paths.webp,"forsk-coding-school-jaipur-complete-guide-to-coding-courses-and-career-paths-roadmap.webp, forsk-coding-school-jaipur-complete-guide-to-coding-courses-and-career-paths-learning-path.webp, forsk-coding-school-jaipur-complete-guide-to-coding-courses-and-career-paths-practical-project.webp",https://forskcodingschool.com/blog/forsk-coding-school-jaipur-complete-guide-to-coding-courses-and-career-paths/
