No,Category,Title,Slug,URL,Featured Image URL,Supporting Image URL,Meta Title,Meta Description,Primary Keyword
1,Java,Java Memory Management Explained for Beginners,java-memory-management-explained-for-beginners,https://forskcodingschool.com/blog/java-memory-management-explained-for-beginners/,https://forskcodingschool.com/assets/images/blog/java-memory-management-explained-for-beginners.webp,https://forskcodingschool.com/assets/images/blog/java-memory-management-explained-for-beginners-visual.webp,Java Memory Management Explained for Beginners | Practical G,"Java Memory Management Explained for Beginners with practical examples, learning steps, common mistakes, projects and career-focused guidance from Forsk Codin",java programming
2,Java,Java Garbage Collection and How It Works,java-garbage-collection-and-how-it-works,https://forskcodingschool.com/blog/java-garbage-collection-and-how-it-works/,https://forskcodingschool.com/assets/images/blog/java-garbage-collection-and-how-it-works.webp,https://forskcodingschool.com/assets/images/blog/java-garbage-collection-and-how-it-works-visual.webp,Java Garbage Collection and How It Works | Practical Guide f,"Java Garbage Collection and How It Works with practical examples, learning steps, common mistakes, projects and career-focused guidance from Forsk Coding Scho",java programming
3,Java,Java Exception Handling Patterns for Reliable Applications,java-exception-handling-patterns-for-reliable-applications,https://forskcodingschool.com/blog/java-exception-handling-patterns-for-reliable-applications/,https://forskcodingschool.com/assets/images/blog/java-exception-handling-patterns-for-reliable-applications.webp,https://forskcodingschool.com/assets/images/blog/java-exception-handling-patterns-for-reliable-applications-visual.webp,Java Exception Handling Patterns for Reliable Applications,"Java Exception Handling Patterns for Reliable Applications with practical examples, learning steps, common mistakes, projects and career-focused guidance from",java programming
4,Java,Java Streams API: Practical Use Cases and Examples,java-streams-api-practical-use-cases-and-examples,https://forskcodingschool.com/blog/java-streams-api-practical-use-cases-and-examples/,https://forskcodingschool.com/assets/images/blog/java-streams-api-practical-use-cases-and-examples.webp,https://forskcodingschool.com/assets/images/blog/java-streams-api-practical-use-cases-and-examples-visual.webp,Java Streams API: Practical Use Cases and Examples | Practic,"Java Streams API: Practical Use Cases and Examples with practical examples, learning steps, common mistakes, projects and career-focused guidance from Forsk C",java programming
5,Java,Java Collections: Choosing the Right Data Structure,java-collections-choosing-the-right-data-structure,https://forskcodingschool.com/blog/java-collections-choosing-the-right-data-structure/,https://forskcodingschool.com/assets/images/blog/java-collections-choosing-the-right-data-structure.webp,https://forskcodingschool.com/assets/images/blog/java-collections-choosing-the-right-data-structure-visual.webp,Java Collections: Choosing the Right Data Structure | Practi,"Java Collections: Choosing the Right Data Structure with practical examples, learning steps, common mistakes, projects and career-focused guidance from Forsk",java programming
6,Java,Java Multithreading Basics for Backend Developers,java-multithreading-basics-for-backend-developers,https://forskcodingschool.com/blog/java-multithreading-basics-for-backend-developers/,https://forskcodingschool.com/assets/images/blog/java-multithreading-basics-for-backend-developers.webp,https://forskcodingschool.com/assets/images/blog/java-multithreading-basics-for-backend-developers-visual.webp,Java Multithreading Basics for Backend Developers | Practica,"Java Multithreading Basics for Backend Developers with practical examples, learning steps, common mistakes, projects and career-focused guidance from Forsk Co",java programming
7,Java,"Java Concurrency: Threads, Executors and Futures",java-concurrency-threads-executors-and-futures,https://forskcodingschool.com/blog/java-concurrency-threads-executors-and-futures/,https://forskcodingschool.com/assets/images/blog/java-concurrency-threads-executors-and-futures.webp,https://forskcodingschool.com/assets/images/blog/java-concurrency-threads-executors-and-futures-visual.webp,"Java Concurrency: Threads, Executors and Futures | Practical","Java Concurrency: Threads, Executors and Futures with practical examples, learning steps, common mistakes, projects and career-focused guidance from Forsk Cod",java programming
8,Java,Java File Handling with NIO and NIO.2,java-file-handling-with-nio-and-nio-2,https://forskcodingschool.com/blog/java-file-handling-with-nio-and-nio-2/,https://forskcodingschool.com/assets/images/blog/java-file-handling-with-nio-and-nio-2.webp,https://forskcodingschool.com/assets/images/blog/java-file-handling-with-nio-and-nio-2-visual.webp,Java File Handling with NIO and NIO.2 | Practical Guide for,"Java File Handling with NIO and NIO.2 with practical examples, learning steps, common mistakes, projects and career-focused guidance from Forsk Coding School",java programming
9,Java,Java Generics Explained with Practical Examples,java-generics-explained-with-practical-examples,https://forskcodingschool.com/blog/java-generics-explained-with-practical-examples/,https://forskcodingschool.com/assets/images/blog/java-generics-explained-with-practical-examples.webp,https://forskcodingschool.com/assets/images/blog/java-generics-explained-with-practical-examples-visual.webp,Java Generics Explained with Practical Examples | Practical,"Java Generics Explained with Practical Examples with practical examples, learning steps, common mistakes, projects and career-focused guidance from Forsk Codi",java programming
10,Java,Java Annotations and Reflection: When to Use Them,java-annotations-and-reflection-when-to-use-them,https://forskcodingschool.com/blog/java-annotations-and-reflection-when-to-use-them/,https://forskcodingschool.com/assets/images/blog/java-annotations-and-reflection-when-to-use-them.webp,https://forskcodingschool.com/assets/images/blog/java-annotations-and-reflection-when-to-use-them-visual.webp,Java Annotations and Reflection: When to Use Them | Practica,"Java Annotations and Reflection: When to Use Them with practical examples, learning steps, common mistakes, projects and career-focused guidance from Forsk Co",java programming
11,Python,Python Virtual Environments and Dependency Management,python-virtual-environments-and-dependency-management,https://forskcodingschool.com/blog/python-virtual-environments-and-dependency-management/,https://forskcodingschool.com/assets/images/blog/python-virtual-environments-and-dependency-management.webp,https://forskcodingschool.com/assets/images/blog/python-virtual-environments-and-dependency-management-visual.webp,Python Virtual Environments and Dependency Management | Prac,"Python Virtual Environments and Dependency Management with practical examples, learning steps, common mistakes, projects and career-focused guidance from Fors",python programming
12,Python,Python Decorators Explained with Real Use Cases,python-decorators-explained-with-real-use-cases,https://forskcodingschool.com/blog/python-decorators-explained-with-real-use-cases/,https://forskcodingschool.com/assets/images/blog/python-decorators-explained-with-real-use-cases.webp,https://forskcodingschool.com/assets/images/blog/python-decorators-explained-with-real-use-cases-visual.webp,Python Decorators Explained with Real Use Cases | Practical,"Python Decorators Explained with Real Use Cases with practical examples, learning steps, common mistakes, projects and career-focused guidance from Forsk Codi",python programming
13,Python,Python Generators and Iterators for Efficient Code,python-generators-and-iterators-for-efficient-code,https://forskcodingschool.com/blog/python-generators-and-iterators-for-efficient-code/,https://forskcodingschool.com/assets/images/blog/python-generators-and-iterators-for-efficient-code.webp,https://forskcodingschool.com/assets/images/blog/python-generators-and-iterators-for-efficient-code-visual.webp,Python Generators and Iterators for Efficient Code | Practic,"Python Generators and Iterators for Efficient Code with practical examples, learning steps, common mistakes, projects and career-focused guidance from Forsk C",python programming
14,Python,Python List Comprehensions: Patterns and Pitfalls,python-list-comprehensions-patterns-and-pitfalls,https://forskcodingschool.com/blog/python-list-comprehensions-patterns-and-pitfalls/,https://forskcodingschool.com/assets/images/blog/python-list-comprehensions-patterns-and-pitfalls.webp,https://forskcodingschool.com/assets/images/blog/python-list-comprehensions-patterns-and-pitfalls-visual.webp,Python List Comprehensions: Patterns and Pitfalls | Practica,"Python List Comprehensions: Patterns and Pitfalls with practical examples, learning steps, common mistakes, projects and career-focused guidance from Forsk Co",python programming
15,Python,Python Dictionaries: Advanced Patterns for Developers,python-dictionaries-advanced-patterns-for-developers,https://forskcodingschool.com/blog/python-dictionaries-advanced-patterns-for-developers/,https://forskcodingschool.com/assets/images/blog/python-dictionaries-advanced-patterns-for-developers.webp,https://forskcodingschool.com/assets/images/blog/python-dictionaries-advanced-patterns-for-developers-visual.webp,Python Dictionaries: Advanced Patterns for Developers | Prac,"Python Dictionaries: Advanced Patterns for Developers with practical examples, learning steps, common mistakes, projects and career-focused guidance from Fors",python programming
16,Python,Python Exception Handling for Production Code,python-exception-handling-for-production-code,https://forskcodingschool.com/blog/python-exception-handling-for-production-code/,https://forskcodingschool.com/assets/images/blog/python-exception-handling-for-production-code.webp,https://forskcodingschool.com/assets/images/blog/python-exception-handling-for-production-code-visual.webp,Python Exception Handling for Production Code | Practical Gu,"Python Exception Handling for Production Code with practical examples, learning steps, common mistakes, projects and career-focused guidance from Forsk Coding",python programming
17,Python,Python Logging: Build Better Debugging Workflows,python-logging-build-better-debugging-workflows,https://forskcodingschool.com/blog/python-logging-build-better-debugging-workflows/,https://forskcodingschool.com/assets/images/blog/python-logging-build-better-debugging-workflows.webp,https://forskcodingschool.com/assets/images/blog/python-logging-build-better-debugging-workflows-visual.webp,Python Logging: Build Better Debugging Workflows | Practical,"Python Logging: Build Better Debugging Workflows with practical examples, learning steps, common mistakes, projects and career-focused guidance from Forsk Cod",python programming
18,Python,Python Type Hints and Static Checking for Beginners,python-type-hints-and-static-checking-for-beginners,https://forskcodingschool.com/blog/python-type-hints-and-static-checking-for-beginners/,https://forskcodingschool.com/assets/images/blog/python-type-hints-and-static-checking-for-beginners.webp,https://forskcodingschool.com/assets/images/blog/python-type-hints-and-static-checking-for-beginners-visual.webp,Python Type Hints and Static Checking for Beginners | Practi,"Python Type Hints and Static Checking for Beginners with practical examples, learning steps, common mistakes, projects and career-focused guidance from Forsk",python programming
19,Python,Python File Handling and Pathlib Best Practices,python-file-handling-and-pathlib-best-practices,https://forskcodingschool.com/blog/python-file-handling-and-pathlib-best-practices/,https://forskcodingschool.com/assets/images/blog/python-file-handling-and-pathlib-best-practices.webp,https://forskcodingschool.com/assets/images/blog/python-file-handling-and-pathlib-best-practices-visual.webp,Python File Handling and Pathlib Best Practices | Practical,"Python File Handling and Pathlib Best Practices with practical examples, learning steps, common mistakes, projects and career-focused guidance from Forsk Codi",python programming
20,Python,Python Unit Testing with pytest: A Practical Guide,python-unit-testing-with-pytest-a-practical-guide,https://forskcodingschool.com/blog/python-unit-testing-with-pytest-a-practical-guide/,https://forskcodingschool.com/assets/images/blog/python-unit-testing-with-pytest-a-practical-guide.webp,https://forskcodingschool.com/assets/images/blog/python-unit-testing-with-pytest-a-practical-guide-visual.webp,Python Unit Testing with pytest: A Practical Guide | Practic,"Python Unit Testing with pytest: A Practical Guide with practical examples, learning steps, common mistakes, projects and career-focused guidance from Forsk C",python programming
21,JavaScript,JavaScript Closures Explained with Practical Examples,javascript-closures-explained-with-practical-examples,https://forskcodingschool.com/blog/javascript-closures-explained-with-practical-examples/,https://forskcodingschool.com/assets/images/blog/javascript-closures-explained-with-practical-examples.webp,https://forskcodingschool.com/assets/images/blog/javascript-closures-explained-with-practical-examples-visual.webp,JavaScript Closures Explained with Practical Examples | Prac,"JavaScript Closures Explained with Practical Examples with practical examples, learning steps, common mistakes, projects and career-focused guidance from Fors",javascript
22,JavaScript,JavaScript Event Loop and Asynchronous Execution,javascript-event-loop-and-asynchronous-execution,https://forskcodingschool.com/blog/javascript-event-loop-and-asynchronous-execution/,https://forskcodingschool.com/assets/images/blog/javascript-event-loop-and-asynchronous-execution.webp,https://forskcodingschool.com/assets/images/blog/javascript-event-loop-and-asynchronous-execution-visual.webp,JavaScript Event Loop and Asynchronous Execution | Practical,"JavaScript Event Loop and Asynchronous Execution with practical examples, learning steps, common mistakes, projects and career-focused guidance from Forsk Cod",javascript
23,JavaScript,"JavaScript Promises: Chaining, Errors and Best Practices",javascript-promises-chaining-errors-and-best-practices,https://forskcodingschool.com/blog/javascript-promises-chaining-errors-and-best-practices/,https://forskcodingschool.com/assets/images/blog/javascript-promises-chaining-errors-and-best-practices.webp,https://forskcodingschool.com/assets/images/blog/javascript-promises-chaining-errors-and-best-practices-visual.webp,"JavaScript Promises: Chaining, Errors and Best Practices | P","JavaScript Promises: Chaining, Errors and Best Practices with practical examples, learning steps, common mistakes, projects and career-focused guidance from F",javascript
24,JavaScript,JavaScript Async and Await for Modern Web Apps,javascript-async-and-await-for-modern-web-apps,https://forskcodingschool.com/blog/javascript-async-and-await-for-modern-web-apps/,https://forskcodingschool.com/assets/images/blog/javascript-async-and-await-for-modern-web-apps.webp,https://forskcodingschool.com/assets/images/blog/javascript-async-and-await-for-modern-web-apps-visual.webp,JavaScript Async and Await for Modern Web Apps | Practical G,"JavaScript Async and Await for Modern Web Apps with practical examples, learning steps, common mistakes, projects and career-focused guidance from Forsk Codin",javascript
25,JavaScript,JavaScript Array Methods Every Developer Should Know,javascript-array-methods-every-developer-should-know,https://forskcodingschool.com/blog/javascript-array-methods-every-developer-should-know/,https://forskcodingschool.com/assets/images/blog/javascript-array-methods-every-developer-should-know.webp,https://forskcodingschool.com/assets/images/blog/javascript-array-methods-every-developer-should-know-visual.webp,JavaScript Array Methods Every Developer Should Know | Pract,"JavaScript Array Methods Every Developer Should Know with practical examples, learning steps, common mistakes, projects and career-focused guidance from Forsk",javascript
26,JavaScript,JavaScript Objects and Prototypes Explained,javascript-objects-and-prototypes-explained,https://forskcodingschool.com/blog/javascript-objects-and-prototypes-explained/,https://forskcodingschool.com/assets/images/blog/javascript-objects-and-prototypes-explained.webp,https://forskcodingschool.com/assets/images/blog/javascript-objects-and-prototypes-explained-visual.webp,JavaScript Objects and Prototypes Explained | Practical Guid,"JavaScript Objects and Prototypes Explained with practical examples, learning steps, common mistakes, projects and career-focused guidance from Forsk Coding S",javascript
27,JavaScript,JavaScript Modules: ES Modules vs CommonJS,javascript-modules-es-modules-vs-commonjs,https://forskcodingschool.com/blog/javascript-modules-es-modules-vs-commonjs/,https://forskcodingschool.com/assets/images/blog/javascript-modules-es-modules-vs-commonjs.webp,https://forskcodingschool.com/assets/images/blog/javascript-modules-es-modules-vs-commonjs-visual.webp,JavaScript Modules: ES Modules vs CommonJS | Practical Guide,"JavaScript Modules: ES Modules vs CommonJS with practical examples, learning steps, common mistakes, projects and career-focused guidance from Forsk Coding Sc",javascript
28,JavaScript,JavaScript Fetch API for Real-World API Requests,javascript-fetch-api-for-real-world-api-requests,https://forskcodingschool.com/blog/javascript-fetch-api-for-real-world-api-requests/,https://forskcodingschool.com/assets/images/blog/javascript-fetch-api-for-real-world-api-requests.webp,https://forskcodingschool.com/assets/images/blog/javascript-fetch-api-for-real-world-api-requests-visual.webp,JavaScript Fetch API for Real-World API Requests | Practical,"JavaScript Fetch API for Real-World API Requests with practical examples, learning steps, common mistakes, projects and career-focused guidance from Forsk Cod",javascript
29,JavaScript,JavaScript Debouncing and Throttling for Better UX,javascript-debouncing-and-throttling-for-better-ux,https://forskcodingschool.com/blog/javascript-debouncing-and-throttling-for-better-ux/,https://forskcodingschool.com/assets/images/blog/javascript-debouncing-and-throttling-for-better-ux.webp,https://forskcodingschool.com/assets/images/blog/javascript-debouncing-and-throttling-for-better-ux-visual.webp,JavaScript Debouncing and Throttling for Better UX | Practic,"JavaScript Debouncing and Throttling for Better UX with practical examples, learning steps, common mistakes, projects and career-focused guidance from Forsk C",javascript
30,JavaScript,JavaScript Error Handling and Debugging Techniques,javascript-error-handling-and-debugging-techniques,https://forskcodingschool.com/blog/javascript-error-handling-and-debugging-techniques/,https://forskcodingschool.com/assets/images/blog/javascript-error-handling-and-debugging-techniques.webp,https://forskcodingschool.com/assets/images/blog/javascript-error-handling-and-debugging-techniques-visual.webp,JavaScript Error Handling and Debugging Techniques | Practic,"JavaScript Error Handling and Debugging Techniques with practical examples, learning steps, common mistakes, projects and career-focused guidance from Forsk C",javascript
31,React,React Component Design Principles for Beginners,react-component-design-principles-for-beginners,https://forskcodingschool.com/blog/react-component-design-principles-for-beginners/,https://forskcodingschool.com/assets/images/blog/react-component-design-principles-for-beginners.webp,https://forskcodingschool.com/assets/images/blog/react-component-design-principles-for-beginners-visual.webp,React Component Design Principles for Beginners | Practical,"React Component Design Principles for Beginners with practical examples, learning steps, common mistakes, projects and career-focused guidance from Forsk Codi",react js
32,React,React Props and State: Understanding the Difference,react-props-and-state-understanding-the-difference,https://forskcodingschool.com/blog/react-props-and-state-understanding-the-difference/,https://forskcodingschool.com/assets/images/blog/react-props-and-state-understanding-the-difference.webp,https://forskcodingschool.com/assets/images/blog/react-props-and-state-understanding-the-difference-visual.webp,React Props and State: Understanding the Difference | Practi,"React Props and State: Understanding the Difference with practical examples, learning steps, common mistakes, projects and career-focused guidance from Forsk",react js
33,React,"React Hooks Guide: useState, useEffect and More",react-hooks-guide-usestate-useeffect-and-more,https://forskcodingschool.com/blog/react-hooks-guide-usestate-useeffect-and-more/,https://forskcodingschool.com/assets/images/blog/react-hooks-guide-usestate-useeffect-and-more.webp,https://forskcodingschool.com/assets/images/blog/react-hooks-guide-usestate-useeffect-and-more-visual.webp,"React Hooks Guide: useState, useEffect and More | Practical","React Hooks Guide: useState, useEffect and More with practical examples, learning steps, common mistakes, projects and career-focused guidance from Forsk Codi",react js
34,React,React Context API for Shared Application State,react-context-api-for-shared-application-state,https://forskcodingschool.com/blog/react-context-api-for-shared-application-state/,https://forskcodingschool.com/assets/images/blog/react-context-api-for-shared-application-state.webp,https://forskcodingschool.com/assets/images/blog/react-context-api-for-shared-application-state-visual.webp,React Context API for Shared Application State | Practical G,"React Context API for Shared Application State with practical examples, learning steps, common mistakes, projects and career-focused guidance from Forsk Codin",react js
35,React,React Form Handling and Validation Best Practices,react-form-handling-and-validation-best-practices,https://forskcodingschool.com/blog/react-form-handling-and-validation-best-practices/,https://forskcodingschool.com/assets/images/blog/react-form-handling-and-validation-best-practices.webp,https://forskcodingschool.com/assets/images/blog/react-form-handling-and-validation-best-practices-visual.webp,React Form Handling and Validation Best Practices | Practica,"React Form Handling and Validation Best Practices with practical examples, learning steps, common mistakes, projects and career-focused guidance from Forsk Co",react js
36,React,React Performance Optimization Without Overengineering,react-performance-optimization-without-overengineering,https://forskcodingschool.com/blog/react-performance-optimization-without-overengineering/,https://forskcodingschool.com/assets/images/blog/react-performance-optimization-without-overengineering.webp,https://forskcodingschool.com/assets/images/blog/react-performance-optimization-without-overengineering-visual.webp,React Performance Optimization Without Overengineering | Pra,"React Performance Optimization Without Overengineering with practical examples, learning steps, common mistakes, projects and career-focused guidance from For",react js
37,React,React Routing Patterns for Multi-Page Experiences,react-routing-patterns-for-multi-page-experiences,https://forskcodingschool.com/blog/react-routing-patterns-for-multi-page-experiences/,https://forskcodingschool.com/assets/images/blog/react-routing-patterns-for-multi-page-experiences.webp,https://forskcodingschool.com/assets/images/blog/react-routing-patterns-for-multi-page-experiences-visual.webp,React Routing Patterns for Multi-Page Experiences | Practica,"React Routing Patterns for Multi-Page Experiences with practical examples, learning steps, common mistakes, projects and career-focused guidance from Forsk Co",react js
38,React,React API Integration with Loading and Error States,react-api-integration-with-loading-and-error-states,https://forskcodingschool.com/blog/react-api-integration-with-loading-and-error-states/,https://forskcodingschool.com/assets/images/blog/react-api-integration-with-loading-and-error-states.webp,https://forskcodingschool.com/assets/images/blog/react-api-integration-with-loading-and-error-states-visual.webp,React API Integration with Loading and Error States | Practi,"React API Integration with Loading and Error States with practical examples, learning steps, common mistakes, projects and career-focused guidance from Forsk",react js
39,React,React Reusable Components: How to Build a UI System,react-reusable-components-how-to-build-a-ui-system,https://forskcodingschool.com/blog/react-reusable-components-how-to-build-a-ui-system/,https://forskcodingschool.com/assets/images/blog/react-reusable-components-how-to-build-a-ui-system.webp,https://forskcodingschool.com/assets/images/blog/react-reusable-components-how-to-build-a-ui-system-visual.webp,React Reusable Components: How to Build a UI System | Practi,"React Reusable Components: How to Build a UI System with practical examples, learning steps, common mistakes, projects and career-focused guidance from Forsk",react js
40,React,React Project Structure for Scalable Applications,react-project-structure-for-scalable-applications,https://forskcodingschool.com/blog/react-project-structure-for-scalable-applications/,https://forskcodingschool.com/assets/images/blog/react-project-structure-for-scalable-applications.webp,https://forskcodingschool.com/assets/images/blog/react-project-structure-for-scalable-applications-visual.webp,React Project Structure for Scalable Applications | Practica,"React Project Structure for Scalable Applications with practical examples, learning steps, common mistakes, projects and career-focused guidance from Forsk Co",react js
41,Node.js,Node.js Event-Driven Architecture Explained,node-js-event-driven-architecture-explained,https://forskcodingschool.com/blog/node-js-event-driven-architecture-explained/,https://forskcodingschool.com/assets/images/blog/node-js-event-driven-architecture-explained.webp,https://forskcodingschool.com/assets/images/blog/node-js-event-driven-architecture-explained-visual.webp,Node.js Event-Driven Architecture Explained | Practical Guid,"Node.js Event-Driven Architecture Explained with practical examples, learning steps, common mistakes, projects and career-focused guidance from Forsk Coding S",node.js
42,Node.js,Node.js Streams for Efficient Data Processing,node-js-streams-for-efficient-data-processing,https://forskcodingschool.com/blog/node-js-streams-for-efficient-data-processing/,https://forskcodingschool.com/assets/images/blog/node-js-streams-for-efficient-data-processing.webp,https://forskcodingschool.com/assets/images/blog/node-js-streams-for-efficient-data-processing-visual.webp,Node.js Streams for Efficient Data Processing | Practical Gu,"Node.js Streams for Efficient Data Processing with practical examples, learning steps, common mistakes, projects and career-focused guidance from Forsk Coding",node.js
43,Node.js,Node.js REST API Structure for Beginners,node-js-rest-api-structure-for-beginners,https://forskcodingschool.com/blog/node-js-rest-api-structure-for-beginners/,https://forskcodingschool.com/assets/images/blog/node-js-rest-api-structure-for-beginners.webp,https://forskcodingschool.com/assets/images/blog/node-js-rest-api-structure-for-beginners-visual.webp,Node.js REST API Structure for Beginners | Practical Guide f,"Node.js REST API Structure for Beginners with practical examples, learning steps, common mistakes, projects and career-focused guidance from Forsk Coding Scho",node.js
44,Node.js,Node.js Middleware Patterns for Express Applications,node-js-middleware-patterns-for-express-applications,https://forskcodingschool.com/blog/node-js-middleware-patterns-for-express-applications/,https://forskcodingschool.com/assets/images/blog/node-js-middleware-patterns-for-express-applications.webp,https://forskcodingschool.com/assets/images/blog/node-js-middleware-patterns-for-express-applications-visual.webp,Node.js Middleware Patterns for Express Applications | Pract,"Node.js Middleware Patterns for Express Applications with practical examples, learning steps, common mistakes, projects and career-focused guidance from Forsk",node.js
45,Node.js,Node.js Authentication Basics with Sessions and Tokens,node-js-authentication-basics-with-sessions-and-tokens,https://forskcodingschool.com/blog/node-js-authentication-basics-with-sessions-and-tokens/,https://forskcodingschool.com/assets/images/blog/node-js-authentication-basics-with-sessions-and-tokens.webp,https://forskcodingschool.com/assets/images/blog/node-js-authentication-basics-with-sessions-and-tokens-visual.webp,Node.js Authentication Basics with Sessions and Tokens | Pra,"Node.js Authentication Basics with Sessions and Tokens with practical examples, learning steps, common mistakes, projects and career-focused guidance from For",node.js
46,Node.js,Node.js Environment Variables and Configuration Management,node-js-environment-variables-and-configuration-management,https://forskcodingschool.com/blog/node-js-environment-variables-and-configuration-management/,https://forskcodingschool.com/assets/images/blog/node-js-environment-variables-and-configuration-management.webp,https://forskcodingschool.com/assets/images/blog/node-js-environment-variables-and-configuration-management-visual.webp,Node.js Environment Variables and Configuration Management,"Node.js Environment Variables and Configuration Management with practical examples, learning steps, common mistakes, projects and career-focused guidance from",node.js
47,Node.js,Node.js Error Handling for Production APIs,node-js-error-handling-for-production-apis,https://forskcodingschool.com/blog/node-js-error-handling-for-production-apis/,https://forskcodingschool.com/assets/images/blog/node-js-error-handling-for-production-apis.webp,https://forskcodingschool.com/assets/images/blog/node-js-error-handling-for-production-apis-visual.webp,Node.js Error Handling for Production APIs | Practical Guide,"Node.js Error Handling for Production APIs with practical examples, learning steps, common mistakes, projects and career-focused guidance from Forsk Coding Sc",node.js
48,Node.js,Node.js File Uploads: Architecture and Security Basics,node-js-file-uploads-architecture-and-security-basics,https://forskcodingschool.com/blog/node-js-file-uploads-architecture-and-security-basics/,https://forskcodingschool.com/assets/images/blog/node-js-file-uploads-architecture-and-security-basics.webp,https://forskcodingschool.com/assets/images/blog/node-js-file-uploads-architecture-and-security-basics-visual.webp,Node.js File Uploads: Architecture and Security Basics | Pra,"Node.js File Uploads: Architecture and Security Basics with practical examples, learning steps, common mistakes, projects and career-focused guidance from For",node.js
49,Node.js,Node.js Database Connection Pooling Explained,node-js-database-connection-pooling-explained,https://forskcodingschool.com/blog/node-js-database-connection-pooling-explained/,https://forskcodingschool.com/assets/images/blog/node-js-database-connection-pooling-explained.webp,https://forskcodingschool.com/assets/images/blog/node-js-database-connection-pooling-explained-visual.webp,Node.js Database Connection Pooling Explained | Practical Gu,"Node.js Database Connection Pooling Explained with practical examples, learning steps, common mistakes, projects and career-focused guidance from Forsk Coding",node.js
50,Node.js,Node.js API Validation and Clean Request Handling,node-js-api-validation-and-clean-request-handling,https://forskcodingschool.com/blog/node-js-api-validation-and-clean-request-handling/,https://forskcodingschool.com/assets/images/blog/node-js-api-validation-and-clean-request-handling.webp,https://forskcodingschool.com/assets/images/blog/node-js-api-validation-and-clean-request-handling-visual.webp,Node.js API Validation and Clean Request Handling | Practica,"Node.js API Validation and Clean Request Handling with practical examples, learning steps, common mistakes, projects and career-focused guidance from Forsk Co",node.js
51,PHP,PHP Modern Syntax Features Developers Should Know,php-modern-syntax-features-developers-should-know,https://forskcodingschool.com/blog/php-modern-syntax-features-developers-should-know/,https://forskcodingschool.com/assets/images/blog/php-modern-syntax-features-developers-should-know.webp,https://forskcodingschool.com/assets/images/blog/php-modern-syntax-features-developers-should-know-visual.webp,PHP Modern Syntax Features Developers Should Know | Practica,"PHP Modern Syntax Features Developers Should Know with practical examples, learning steps, common mistakes, projects and career-focused guidance from Forsk Co",php development
52,PHP,PHP Sessions and Cookies Explained for Web Developers,php-sessions-and-cookies-explained-for-web-developers,https://forskcodingschool.com/blog/php-sessions-and-cookies-explained-for-web-developers/,https://forskcodingschool.com/assets/images/blog/php-sessions-and-cookies-explained-for-web-developers.webp,https://forskcodingschool.com/assets/images/blog/php-sessions-and-cookies-explained-for-web-developers-visual.webp,PHP Sessions and Cookies Explained for Web Developers | Prac,"PHP Sessions and Cookies Explained for Web Developers with practical examples, learning steps, common mistakes, projects and career-focused guidance from Fors",php development
53,PHP,PHP Form Validation and Secure Input Handling,php-form-validation-and-secure-input-handling,https://forskcodingschool.com/blog/php-form-validation-and-secure-input-handling/,https://forskcodingschool.com/assets/images/blog/php-form-validation-and-secure-input-handling.webp,https://forskcodingschool.com/assets/images/blog/php-form-validation-and-secure-input-handling-visual.webp,PHP Form Validation and Secure Input Handling | Practical Gu,"PHP Form Validation and Secure Input Handling with practical examples, learning steps, common mistakes, projects and career-focused guidance from Forsk Coding",php development
54,PHP,PHP PDO: Safe Database Access with Prepared Statements,php-pdo-safe-database-access-with-prepared-statements,https://forskcodingschool.com/blog/php-pdo-safe-database-access-with-prepared-statements/,https://forskcodingschool.com/assets/images/blog/php-pdo-safe-database-access-with-prepared-statements.webp,https://forskcodingschool.com/assets/images/blog/php-pdo-safe-database-access-with-prepared-statements-visual.webp,PHP PDO: Safe Database Access with Prepared Statements | Pra,"PHP PDO: Safe Database Access with Prepared Statements with practical examples, learning steps, common mistakes, projects and career-focused guidance from For",php development
55,PHP,PHP MVC Architecture Explained for Beginners,php-mvc-architecture-explained-for-beginners,https://forskcodingschool.com/blog/php-mvc-architecture-explained-for-beginners/,https://forskcodingschool.com/assets/images/blog/php-mvc-architecture-explained-for-beginners.webp,https://forskcodingschool.com/assets/images/blog/php-mvc-architecture-explained-for-beginners-visual.webp,PHP MVC Architecture Explained for Beginners | Practical Gui,"PHP MVC Architecture Explained for Beginners with practical examples, learning steps, common mistakes, projects and career-focused guidance from Forsk Coding",php development
56,PHP,PHP Routing Basics for Custom Web Applications,php-routing-basics-for-custom-web-applications,https://forskcodingschool.com/blog/php-routing-basics-for-custom-web-applications/,https://forskcodingschool.com/assets/images/blog/php-routing-basics-for-custom-web-applications.webp,https://forskcodingschool.com/assets/images/blog/php-routing-basics-for-custom-web-applications-visual.webp,PHP Routing Basics for Custom Web Applications | Practical G,"PHP Routing Basics for Custom Web Applications with practical examples, learning steps, common mistakes, projects and career-focused guidance from Forsk Codin",php development
57,PHP,PHP Error Handling and Logging in Production,php-error-handling-and-logging-in-production,https://forskcodingschool.com/blog/php-error-handling-and-logging-in-production/,https://forskcodingschool.com/assets/images/blog/php-error-handling-and-logging-in-production.webp,https://forskcodingschool.com/assets/images/blog/php-error-handling-and-logging-in-production-visual.webp,PHP Error Handling and Logging in Production | Practical Gui,"PHP Error Handling and Logging in Production with practical examples, learning steps, common mistakes, projects and career-focused guidance from Forsk Coding",php development
58,PHP,PHP File Upload Security Checklist,php-file-upload-security-checklist,https://forskcodingschool.com/blog/php-file-upload-security-checklist/,https://forskcodingschool.com/assets/images/blog/php-file-upload-security-checklist.webp,https://forskcodingschool.com/assets/images/blog/php-file-upload-security-checklist-visual.webp,PHP File Upload Security Checklist | Practical Guide for Beg,"PHP File Upload Security Checklist with practical examples, learning steps, common mistakes, projects and career-focused guidance from Forsk Coding School in",php development
59,PHP,PHP REST API Development from Scratch,php-rest-api-development-from-scratch,https://forskcodingschool.com/blog/php-rest-api-development-from-scratch/,https://forskcodingschool.com/assets/images/blog/php-rest-api-development-from-scratch.webp,https://forskcodingschool.com/assets/images/blog/php-rest-api-development-from-scratch-visual.webp,PHP REST API Development from Scratch | Practical Guide for,"PHP REST API Development from Scratch with practical examples, learning steps, common mistakes, projects and career-focused guidance from Forsk Coding School",php development
60,PHP,PHP Performance Optimization for Dynamic Websites,php-performance-optimization-for-dynamic-websites,https://forskcodingschool.com/blog/php-performance-optimization-for-dynamic-websites/,https://forskcodingschool.com/assets/images/blog/php-performance-optimization-for-dynamic-websites.webp,https://forskcodingschool.com/assets/images/blog/php-performance-optimization-for-dynamic-websites-visual.webp,PHP Performance Optimization for Dynamic Websites | Practica,"PHP Performance Optimization for Dynamic Websites with practical examples, learning steps, common mistakes, projects and career-focused guidance from Forsk Co",php development
61,C++,C++ Pointers Explained Without Confusion,c-pointers-explained-without-confusion,https://forskcodingschool.com/blog/c-pointers-explained-without-confusion/,https://forskcodingschool.com/assets/images/blog/c-pointers-explained-without-confusion.webp,https://forskcodingschool.com/assets/images/blog/c-pointers-explained-without-confusion-visual.webp,C++ Pointers Explained Without Confusion | Practical Guide f,"C++ Pointers Explained Without Confusion with practical examples, learning steps, common mistakes, projects and career-focused guidance from Forsk Coding Scho",c++ programming
62,C++,C++ References and When to Use Them,c-references-and-when-to-use-them,https://forskcodingschool.com/blog/c-references-and-when-to-use-them/,https://forskcodingschool.com/assets/images/blog/c-references-and-when-to-use-them.webp,https://forskcodingschool.com/assets/images/blog/c-references-and-when-to-use-them-visual.webp,C++ References and When to Use Them | Practical Guide for Be,"C++ References and When to Use Them with practical examples, learning steps, common mistakes, projects and career-focused guidance from Forsk Coding School in",c++ programming
63,C++,C++ Smart Pointers for Safer Memory Management,c-smart-pointers-for-safer-memory-management,https://forskcodingschool.com/blog/c-smart-pointers-for-safer-memory-management/,https://forskcodingschool.com/assets/images/blog/c-smart-pointers-for-safer-memory-management.webp,https://forskcodingschool.com/assets/images/blog/c-smart-pointers-for-safer-memory-management-visual.webp,C++ Smart Pointers for Safer Memory Management | Practical G,"C++ Smart Pointers for Safer Memory Management with practical examples, learning steps, common mistakes, projects and career-focused guidance from Forsk Codin",c++ programming
64,C++,C++ Constructors and Destructors Explained,c-constructors-and-destructors-explained,https://forskcodingschool.com/blog/c-constructors-and-destructors-explained/,https://forskcodingschool.com/assets/images/blog/c-constructors-and-destructors-explained.webp,https://forskcodingschool.com/assets/images/blog/c-constructors-and-destructors-explained-visual.webp,C++ Constructors and Destructors Explained | Practical Guide,"C++ Constructors and Destructors Explained with practical examples, learning steps, common mistakes, projects and career-focused guidance from Forsk Coding Sc",c++ programming
65,C++,C++ Templates: A Beginner-Friendly Introduction,c-templates-a-beginner-friendly-introduction,https://forskcodingschool.com/blog/c-templates-a-beginner-friendly-introduction/,https://forskcodingschool.com/assets/images/blog/c-templates-a-beginner-friendly-introduction.webp,https://forskcodingschool.com/assets/images/blog/c-templates-a-beginner-friendly-introduction-visual.webp,C++ Templates: A Beginner-Friendly Introduction | Practical,"C++ Templates: A Beginner-Friendly Introduction with practical examples, learning steps, common mistakes, projects and career-focused guidance from Forsk Codi",c++ programming
66,C++,C++ STL Algorithms You Should Learn First,c-stl-algorithms-you-should-learn-first,https://forskcodingschool.com/blog/c-stl-algorithms-you-should-learn-first/,https://forskcodingschool.com/assets/images/blog/c-stl-algorithms-you-should-learn-first.webp,https://forskcodingschool.com/assets/images/blog/c-stl-algorithms-you-should-learn-first-visual.webp,C++ STL Algorithms You Should Learn First | Practical Guide,"C++ STL Algorithms You Should Learn First with practical examples, learning steps, common mistakes, projects and career-focused guidance from Forsk Coding Sch",c++ programming
67,C++,C++ Lambda Functions with Practical Examples,c-lambda-functions-with-practical-examples,https://forskcodingschool.com/blog/c-lambda-functions-with-practical-examples/,https://forskcodingschool.com/assets/images/blog/c-lambda-functions-with-practical-examples.webp,https://forskcodingschool.com/assets/images/blog/c-lambda-functions-with-practical-examples-visual.webp,C++ Lambda Functions with Practical Examples | Practical Gui,"C++ Lambda Functions with Practical Examples with practical examples, learning steps, common mistakes, projects and career-focused guidance from Forsk Coding",c++ programming
68,C++,C++ Move Semantics and Why They Matter,c-move-semantics-and-why-they-matter,https://forskcodingschool.com/blog/c-move-semantics-and-why-they-matter/,https://forskcodingschool.com/assets/images/blog/c-move-semantics-and-why-they-matter.webp,https://forskcodingschool.com/assets/images/blog/c-move-semantics-and-why-they-matter-visual.webp,C++ Move Semantics and Why They Matter | Practical Guide for,"C++ Move Semantics and Why They Matter with practical examples, learning steps, common mistakes, projects and career-focused guidance from Forsk Coding School",c++ programming
69,C++,C++ File Streams for Reading and Writing Data,c-file-streams-for-reading-and-writing-data,https://forskcodingschool.com/blog/c-file-streams-for-reading-and-writing-data/,https://forskcodingschool.com/assets/images/blog/c-file-streams-for-reading-and-writing-data.webp,https://forskcodingschool.com/assets/images/blog/c-file-streams-for-reading-and-writing-data-visual.webp,C++ File Streams for Reading and Writing Data | Practical Gu,"C++ File Streams for Reading and Writing Data with practical examples, learning steps, common mistakes, projects and career-focused guidance from Forsk Coding",c++ programming
70,C++,C++ Debugging Techniques for Faster Development,c-debugging-techniques-for-faster-development,https://forskcodingschool.com/blog/c-debugging-techniques-for-faster-development/,https://forskcodingschool.com/assets/images/blog/c-debugging-techniques-for-faster-development.webp,https://forskcodingschool.com/assets/images/blog/c-debugging-techniques-for-faster-development-visual.webp,C++ Debugging Techniques for Faster Development | Practical,"C++ Debugging Techniques for Faster Development with practical examples, learning steps, common mistakes, projects and career-focused guidance from Forsk Codi",c++ programming
71,Data Structures,Arrays vs Linked Lists: Choosing the Right Structure,arrays-vs-linked-lists-choosing-the-right-structure,https://forskcodingschool.com/blog/arrays-vs-linked-lists-choosing-the-right-structure/,https://forskcodingschool.com/assets/images/blog/arrays-vs-linked-lists-choosing-the-right-structure.webp,https://forskcodingschool.com/assets/images/blog/arrays-vs-linked-lists-choosing-the-right-structure-visual.webp,Arrays vs Linked Lists: Choosing the Right Structure | Pract,"Arrays vs Linked Lists: Choosing the Right Structure with practical examples, learning steps, common mistakes, projects and career-focused guidance from Forsk",data structures
72,Data Structures,Stacks and Queues Explained with Real Examples,stacks-and-queues-explained-with-real-examples,https://forskcodingschool.com/blog/stacks-and-queues-explained-with-real-examples/,https://forskcodingschool.com/assets/images/blog/stacks-and-queues-explained-with-real-examples.webp,https://forskcodingschool.com/assets/images/blog/stacks-and-queues-explained-with-real-examples-visual.webp,Stacks and Queues Explained with Real Examples | Practical G,"Stacks and Queues Explained with Real Examples with practical examples, learning steps, common mistakes, projects and career-focused guidance from Forsk Codin",data structures
73,Data Structures,Hash Tables: How Fast Lookup Works,hash-tables-how-fast-lookup-works,https://forskcodingschool.com/blog/hash-tables-how-fast-lookup-works/,https://forskcodingschool.com/assets/images/blog/hash-tables-how-fast-lookup-works.webp,https://forskcodingschool.com/assets/images/blog/hash-tables-how-fast-lookup-works-visual.webp,Hash Tables: How Fast Lookup Works | Practical Guide for Beg,"Hash Tables: How Fast Lookup Works with practical examples, learning steps, common mistakes, projects and career-focused guidance from Forsk Coding School in",data structures
74,Data Structures,Trees in Data Structures: Concepts and Applications,trees-in-data-structures-concepts-and-applications,https://forskcodingschool.com/blog/trees-in-data-structures-concepts-and-applications/,https://forskcodingschool.com/assets/images/blog/trees-in-data-structures-concepts-and-applications.webp,https://forskcodingschool.com/assets/images/blog/trees-in-data-structures-concepts-and-applications-visual.webp,Trees in Data Structures: Concepts and Applications | Practi,"Trees in Data Structures: Concepts and Applications with practical examples, learning steps, common mistakes, projects and career-focused guidance from Forsk",data structures
75,Data Structures,Binary Search Trees Explained for Beginners,binary-search-trees-explained-for-beginners,https://forskcodingschool.com/blog/binary-search-trees-explained-for-beginners/,https://forskcodingschool.com/assets/images/blog/binary-search-trees-explained-for-beginners.webp,https://forskcodingschool.com/assets/images/blog/binary-search-trees-explained-for-beginners-visual.webp,Binary Search Trees Explained for Beginners | Practical Guid,"Binary Search Trees Explained for Beginners with practical examples, learning steps, common mistakes, projects and career-focused guidance from Forsk Coding S",data structures
76,Data Structures,Heaps and Priority Queues: Practical Applications,heaps-and-priority-queues-practical-applications,https://forskcodingschool.com/blog/heaps-and-priority-queues-practical-applications/,https://forskcodingschool.com/assets/images/blog/heaps-and-priority-queues-practical-applications.webp,https://forskcodingschool.com/assets/images/blog/heaps-and-priority-queues-practical-applications-visual.webp,Heaps and Priority Queues: Practical Applications | Practica,"Heaps and Priority Queues: Practical Applications with practical examples, learning steps, common mistakes, projects and career-focused guidance from Forsk Co",data structures
77,Data Structures,Graphs Explained with BFS and DFS Examples,graphs-explained-with-bfs-and-dfs-examples,https://forskcodingschool.com/blog/graphs-explained-with-bfs-and-dfs-examples/,https://forskcodingschool.com/assets/images/blog/graphs-explained-with-bfs-and-dfs-examples.webp,https://forskcodingschool.com/assets/images/blog/graphs-explained-with-bfs-and-dfs-examples-visual.webp,Graphs Explained with BFS and DFS Examples | Practical Guide,"Graphs Explained with BFS and DFS Examples with practical examples, learning steps, common mistakes, projects and career-focused guidance from Forsk Coding Sc",data structures
78,Data Structures,Tries: Efficient Prefix Searching Explained,tries-efficient-prefix-searching-explained,https://forskcodingschool.com/blog/tries-efficient-prefix-searching-explained/,https://forskcodingschool.com/assets/images/blog/tries-efficient-prefix-searching-explained.webp,https://forskcodingschool.com/assets/images/blog/tries-efficient-prefix-searching-explained-visual.webp,Tries: Efficient Prefix Searching Explained | Practical Guid,"Tries: Efficient Prefix Searching Explained with practical examples, learning steps, common mistakes, projects and career-focused guidance from Forsk Coding S",data structures
79,Data Structures,Union-Find Data Structure and Its Use Cases,union-find-data-structure-and-its-use-cases,https://forskcodingschool.com/blog/union-find-data-structure-and-its-use-cases/,https://forskcodingschool.com/assets/images/blog/union-find-data-structure-and-its-use-cases.webp,https://forskcodingschool.com/assets/images/blog/union-find-data-structure-and-its-use-cases-visual.webp,Union-Find Data Structure and Its Use Cases | Practical Guid,"Union-Find Data Structure and Its Use Cases with practical examples, learning steps, common mistakes, projects and career-focused guidance from Forsk Coding S",data structures
80,Data Structures,How to Choose Data Structures for a Programming Problem,how-to-choose-data-structures-for-a-programming-problem,https://forskcodingschool.com/blog/how-to-choose-data-structures-for-a-programming-problem/,https://forskcodingschool.com/assets/images/blog/how-to-choose-data-structures-for-a-programming-problem.webp,https://forskcodingschool.com/assets/images/blog/how-to-choose-data-structures-for-a-programming-problem-visual.webp,How to Choose Data Structures for a Programming Problem | Pr,"How to Choose Data Structures for a Programming Problem with practical examples, learning steps, common mistakes, projects and career-focused guidance from Fo",data structures
81,Algorithms,Binary Search Explained with Step-by-Step Examples,binary-search-explained-with-step-by-step-examples,https://forskcodingschool.com/blog/binary-search-explained-with-step-by-step-examples/,https://forskcodingschool.com/assets/images/blog/binary-search-explained-with-step-by-step-examples.webp,https://forskcodingschool.com/assets/images/blog/binary-search-explained-with-step-by-step-examples-visual.webp,Binary Search Explained with Step-by-Step Examples | Practic,"Binary Search Explained with Step-by-Step Examples with practical examples, learning steps, common mistakes, projects and career-focused guidance from Forsk C",algorithms
82,Algorithms,Two Pointer Technique for Coding Interviews,two-pointer-technique-for-coding-interviews,https://forskcodingschool.com/blog/two-pointer-technique-for-coding-interviews/,https://forskcodingschool.com/assets/images/blog/two-pointer-technique-for-coding-interviews.webp,https://forskcodingschool.com/assets/images/blog/two-pointer-technique-for-coding-interviews-visual.webp,Two Pointer Technique for Coding Interviews | Practical Guid,"Two Pointer Technique for Coding Interviews with practical examples, learning steps, common mistakes, projects and career-focused guidance from Forsk Coding S",algorithms
83,Algorithms,Sliding Window Technique for Array Problems,sliding-window-technique-for-array-problems,https://forskcodingschool.com/blog/sliding-window-technique-for-array-problems/,https://forskcodingschool.com/assets/images/blog/sliding-window-technique-for-array-problems.webp,https://forskcodingschool.com/assets/images/blog/sliding-window-technique-for-array-problems-visual.webp,Sliding Window Technique for Array Problems | Practical Guid,"Sliding Window Technique for Array Problems with practical examples, learning steps, common mistakes, projects and career-focused guidance from Forsk Coding S",algorithms
84,Algorithms,Recursion Explained with Easy Programming Examples,recursion-explained-with-easy-programming-examples,https://forskcodingschool.com/blog/recursion-explained-with-easy-programming-examples/,https://forskcodingschool.com/assets/images/blog/recursion-explained-with-easy-programming-examples.webp,https://forskcodingschool.com/assets/images/blog/recursion-explained-with-easy-programming-examples-visual.webp,Recursion Explained with Easy Programming Examples | Practic,"Recursion Explained with Easy Programming Examples with practical examples, learning steps, common mistakes, projects and career-focused guidance from Forsk C",algorithms
85,Algorithms,Backtracking Algorithms and Common Problem Patterns,backtracking-algorithms-and-common-problem-patterns,https://forskcodingschool.com/blog/backtracking-algorithms-and-common-problem-patterns/,https://forskcodingschool.com/assets/images/blog/backtracking-algorithms-and-common-problem-patterns.webp,https://forskcodingschool.com/assets/images/blog/backtracking-algorithms-and-common-problem-patterns-visual.webp,Backtracking Algorithms and Common Problem Patterns | Practi,"Backtracking Algorithms and Common Problem Patterns with practical examples, learning steps, common mistakes, projects and career-focused guidance from Forsk",algorithms
86,Algorithms,Greedy Algorithms: When Local Choices Work,greedy-algorithms-when-local-choices-work,https://forskcodingschool.com/blog/greedy-algorithms-when-local-choices-work/,https://forskcodingschool.com/assets/images/blog/greedy-algorithms-when-local-choices-work.webp,https://forskcodingschool.com/assets/images/blog/greedy-algorithms-when-local-choices-work-visual.webp,Greedy Algorithms: When Local Choices Work | Practical Guide,"Greedy Algorithms: When Local Choices Work with practical examples, learning steps, common mistakes, projects and career-focused guidance from Forsk Coding Sc",algorithms
87,Algorithms,Dynamic Programming: How to Recognize DP Problems,dynamic-programming-how-to-recognize-dp-problems,https://forskcodingschool.com/blog/dynamic-programming-how-to-recognize-dp-problems/,https://forskcodingschool.com/assets/images/blog/dynamic-programming-how-to-recognize-dp-problems.webp,https://forskcodingschool.com/assets/images/blog/dynamic-programming-how-to-recognize-dp-problems-visual.webp,Dynamic Programming: How to Recognize DP Problems | Practica,"Dynamic Programming: How to Recognize DP Problems with practical examples, learning steps, common mistakes, projects and career-focused guidance from Forsk Co",algorithms
88,Algorithms,Divide and Conquer Algorithms Explained,divide-and-conquer-algorithms-explained,https://forskcodingschool.com/blog/divide-and-conquer-algorithms-explained/,https://forskcodingschool.com/assets/images/blog/divide-and-conquer-algorithms-explained.webp,https://forskcodingschool.com/assets/images/blog/divide-and-conquer-algorithms-explained-visual.webp,Divide and Conquer Algorithms Explained | Practical Guide fo,"Divide and Conquer Algorithms Explained with practical examples, learning steps, common mistakes, projects and career-focused guidance from Forsk Coding Schoo",algorithms
89,Algorithms,Graph Shortest Path Algorithms Compared,graph-shortest-path-algorithms-compared,https://forskcodingschool.com/blog/graph-shortest-path-algorithms-compared/,https://forskcodingschool.com/assets/images/blog/graph-shortest-path-algorithms-compared.webp,https://forskcodingschool.com/assets/images/blog/graph-shortest-path-algorithms-compared-visual.webp,Graph Shortest Path Algorithms Compared | Practical Guide fo,"Graph Shortest Path Algorithms Compared with practical examples, learning steps, common mistakes, projects and career-focused guidance from Forsk Coding Schoo",algorithms
90,Algorithms,Sorting Algorithms: Time Complexity and Use Cases,sorting-algorithms-time-complexity-and-use-cases,https://forskcodingschool.com/blog/sorting-algorithms-time-complexity-and-use-cases/,https://forskcodingschool.com/assets/images/blog/sorting-algorithms-time-complexity-and-use-cases.webp,https://forskcodingschool.com/assets/images/blog/sorting-algorithms-time-complexity-and-use-cases-visual.webp,Sorting Algorithms: Time Complexity and Use Cases | Practica,"Sorting Algorithms: Time Complexity and Use Cases with practical examples, learning steps, common mistakes, projects and career-focused guidance from Forsk Co",algorithms
91,SQL,SQL Joins Explained with Visual-Style Examples,sql-joins-explained-with-visual-style-examples,https://forskcodingschool.com/blog/sql-joins-explained-with-visual-style-examples/,https://forskcodingschool.com/assets/images/blog/sql-joins-explained-with-visual-style-examples.webp,https://forskcodingschool.com/assets/images/blog/sql-joins-explained-with-visual-style-examples-visual.webp,SQL Joins Explained with Visual-Style Examples | Practical G,"SQL Joins Explained with Visual-Style Examples with practical examples, learning steps, common mistakes, projects and career-focused guidance from Forsk Codin",sql
92,SQL,SQL GROUP BY and HAVING: A Practical Guide,sql-group-by-and-having-a-practical-guide,https://forskcodingschool.com/blog/sql-group-by-and-having-a-practical-guide/,https://forskcodingschool.com/assets/images/blog/sql-group-by-and-having-a-practical-guide.webp,https://forskcodingschool.com/assets/images/blog/sql-group-by-and-having-a-practical-guide-visual.webp,SQL GROUP BY and HAVING: A Practical Guide | Practical Guide,"SQL GROUP BY and HAVING: A Practical Guide with practical examples, learning steps, common mistakes, projects and career-focused guidance from Forsk Coding Sc",sql
93,SQL,SQL Subqueries vs CTEs: When to Use Each,sql-subqueries-vs-ctes-when-to-use-each,https://forskcodingschool.com/blog/sql-subqueries-vs-ctes-when-to-use-each/,https://forskcodingschool.com/assets/images/blog/sql-subqueries-vs-ctes-when-to-use-each.webp,https://forskcodingschool.com/assets/images/blog/sql-subqueries-vs-ctes-when-to-use-each-visual.webp,SQL Subqueries vs CTEs: When to Use Each | Practical Guide f,"SQL Subqueries vs CTEs: When to Use Each with practical examples, learning steps, common mistakes, projects and career-focused guidance from Forsk Coding Scho",sql
94,SQL,SQL Window Functions for Data Analysis,sql-window-functions-for-data-analysis,https://forskcodingschool.com/blog/sql-window-functions-for-data-analysis/,https://forskcodingschool.com/assets/images/blog/sql-window-functions-for-data-analysis.webp,https://forskcodingschool.com/assets/images/blog/sql-window-functions-for-data-analysis-visual.webp,SQL Window Functions for Data Analysis | Practical Guide for,"SQL Window Functions for Data Analysis with practical examples, learning steps, common mistakes, projects and career-focused guidance from Forsk Coding School",sql
95,SQL,SQL CASE Statements for Business Logic,sql-case-statements-for-business-logic,https://forskcodingschool.com/blog/sql-case-statements-for-business-logic/,https://forskcodingschool.com/assets/images/blog/sql-case-statements-for-business-logic.webp,https://forskcodingschool.com/assets/images/blog/sql-case-statements-for-business-logic-visual.webp,SQL CASE Statements for Business Logic | Practical Guide for,"SQL CASE Statements for Business Logic with practical examples, learning steps, common mistakes, projects and career-focused guidance from Forsk Coding School",sql
96,SQL,SQL Indexes Explained and When to Add Them,sql-indexes-explained-and-when-to-add-them,https://forskcodingschool.com/blog/sql-indexes-explained-and-when-to-add-them/,https://forskcodingschool.com/assets/images/blog/sql-indexes-explained-and-when-to-add-them.webp,https://forskcodingschool.com/assets/images/blog/sql-indexes-explained-and-when-to-add-them-visual.webp,SQL Indexes Explained and When to Add Them | Practical Guide,"SQL Indexes Explained and When to Add Them with practical examples, learning steps, common mistakes, projects and career-focused guidance from Forsk Coding Sc",sql
97,SQL,SQL Transactions and ACID Properties Explained,sql-transactions-and-acid-properties-explained,https://forskcodingschool.com/blog/sql-transactions-and-acid-properties-explained/,https://forskcodingschool.com/assets/images/blog/sql-transactions-and-acid-properties-explained.webp,https://forskcodingschool.com/assets/images/blog/sql-transactions-and-acid-properties-explained-visual.webp,SQL Transactions and ACID Properties Explained | Practical G,"SQL Transactions and ACID Properties Explained with practical examples, learning steps, common mistakes, projects and career-focused guidance from Forsk Codin",sql
98,SQL,SQL Query Optimization Basics for Beginners,sql-query-optimization-basics-for-beginners,https://forskcodingschool.com/blog/sql-query-optimization-basics-for-beginners/,https://forskcodingschool.com/assets/images/blog/sql-query-optimization-basics-for-beginners.webp,https://forskcodingschool.com/assets/images/blog/sql-query-optimization-basics-for-beginners-visual.webp,SQL Query Optimization Basics for Beginners | Practical Guid,"SQL Query Optimization Basics for Beginners with practical examples, learning steps, common mistakes, projects and career-focused guidance from Forsk Coding S",sql
99,SQL,SQL NULL Values and Three-Valued Logic,sql-null-values-and-three-valued-logic,https://forskcodingschool.com/blog/sql-null-values-and-three-valued-logic/,https://forskcodingschool.com/assets/images/blog/sql-null-values-and-three-valued-logic.webp,https://forskcodingschool.com/assets/images/blog/sql-null-values-and-three-valued-logic-visual.webp,SQL NULL Values and Three-Valued Logic | Practical Guide for,"SQL NULL Values and Three-Valued Logic with practical examples, learning steps, common mistakes, projects and career-focused guidance from Forsk Coding School",sql
100,SQL,"SQL Views: Benefits, Limitations and Use Cases",sql-views-benefits-limitations-and-use-cases,https://forskcodingschool.com/blog/sql-views-benefits-limitations-and-use-cases/,https://forskcodingschool.com/assets/images/blog/sql-views-benefits-limitations-and-use-cases.webp,https://forskcodingschool.com/assets/images/blog/sql-views-benefits-limitations-and-use-cases-visual.webp,"SQL Views: Benefits, Limitations and Use Cases | Practical G","SQL Views: Benefits, Limitations and Use Cases with practical examples, learning steps, common mistakes, projects and career-focused guidance from Forsk Codin",sql
101,MySQL,MySQL Database Design Basics for Web Applications,mysql-database-design-basics-for-web-applications,https://forskcodingschool.com/blog/mysql-database-design-basics-for-web-applications/,https://forskcodingschool.com/assets/images/blog/mysql-database-design-basics-for-web-applications.webp,https://forskcodingschool.com/assets/images/blog/mysql-database-design-basics-for-web-applications-visual.webp,MySQL Database Design Basics for Web Applications | Practica,"MySQL Database Design Basics for Web Applications with practical examples, learning steps, common mistakes, projects and career-focused guidance from Forsk Co",mysql
102,MySQL,MySQL Primary Keys and Foreign Keys Explained,mysql-primary-keys-and-foreign-keys-explained,https://forskcodingschool.com/blog/mysql-primary-keys-and-foreign-keys-explained/,https://forskcodingschool.com/assets/images/blog/mysql-primary-keys-and-foreign-keys-explained.webp,https://forskcodingschool.com/assets/images/blog/mysql-primary-keys-and-foreign-keys-explained-visual.webp,MySQL Primary Keys and Foreign Keys Explained | Practical Gu,"MySQL Primary Keys and Foreign Keys Explained with practical examples, learning steps, common mistakes, projects and career-focused guidance from Forsk Coding",mysql
103,MySQL,MySQL Indexing Strategies for Faster Queries,mysql-indexing-strategies-for-faster-queries,https://forskcodingschool.com/blog/mysql-indexing-strategies-for-faster-queries/,https://forskcodingschool.com/assets/images/blog/mysql-indexing-strategies-for-faster-queries.webp,https://forskcodingschool.com/assets/images/blog/mysql-indexing-strategies-for-faster-queries-visual.webp,MySQL Indexing Strategies for Faster Queries | Practical Gui,"MySQL Indexing Strategies for Faster Queries with practical examples, learning steps, common mistakes, projects and career-focused guidance from Forsk Coding",mysql
104,MySQL,MySQL EXPLAIN: How to Read Query Execution Plans,mysql-explain-how-to-read-query-execution-plans,https://forskcodingschool.com/blog/mysql-explain-how-to-read-query-execution-plans/,https://forskcodingschool.com/assets/images/blog/mysql-explain-how-to-read-query-execution-plans.webp,https://forskcodingschool.com/assets/images/blog/mysql-explain-how-to-read-query-execution-plans-visual.webp,MySQL EXPLAIN: How to Read Query Execution Plans | Practical,"MySQL EXPLAIN: How to Read Query Execution Plans with practical examples, learning steps, common mistakes, projects and career-focused guidance from Forsk Cod",mysql
105,MySQL,MySQL Normalization with Simple Examples,mysql-normalization-with-simple-examples,https://forskcodingschool.com/blog/mysql-normalization-with-simple-examples/,https://forskcodingschool.com/assets/images/blog/mysql-normalization-with-simple-examples.webp,https://forskcodingschool.com/assets/images/blog/mysql-normalization-with-simple-examples-visual.webp,MySQL Normalization with Simple Examples | Practical Guide f,"MySQL Normalization with Simple Examples with practical examples, learning steps, common mistakes, projects and career-focused guidance from Forsk Coding Scho",mysql
106,MySQL,MySQL Transactions and Isolation Levels,mysql-transactions-and-isolation-levels,https://forskcodingschool.com/blog/mysql-transactions-and-isolation-levels/,https://forskcodingschool.com/assets/images/blog/mysql-transactions-and-isolation-levels.webp,https://forskcodingschool.com/assets/images/blog/mysql-transactions-and-isolation-levels-visual.webp,MySQL Transactions and Isolation Levels | Practical Guide fo,"MySQL Transactions and Isolation Levels with practical examples, learning steps, common mistakes, projects and career-focused guidance from Forsk Coding Schoo",mysql
107,MySQL,MySQL Stored Procedures: When They Make Sense,mysql-stored-procedures-when-they-make-sense,https://forskcodingschool.com/blog/mysql-stored-procedures-when-they-make-sense/,https://forskcodingschool.com/assets/images/blog/mysql-stored-procedures-when-they-make-sense.webp,https://forskcodingschool.com/assets/images/blog/mysql-stored-procedures-when-they-make-sense-visual.webp,MySQL Stored Procedures: When They Make Sense | Practical Gu,"MySQL Stored Procedures: When They Make Sense with practical examples, learning steps, common mistakes, projects and career-focused guidance from Forsk Coding",mysql
108,MySQL,MySQL Backup and Restore Basics,mysql-backup-and-restore-basics,https://forskcodingschool.com/blog/mysql-backup-and-restore-basics/,https://forskcodingschool.com/assets/images/blog/mysql-backup-and-restore-basics.webp,https://forskcodingschool.com/assets/images/blog/mysql-backup-and-restore-basics-visual.webp,MySQL Backup and Restore Basics | Practical Guide for Beginn,"MySQL Backup and Restore Basics with practical examples, learning steps, common mistakes, projects and career-focused guidance from Forsk Coding School in Jai",mysql
109,MySQL,MySQL Character Sets and Collations Explained,mysql-character-sets-and-collations-explained,https://forskcodingschool.com/blog/mysql-character-sets-and-collations-explained/,https://forskcodingschool.com/assets/images/blog/mysql-character-sets-and-collations-explained.webp,https://forskcodingschool.com/assets/images/blog/mysql-character-sets-and-collations-explained-visual.webp,MySQL Character Sets and Collations Explained | Practical Gu,"MySQL Character Sets and Collations Explained with practical examples, learning steps, common mistakes, projects and career-focused guidance from Forsk Coding",mysql
110,MySQL,MySQL Pagination Strategies for Large Tables,mysql-pagination-strategies-for-large-tables,https://forskcodingschool.com/blog/mysql-pagination-strategies-for-large-tables/,https://forskcodingschool.com/assets/images/blog/mysql-pagination-strategies-for-large-tables.webp,https://forskcodingschool.com/assets/images/blog/mysql-pagination-strategies-for-large-tables-visual.webp,MySQL Pagination Strategies for Large Tables | Practical Gui,"MySQL Pagination Strategies for Large Tables with practical examples, learning steps, common mistakes, projects and career-focused guidance from Forsk Coding",mysql
111,MongoDB,MongoDB Documents and Collections Explained,mongodb-documents-and-collections-explained,https://forskcodingschool.com/blog/mongodb-documents-and-collections-explained/,https://forskcodingschool.com/assets/images/blog/mongodb-documents-and-collections-explained.webp,https://forskcodingschool.com/assets/images/blog/mongodb-documents-and-collections-explained-visual.webp,MongoDB Documents and Collections Explained | Practical Guid,"MongoDB Documents and Collections Explained with practical examples, learning steps, common mistakes, projects and career-focused guidance from Forsk Coding S",mongodb
112,MongoDB,MongoDB Schema Design for Beginners,mongodb-schema-design-for-beginners,https://forskcodingschool.com/blog/mongodb-schema-design-for-beginners/,https://forskcodingschool.com/assets/images/blog/mongodb-schema-design-for-beginners.webp,https://forskcodingschool.com/assets/images/blog/mongodb-schema-design-for-beginners-visual.webp,MongoDB Schema Design for Beginners | Practical Guide for Be,"MongoDB Schema Design for Beginners with practical examples, learning steps, common mistakes, projects and career-focused guidance from Forsk Coding School in",mongodb
113,MongoDB,MongoDB Indexes and Query Performance,mongodb-indexes-and-query-performance,https://forskcodingschool.com/blog/mongodb-indexes-and-query-performance/,https://forskcodingschool.com/assets/images/blog/mongodb-indexes-and-query-performance.webp,https://forskcodingschool.com/assets/images/blog/mongodb-indexes-and-query-performance-visual.webp,MongoDB Indexes and Query Performance | Practical Guide for,"MongoDB Indexes and Query Performance with practical examples, learning steps, common mistakes, projects and career-focused guidance from Forsk Coding School",mongodb
114,MongoDB,MongoDB Aggregation Pipeline Explained,mongodb-aggregation-pipeline-explained,https://forskcodingschool.com/blog/mongodb-aggregation-pipeline-explained/,https://forskcodingschool.com/assets/images/blog/mongodb-aggregation-pipeline-explained.webp,https://forskcodingschool.com/assets/images/blog/mongodb-aggregation-pipeline-explained-visual.webp,MongoDB Aggregation Pipeline Explained | Practical Guide for,"MongoDB Aggregation Pipeline Explained with practical examples, learning steps, common mistakes, projects and career-focused guidance from Forsk Coding School",mongodb
115,MongoDB,MongoDB CRUD Operations with Practical Examples,mongodb-crud-operations-with-practical-examples,https://forskcodingschool.com/blog/mongodb-crud-operations-with-practical-examples/,https://forskcodingschool.com/assets/images/blog/mongodb-crud-operations-with-practical-examples.webp,https://forskcodingschool.com/assets/images/blog/mongodb-crud-operations-with-practical-examples-visual.webp,MongoDB CRUD Operations with Practical Examples | Practical,"MongoDB CRUD Operations with Practical Examples with practical examples, learning steps, common mistakes, projects and career-focused guidance from Forsk Codi",mongodb
116,MongoDB,MongoDB Embedded Documents vs References,mongodb-embedded-documents-vs-references,https://forskcodingschool.com/blog/mongodb-embedded-documents-vs-references/,https://forskcodingschool.com/assets/images/blog/mongodb-embedded-documents-vs-references.webp,https://forskcodingschool.com/assets/images/blog/mongodb-embedded-documents-vs-references-visual.webp,MongoDB Embedded Documents vs References | Practical Guide f,"MongoDB Embedded Documents vs References with practical examples, learning steps, common mistakes, projects and career-focused guidance from Forsk Coding Scho",mongodb
117,MongoDB,MongoDB Data Validation and Schema Rules,mongodb-data-validation-and-schema-rules,https://forskcodingschool.com/blog/mongodb-data-validation-and-schema-rules/,https://forskcodingschool.com/assets/images/blog/mongodb-data-validation-and-schema-rules.webp,https://forskcodingschool.com/assets/images/blog/mongodb-data-validation-and-schema-rules-visual.webp,MongoDB Data Validation and Schema Rules | Practical Guide f,"MongoDB Data Validation and Schema Rules with practical examples, learning steps, common mistakes, projects and career-focused guidance from Forsk Coding Scho",mongodb
118,MongoDB,MongoDB Transactions: When You Need Them,mongodb-transactions-when-you-need-them,https://forskcodingschool.com/blog/mongodb-transactions-when-you-need-them/,https://forskcodingschool.com/assets/images/blog/mongodb-transactions-when-you-need-them.webp,https://forskcodingschool.com/assets/images/blog/mongodb-transactions-when-you-need-them-visual.webp,MongoDB Transactions: When You Need Them | Practical Guide f,"MongoDB Transactions: When You Need Them with practical examples, learning steps, common mistakes, projects and career-focused guidance from Forsk Coding Scho",mongodb
119,MongoDB,MongoDB Atlas Basics for New Developers,mongodb-atlas-basics-for-new-developers,https://forskcodingschool.com/blog/mongodb-atlas-basics-for-new-developers/,https://forskcodingschool.com/assets/images/blog/mongodb-atlas-basics-for-new-developers.webp,https://forskcodingschool.com/assets/images/blog/mongodb-atlas-basics-for-new-developers-visual.webp,MongoDB Atlas Basics for New Developers | Practical Guide fo,"MongoDB Atlas Basics for New Developers with practical examples, learning steps, common mistakes, projects and career-focused guidance from Forsk Coding Schoo",mongodb
120,MongoDB,MongoDB Query Operators You Should Know,mongodb-query-operators-you-should-know,https://forskcodingschool.com/blog/mongodb-query-operators-you-should-know/,https://forskcodingschool.com/assets/images/blog/mongodb-query-operators-you-should-know.webp,https://forskcodingschool.com/assets/images/blog/mongodb-query-operators-you-should-know-visual.webp,MongoDB Query Operators You Should Know | Practical Guide fo,"MongoDB Query Operators You Should Know with practical examples, learning steps, common mistakes, projects and career-focused guidance from Forsk Coding Schoo",mongodb
121,HTML,HTML Semantic Elements and Why They Matter,html-semantic-elements-and-why-they-matter,https://forskcodingschool.com/blog/html-semantic-elements-and-why-they-matter/,https://forskcodingschool.com/assets/images/blog/html-semantic-elements-and-why-they-matter.webp,https://forskcodingschool.com/assets/images/blog/html-semantic-elements-and-why-they-matter-visual.webp,HTML Semantic Elements and Why They Matter | Practical Guide,"HTML Semantic Elements and Why They Matter with practical examples, learning steps, common mistakes, projects and career-focused guidance from Forsk Coding Sc",html
122,HTML,"HTML Forms: Inputs, Labels and Accessibility",html-forms-inputs-labels-and-accessibility,https://forskcodingschool.com/blog/html-forms-inputs-labels-and-accessibility/,https://forskcodingschool.com/assets/images/blog/html-forms-inputs-labels-and-accessibility.webp,https://forskcodingschool.com/assets/images/blog/html-forms-inputs-labels-and-accessibility-visual.webp,"HTML Forms: Inputs, Labels and Accessibility | Practical Gui","HTML Forms: Inputs, Labels and Accessibility with practical examples, learning steps, common mistakes, projects and career-focused guidance from Forsk Coding",html
123,HTML,HTML Tables: Structure and Accessibility Best Practices,html-tables-structure-and-accessibility-best-practices,https://forskcodingschool.com/blog/html-tables-structure-and-accessibility-best-practices/,https://forskcodingschool.com/assets/images/blog/html-tables-structure-and-accessibility-best-practices.webp,https://forskcodingschool.com/assets/images/blog/html-tables-structure-and-accessibility-best-practices-visual.webp,HTML Tables: Structure and Accessibility Best Practices | Pr,"HTML Tables: Structure and Accessibility Best Practices with practical examples, learning steps, common mistakes, projects and career-focused guidance from Fo",html
124,HTML,HTML5 Data Attributes and Practical Use Cases,html5-data-attributes-and-practical-use-cases,https://forskcodingschool.com/blog/html5-data-attributes-and-practical-use-cases/,https://forskcodingschool.com/assets/images/blog/html5-data-attributes-and-practical-use-cases.webp,https://forskcodingschool.com/assets/images/blog/html5-data-attributes-and-practical-use-cases-visual.webp,HTML5 Data Attributes and Practical Use Cases | Practical Gu,"HTML5 Data Attributes and Practical Use Cases with practical examples, learning steps, common mistakes, projects and career-focused guidance from Forsk Coding",html
125,HTML,HTML Meta Tags Every Website Should Have,html-meta-tags-every-website-should-have,https://forskcodingschool.com/blog/html-meta-tags-every-website-should-have/,https://forskcodingschool.com/assets/images/blog/html-meta-tags-every-website-should-have.webp,https://forskcodingschool.com/assets/images/blog/html-meta-tags-every-website-should-have-visual.webp,HTML Meta Tags Every Website Should Have | Practical Guide f,"HTML Meta Tags Every Website Should Have with practical examples, learning steps, common mistakes, projects and career-focused guidance from Forsk Coding Scho",html
126,HTML,HTML Links and Navigation Best Practices,html-links-and-navigation-best-practices,https://forskcodingschool.com/blog/html-links-and-navigation-best-practices/,https://forskcodingschool.com/assets/images/blog/html-links-and-navigation-best-practices.webp,https://forskcodingschool.com/assets/images/blog/html-links-and-navigation-best-practices-visual.webp,HTML Links and Navigation Best Practices | Practical Guide f,"HTML Links and Navigation Best Practices with practical examples, learning steps, common mistakes, projects and career-focused guidance from Forsk Coding Scho",html
127,HTML,HTML Images: Responsive and Accessible Markup,html-images-responsive-and-accessible-markup,https://forskcodingschool.com/blog/html-images-responsive-and-accessible-markup/,https://forskcodingschool.com/assets/images/blog/html-images-responsive-and-accessible-markup.webp,https://forskcodingschool.com/assets/images/blog/html-images-responsive-and-accessible-markup-visual.webp,HTML Images: Responsive and Accessible Markup | Practical Gu,"HTML Images: Responsive and Accessible Markup with practical examples, learning steps, common mistakes, projects and career-focused guidance from Forsk Coding",html
128,HTML,HTML Lists and Content Structure for SEO,html-lists-and-content-structure-for-seo,https://forskcodingschool.com/blog/html-lists-and-content-structure-for-seo/,https://forskcodingschool.com/assets/images/blog/html-lists-and-content-structure-for-seo.webp,https://forskcodingschool.com/assets/images/blog/html-lists-and-content-structure-for-seo-visual.webp,HTML Lists and Content Structure for SEO | Practical Guide f,"HTML Lists and Content Structure for SEO with practical examples, learning steps, common mistakes, projects and career-focused guidance from Forsk Coding Scho",html
129,HTML,HTML5 Audio and Video Elements Explained,html5-audio-and-video-elements-explained,https://forskcodingschool.com/blog/html5-audio-and-video-elements-explained/,https://forskcodingschool.com/assets/images/blog/html5-audio-and-video-elements-explained.webp,https://forskcodingschool.com/assets/images/blog/html5-audio-and-video-elements-explained-visual.webp,HTML5 Audio and Video Elements Explained | Practical Guide f,"HTML5 Audio and Video Elements Explained with practical examples, learning steps, common mistakes, projects and career-focused guidance from Forsk Coding Scho",html
130,HTML,HTML Accessibility Basics for Developers,html-accessibility-basics-for-developers,https://forskcodingschool.com/blog/html-accessibility-basics-for-developers/,https://forskcodingschool.com/assets/images/blog/html-accessibility-basics-for-developers.webp,https://forskcodingschool.com/assets/images/blog/html-accessibility-basics-for-developers-visual.webp,HTML Accessibility Basics for Developers | Practical Guide f,"HTML Accessibility Basics for Developers with practical examples, learning steps, common mistakes, projects and career-focused guidance from Forsk Coding Scho",html
131,CSS,CSS Flexbox Explained with Practical Layout Examples,css-flexbox-explained-with-practical-layout-examples,https://forskcodingschool.com/blog/css-flexbox-explained-with-practical-layout-examples/,https://forskcodingschool.com/assets/images/blog/css-flexbox-explained-with-practical-layout-examples.webp,https://forskcodingschool.com/assets/images/blog/css-flexbox-explained-with-practical-layout-examples-visual.webp,CSS Flexbox Explained with Practical Layout Examples | Pract,"CSS Flexbox Explained with Practical Layout Examples with practical examples, learning steps, common mistakes, projects and career-focused guidance from Forsk",css
132,CSS,CSS Grid vs Flexbox: Choosing the Right Tool,css-grid-vs-flexbox-choosing-the-right-tool,https://forskcodingschool.com/blog/css-grid-vs-flexbox-choosing-the-right-tool/,https://forskcodingschool.com/assets/images/blog/css-grid-vs-flexbox-choosing-the-right-tool.webp,https://forskcodingschool.com/assets/images/blog/css-grid-vs-flexbox-choosing-the-right-tool-visual.webp,CSS Grid vs Flexbox: Choosing the Right Tool | Practical Gui,"CSS Grid vs Flexbox: Choosing the Right Tool with practical examples, learning steps, common mistakes, projects and career-focused guidance from Forsk Coding",css
133,CSS,CSS Positioning: Static Relative Absolute and Fixed,css-positioning-static-relative-absolute-and-fixed,https://forskcodingschool.com/blog/css-positioning-static-relative-absolute-and-fixed/,https://forskcodingschool.com/assets/images/blog/css-positioning-static-relative-absolute-and-fixed.webp,https://forskcodingschool.com/assets/images/blog/css-positioning-static-relative-absolute-and-fixed-visual.webp,CSS Positioning: Static Relative Absolute and Fixed | Practi,"CSS Positioning: Static Relative Absolute and Fixed with practical examples, learning steps, common mistakes, projects and career-focused guidance from Forsk",css
134,CSS,CSS Responsive Design for Mobile-First Websites,css-responsive-design-for-mobile-first-websites,https://forskcodingschool.com/blog/css-responsive-design-for-mobile-first-websites/,https://forskcodingschool.com/assets/images/blog/css-responsive-design-for-mobile-first-websites.webp,https://forskcodingschool.com/assets/images/blog/css-responsive-design-for-mobile-first-websites-visual.webp,CSS Responsive Design for Mobile-First Websites | Practical,"CSS Responsive Design for Mobile-First Websites with practical examples, learning steps, common mistakes, projects and career-focused guidance from Forsk Codi",css
135,CSS,CSS Media Queries and Breakpoint Strategy,css-media-queries-and-breakpoint-strategy,https://forskcodingschool.com/blog/css-media-queries-and-breakpoint-strategy/,https://forskcodingschool.com/assets/images/blog/css-media-queries-and-breakpoint-strategy.webp,https://forskcodingschool.com/assets/images/blog/css-media-queries-and-breakpoint-strategy-visual.webp,CSS Media Queries and Breakpoint Strategy | Practical Guide,"CSS Media Queries and Breakpoint Strategy with practical examples, learning steps, common mistakes, projects and career-focused guidance from Forsk Coding Sch",css
136,CSS,CSS Variables for Maintainable Design Systems,css-variables-for-maintainable-design-systems,https://forskcodingschool.com/blog/css-variables-for-maintainable-design-systems/,https://forskcodingschool.com/assets/images/blog/css-variables-for-maintainable-design-systems.webp,https://forskcodingschool.com/assets/images/blog/css-variables-for-maintainable-design-systems-visual.webp,CSS Variables for Maintainable Design Systems | Practical Gu,"CSS Variables for Maintainable Design Systems with practical examples, learning steps, common mistakes, projects and career-focused guidance from Forsk Coding",css
137,CSS,CSS Specificity Explained and Common Mistakes,css-specificity-explained-and-common-mistakes,https://forskcodingschool.com/blog/css-specificity-explained-and-common-mistakes/,https://forskcodingschool.com/assets/images/blog/css-specificity-explained-and-common-mistakes.webp,https://forskcodingschool.com/assets/images/blog/css-specificity-explained-and-common-mistakes-visual.webp,CSS Specificity Explained and Common Mistakes | Practical Gu,"CSS Specificity Explained and Common Mistakes with practical examples, learning steps, common mistakes, projects and career-focused guidance from Forsk Coding",css
138,CSS,CSS Transitions and Animations for Better Interfaces,css-transitions-and-animations-for-better-interfaces,https://forskcodingschool.com/blog/css-transitions-and-animations-for-better-interfaces/,https://forskcodingschool.com/assets/images/blog/css-transitions-and-animations-for-better-interfaces.webp,https://forskcodingschool.com/assets/images/blog/css-transitions-and-animations-for-better-interfaces-visual.webp,CSS Transitions and Animations for Better Interfaces | Pract,"CSS Transitions and Animations for Better Interfaces with practical examples, learning steps, common mistakes, projects and career-focused guidance from Forsk",css
139,CSS,CSS Forms Styling Tips for Professional Websites,css-forms-styling-tips-for-professional-websites,https://forskcodingschool.com/blog/css-forms-styling-tips-for-professional-websites/,https://forskcodingschool.com/assets/images/blog/css-forms-styling-tips-for-professional-websites.webp,https://forskcodingschool.com/assets/images/blog/css-forms-styling-tips-for-professional-websites-visual.webp,CSS Forms Styling Tips for Professional Websites | Practical,"CSS Forms Styling Tips for Professional Websites with practical examples, learning steps, common mistakes, projects and career-focused guidance from Forsk Cod",css
140,CSS,CSS Architecture for Large Frontend Projects,css-architecture-for-large-frontend-projects,https://forskcodingschool.com/blog/css-architecture-for-large-frontend-projects/,https://forskcodingschool.com/assets/images/blog/css-architecture-for-large-frontend-projects.webp,https://forskcodingschool.com/assets/images/blog/css-architecture-for-large-frontend-projects-visual.webp,CSS Architecture for Large Frontend Projects | Practical Gui,"CSS Architecture for Large Frontend Projects with practical examples, learning steps, common mistakes, projects and career-focused guidance from Forsk Coding",css
141,Git,Git Branching Strategy for Small Development Teams,git-branching-strategy-for-small-development-teams,https://forskcodingschool.com/blog/git-branching-strategy-for-small-development-teams/,https://forskcodingschool.com/assets/images/blog/git-branching-strategy-for-small-development-teams.webp,https://forskcodingschool.com/assets/images/blog/git-branching-strategy-for-small-development-teams-visual.webp,Git Branching Strategy for Small Development Teams | Practic,"Git Branching Strategy for Small Development Teams with practical examples, learning steps, common mistakes, projects and career-focused guidance from Forsk C",git
142,Git,Git Merge vs Rebase: Which Should You Use,git-merge-vs-rebase-which-should-you-use,https://forskcodingschool.com/blog/git-merge-vs-rebase-which-should-you-use/,https://forskcodingschool.com/assets/images/blog/git-merge-vs-rebase-which-should-you-use.webp,https://forskcodingschool.com/assets/images/blog/git-merge-vs-rebase-which-should-you-use-visual.webp,Git Merge vs Rebase: Which Should You Use | Practical Guide,"Git Merge vs Rebase: Which Should You Use with practical examples, learning steps, common mistakes, projects and career-focused guidance from Forsk Coding Sch",git
143,Git,Git Stash Explained for Everyday Development,git-stash-explained-for-everyday-development,https://forskcodingschool.com/blog/git-stash-explained-for-everyday-development/,https://forskcodingschool.com/assets/images/blog/git-stash-explained-for-everyday-development.webp,https://forskcodingschool.com/assets/images/blog/git-stash-explained-for-everyday-development-visual.webp,Git Stash Explained for Everyday Development | Practical Gui,"Git Stash Explained for Everyday Development with practical examples, learning steps, common mistakes, projects and career-focused guidance from Forsk Coding",git
144,Git,Git Cherry-Pick: Practical Use Cases and Risks,git-cherry-pick-practical-use-cases-and-risks,https://forskcodingschool.com/blog/git-cherry-pick-practical-use-cases-and-risks/,https://forskcodingschool.com/assets/images/blog/git-cherry-pick-practical-use-cases-and-risks.webp,https://forskcodingschool.com/assets/images/blog/git-cherry-pick-practical-use-cases-and-risks-visual.webp,Git Cherry-Pick: Practical Use Cases and Risks | Practical G,"Git Cherry-Pick: Practical Use Cases and Risks with practical examples, learning steps, common mistakes, projects and career-focused guidance from Forsk Codin",git
145,Git,Git Revert vs Reset: Safely Undoing Changes,git-revert-vs-reset-safely-undoing-changes,https://forskcodingschool.com/blog/git-revert-vs-reset-safely-undoing-changes/,https://forskcodingschool.com/assets/images/blog/git-revert-vs-reset-safely-undoing-changes.webp,https://forskcodingschool.com/assets/images/blog/git-revert-vs-reset-safely-undoing-changes-visual.webp,Git Revert vs Reset: Safely Undoing Changes | Practical Guid,"Git Revert vs Reset: Safely Undoing Changes with practical examples, learning steps, common mistakes, projects and career-focused guidance from Forsk Coding S",git
146,Git,Git Commit Messages: Best Practices for Teams,git-commit-messages-best-practices-for-teams,https://forskcodingschool.com/blog/git-commit-messages-best-practices-for-teams/,https://forskcodingschool.com/assets/images/blog/git-commit-messages-best-practices-for-teams.webp,https://forskcodingschool.com/assets/images/blog/git-commit-messages-best-practices-for-teams-visual.webp,Git Commit Messages: Best Practices for Teams | Practical Gu,"Git Commit Messages: Best Practices for Teams with practical examples, learning steps, common mistakes, projects and career-focused guidance from Forsk Coding",git
147,Git,Git Ignore Files and Keeping Repositories Clean,git-ignore-files-and-keeping-repositories-clean,https://forskcodingschool.com/blog/git-ignore-files-and-keeping-repositories-clean/,https://forskcodingschool.com/assets/images/blog/git-ignore-files-and-keeping-repositories-clean.webp,https://forskcodingschool.com/assets/images/blog/git-ignore-files-and-keeping-repositories-clean-visual.webp,Git Ignore Files and Keeping Repositories Clean | Practical,"Git Ignore Files and Keeping Repositories Clean with practical examples, learning steps, common mistakes, projects and career-focused guidance from Forsk Codi",git
148,Git,Git Pull vs Fetch: Understanding Remote Changes,git-pull-vs-fetch-understanding-remote-changes,https://forskcodingschool.com/blog/git-pull-vs-fetch-understanding-remote-changes/,https://forskcodingschool.com/assets/images/blog/git-pull-vs-fetch-understanding-remote-changes.webp,https://forskcodingschool.com/assets/images/blog/git-pull-vs-fetch-understanding-remote-changes-visual.webp,Git Pull vs Fetch: Understanding Remote Changes | Practical,"Git Pull vs Fetch: Understanding Remote Changes with practical examples, learning steps, common mistakes, projects and career-focused guidance from Forsk Codi",git
149,Git,Git Conflict Resolution Step by Step,git-conflict-resolution-step-by-step,https://forskcodingschool.com/blog/git-conflict-resolution-step-by-step/,https://forskcodingschool.com/assets/images/blog/git-conflict-resolution-step-by-step.webp,https://forskcodingschool.com/assets/images/blog/git-conflict-resolution-step-by-step-visual.webp,Git Conflict Resolution Step by Step | Practical Guide for B,"Git Conflict Resolution Step by Step with practical examples, learning steps, common mistakes, projects and career-focused guidance from Forsk Coding School i",git
150,Git,Git Tags and Releases for Software Projects,git-tags-and-releases-for-software-projects,https://forskcodingschool.com/blog/git-tags-and-releases-for-software-projects/,https://forskcodingschool.com/assets/images/blog/git-tags-and-releases-for-software-projects.webp,https://forskcodingschool.com/assets/images/blog/git-tags-and-releases-for-software-projects-visual.webp,Git Tags and Releases for Software Projects | Practical Guid,"Git Tags and Releases for Software Projects with practical examples, learning steps, common mistakes, projects and career-focused guidance from Forsk Coding S",git
151,GitHub,GitHub Repository Best Practices for Beginners,github-repository-best-practices-for-beginners,https://forskcodingschool.com/blog/github-repository-best-practices-for-beginners/,https://forskcodingschool.com/assets/images/blog/github-repository-best-practices-for-beginners.webp,https://forskcodingschool.com/assets/images/blog/github-repository-best-practices-for-beginners-visual.webp,GitHub Repository Best Practices for Beginners | Practical G,"GitHub Repository Best Practices for Beginners with practical examples, learning steps, common mistakes, projects and career-focused guidance from Forsk Codin",github
152,GitHub,GitHub Pull Requests: A Developer Workflow Guide,github-pull-requests-a-developer-workflow-guide,https://forskcodingschool.com/blog/github-pull-requests-a-developer-workflow-guide/,https://forskcodingschool.com/assets/images/blog/github-pull-requests-a-developer-workflow-guide.webp,https://forskcodingschool.com/assets/images/blog/github-pull-requests-a-developer-workflow-guide-visual.webp,GitHub Pull Requests: A Developer Workflow Guide | Practical,"GitHub Pull Requests: A Developer Workflow Guide with practical examples, learning steps, common mistakes, projects and career-focused guidance from Forsk Cod",github
153,GitHub,GitHub Issues for Project Planning and Bug Tracking,github-issues-for-project-planning-and-bug-tracking,https://forskcodingschool.com/blog/github-issues-for-project-planning-and-bug-tracking/,https://forskcodingschool.com/assets/images/blog/github-issues-for-project-planning-and-bug-tracking.webp,https://forskcodingschool.com/assets/images/blog/github-issues-for-project-planning-and-bug-tracking-visual.webp,GitHub Issues for Project Planning and Bug Tracking | Practi,"GitHub Issues for Project Planning and Bug Tracking with practical examples, learning steps, common mistakes, projects and career-focused guidance from Forsk",github
154,GitHub,GitHub Actions Basics for Automated Workflows,github-actions-basics-for-automated-workflows,https://forskcodingschool.com/blog/github-actions-basics-for-automated-workflows/,https://forskcodingschool.com/assets/images/blog/github-actions-basics-for-automated-workflows.webp,https://forskcodingschool.com/assets/images/blog/github-actions-basics-for-automated-workflows-visual.webp,GitHub Actions Basics for Automated Workflows | Practical Gu,"GitHub Actions Basics for Automated Workflows with practical examples, learning steps, common mistakes, projects and career-focused guidance from Forsk Coding",github
155,GitHub,GitHub README Structure That Improves Projects,github-readme-structure-that-improves-projects,https://forskcodingschool.com/blog/github-readme-structure-that-improves-projects/,https://forskcodingschool.com/assets/images/blog/github-readme-structure-that-improves-projects.webp,https://forskcodingschool.com/assets/images/blog/github-readme-structure-that-improves-projects-visual.webp,GitHub README Structure That Improves Projects | Practical G,"GitHub README Structure That Improves Projects with practical examples, learning steps, common mistakes, projects and career-focused guidance from Forsk Codin",github
156,GitHub,GitHub Code Review Practices for Teams,github-code-review-practices-for-teams,https://forskcodingschool.com/blog/github-code-review-practices-for-teams/,https://forskcodingschool.com/assets/images/blog/github-code-review-practices-for-teams.webp,https://forskcodingschool.com/assets/images/blog/github-code-review-practices-for-teams-visual.webp,GitHub Code Review Practices for Teams | Practical Guide for,"GitHub Code Review Practices for Teams with practical examples, learning steps, common mistakes, projects and career-focused guidance from Forsk Coding School",github
157,GitHub,GitHub Branch Protection and Collaboration,github-branch-protection-and-collaboration,https://forskcodingschool.com/blog/github-branch-protection-and-collaboration/,https://forskcodingschool.com/assets/images/blog/github-branch-protection-and-collaboration.webp,https://forskcodingschool.com/assets/images/blog/github-branch-protection-and-collaboration-visual.webp,GitHub Branch Protection and Collaboration | Practical Guide,"GitHub Branch Protection and Collaboration with practical examples, learning steps, common mistakes, projects and career-focused guidance from Forsk Coding Sc",github
158,GitHub,GitHub Pages for Simple Project Websites,github-pages-for-simple-project-websites,https://forskcodingschool.com/blog/github-pages-for-simple-project-websites/,https://forskcodingschool.com/assets/images/blog/github-pages-for-simple-project-websites.webp,https://forskcodingschool.com/assets/images/blog/github-pages-for-simple-project-websites-visual.webp,GitHub Pages for Simple Project Websites | Practical Guide f,"GitHub Pages for Simple Project Websites with practical examples, learning steps, common mistakes, projects and career-focused guidance from Forsk Coding Scho",github
159,GitHub,GitHub Projects for Managing Development Tasks,github-projects-for-managing-development-tasks,https://forskcodingschool.com/blog/github-projects-for-managing-development-tasks/,https://forskcodingschool.com/assets/images/blog/github-projects-for-managing-development-tasks.webp,https://forskcodingschool.com/assets/images/blog/github-projects-for-managing-development-tasks-visual.webp,GitHub Projects for Managing Development Tasks | Practical G,"GitHub Projects for Managing Development Tasks with practical examples, learning steps, common mistakes, projects and career-focused guidance from Forsk Codin",github
160,GitHub,GitHub Secrets and Safe Credential Management,github-secrets-and-safe-credential-management,https://forskcodingschool.com/blog/github-secrets-and-safe-credential-management/,https://forskcodingschool.com/assets/images/blog/github-secrets-and-safe-credential-management.webp,https://forskcodingschool.com/assets/images/blog/github-secrets-and-safe-credential-management-visual.webp,GitHub Secrets and Safe Credential Management | Practical Gu,"GitHub Secrets and Safe Credential Management with practical examples, learning steps, common mistakes, projects and career-focused guidance from Forsk Coding",github
161,Docker,Docker Containers Explained for Web Developers,docker-containers-explained-for-web-developers,https://forskcodingschool.com/blog/docker-containers-explained-for-web-developers/,https://forskcodingschool.com/assets/images/blog/docker-containers-explained-for-web-developers.webp,https://forskcodingschool.com/assets/images/blog/docker-containers-explained-for-web-developers-visual.webp,Docker Containers Explained for Web Developers | Practical G,"Docker Containers Explained for Web Developers with practical examples, learning steps, common mistakes, projects and career-focused guidance from Forsk Codin",docker
162,Docker,Docker Images vs Containers: The Practical Difference,docker-images-vs-containers-the-practical-difference,https://forskcodingschool.com/blog/docker-images-vs-containers-the-practical-difference/,https://forskcodingschool.com/assets/images/blog/docker-images-vs-containers-the-practical-difference.webp,https://forskcodingschool.com/assets/images/blog/docker-images-vs-containers-the-practical-difference-visual.webp,Docker Images vs Containers: The Practical Difference | Prac,"Docker Images vs Containers: The Practical Difference with practical examples, learning steps, common mistakes, projects and career-focused guidance from Fors",docker
163,Docker,Dockerfile Basics for Building Application Images,dockerfile-basics-for-building-application-images,https://forskcodingschool.com/blog/dockerfile-basics-for-building-application-images/,https://forskcodingschool.com/assets/images/blog/dockerfile-basics-for-building-application-images.webp,https://forskcodingschool.com/assets/images/blog/dockerfile-basics-for-building-application-images-visual.webp,Dockerfile Basics for Building Application Images | Practica,"Dockerfile Basics for Building Application Images with practical examples, learning steps, common mistakes, projects and career-focused guidance from Forsk Co",docker
164,Docker,Docker Compose for Local Development,docker-compose-for-local-development,https://forskcodingschool.com/blog/docker-compose-for-local-development/,https://forskcodingschool.com/assets/images/blog/docker-compose-for-local-development.webp,https://forskcodingschool.com/assets/images/blog/docker-compose-for-local-development-visual.webp,Docker Compose for Local Development | Practical Guide for B,"Docker Compose for Local Development with practical examples, learning steps, common mistakes, projects and career-focused guidance from Forsk Coding School i",docker
165,Docker,Docker Volumes and Persistent Application Data,docker-volumes-and-persistent-application-data,https://forskcodingschool.com/blog/docker-volumes-and-persistent-application-data/,https://forskcodingschool.com/assets/images/blog/docker-volumes-and-persistent-application-data.webp,https://forskcodingschool.com/assets/images/blog/docker-volumes-and-persistent-application-data-visual.webp,Docker Volumes and Persistent Application Data | Practical G,"Docker Volumes and Persistent Application Data with practical examples, learning steps, common mistakes, projects and career-focused guidance from Forsk Codin",docker
166,Docker,Docker Networking Explained for Beginners,docker-networking-explained-for-beginners,https://forskcodingschool.com/blog/docker-networking-explained-for-beginners/,https://forskcodingschool.com/assets/images/blog/docker-networking-explained-for-beginners.webp,https://forskcodingschool.com/assets/images/blog/docker-networking-explained-for-beginners-visual.webp,Docker Networking Explained for Beginners | Practical Guide,"Docker Networking Explained for Beginners with practical examples, learning steps, common mistakes, projects and career-focused guidance from Forsk Coding Sch",docker
167,Docker,Docker Environment Variables and Configuration,docker-environment-variables-and-configuration,https://forskcodingschool.com/blog/docker-environment-variables-and-configuration/,https://forskcodingschool.com/assets/images/blog/docker-environment-variables-and-configuration.webp,https://forskcodingschool.com/assets/images/blog/docker-environment-variables-and-configuration-visual.webp,Docker Environment Variables and Configuration | Practical G,"Docker Environment Variables and Configuration with practical examples, learning steps, common mistakes, projects and career-focused guidance from Forsk Codin",docker
168,Docker,Docker Multi-Stage Builds for Smaller Images,docker-multi-stage-builds-for-smaller-images,https://forskcodingschool.com/blog/docker-multi-stage-builds-for-smaller-images/,https://forskcodingschool.com/assets/images/blog/docker-multi-stage-builds-for-smaller-images.webp,https://forskcodingschool.com/assets/images/blog/docker-multi-stage-builds-for-smaller-images-visual.webp,Docker Multi-Stage Builds for Smaller Images | Practical Gui,"Docker Multi-Stage Builds for Smaller Images with practical examples, learning steps, common mistakes, projects and career-focused guidance from Forsk Coding",docker
169,Docker,Docker Logs and Debugging Container Problems,docker-logs-and-debugging-container-problems,https://forskcodingschool.com/blog/docker-logs-and-debugging-container-problems/,https://forskcodingschool.com/assets/images/blog/docker-logs-and-debugging-container-problems.webp,https://forskcodingschool.com/assets/images/blog/docker-logs-and-debugging-container-problems-visual.webp,Docker Logs and Debugging Container Problems | Practical Gui,"Docker Logs and Debugging Container Problems with practical examples, learning steps, common mistakes, projects and career-focused guidance from Forsk Coding",docker
170,Docker,Docker Security Basics for Development Teams,docker-security-basics-for-development-teams,https://forskcodingschool.com/blog/docker-security-basics-for-development-teams/,https://forskcodingschool.com/assets/images/blog/docker-security-basics-for-development-teams.webp,https://forskcodingschool.com/assets/images/blog/docker-security-basics-for-development-teams-visual.webp,Docker Security Basics for Development Teams | Practical Gui,"Docker Security Basics for Development Teams with practical examples, learning steps, common mistakes, projects and career-focused guidance from Forsk Coding",docker
171,DevOps,DevOps Lifecycle Explained for Beginners,devops-lifecycle-explained-for-beginners,https://forskcodingschool.com/blog/devops-lifecycle-explained-for-beginners/,https://forskcodingschool.com/assets/images/blog/devops-lifecycle-explained-for-beginners.webp,https://forskcodingschool.com/assets/images/blog/devops-lifecycle-explained-for-beginners-visual.webp,DevOps Lifecycle Explained for Beginners | Practical Guide f,"DevOps Lifecycle Explained for Beginners with practical examples, learning steps, common mistakes, projects and career-focused guidance from Forsk Coding Scho",devops
172,DevOps,CI vs CD: Understanding Continuous Integration and Delivery,ci-vs-cd-understanding-continuous-integration-and-delivery,https://forskcodingschool.com/blog/ci-vs-cd-understanding-continuous-integration-and-delivery/,https://forskcodingschool.com/assets/images/blog/ci-vs-cd-understanding-continuous-integration-and-delivery.webp,https://forskcodingschool.com/assets/images/blog/ci-vs-cd-understanding-continuous-integration-and-delivery-visual.webp,CI vs CD: Understanding Continuous Integration and Delivery,"CI vs CD: Understanding Continuous Integration and Delivery with practical examples, learning steps, common mistakes, projects and career-focused guidance fro",devops
173,DevOps,DevOps Version Control and Release Workflows,devops-version-control-and-release-workflows,https://forskcodingschool.com/blog/devops-version-control-and-release-workflows/,https://forskcodingschool.com/assets/images/blog/devops-version-control-and-release-workflows.webp,https://forskcodingschool.com/assets/images/blog/devops-version-control-and-release-workflows-visual.webp,DevOps Version Control and Release Workflows | Practical Gui,"DevOps Version Control and Release Workflows with practical examples, learning steps, common mistakes, projects and career-focused guidance from Forsk Coding",devops
174,DevOps,Infrastructure as Code: Why Teams Use It,infrastructure-as-code-why-teams-use-it,https://forskcodingschool.com/blog/infrastructure-as-code-why-teams-use-it/,https://forskcodingschool.com/assets/images/blog/infrastructure-as-code-why-teams-use-it.webp,https://forskcodingschool.com/assets/images/blog/infrastructure-as-code-why-teams-use-it-visual.webp,Infrastructure as Code: Why Teams Use It | Practical Guide f,"Infrastructure as Code: Why Teams Use It with practical examples, learning steps, common mistakes, projects and career-focused guidance from Forsk Coding Scho",devops
175,DevOps,Monitoring and Logging in Modern DevOps,monitoring-and-logging-in-modern-devops,https://forskcodingschool.com/blog/monitoring-and-logging-in-modern-devops/,https://forskcodingschool.com/assets/images/blog/monitoring-and-logging-in-modern-devops.webp,https://forskcodingschool.com/assets/images/blog/monitoring-and-logging-in-modern-devops-visual.webp,Monitoring and Logging in Modern DevOps | Practical Guide fo,"Monitoring and Logging in Modern DevOps with practical examples, learning steps, common mistakes, projects and career-focused guidance from Forsk Coding Schoo",devops
176,DevOps,Deployment Strategies: Rolling Blue-Green and Canary,deployment-strategies-rolling-blue-green-and-canary,https://forskcodingschool.com/blog/deployment-strategies-rolling-blue-green-and-canary/,https://forskcodingschool.com/assets/images/blog/deployment-strategies-rolling-blue-green-and-canary.webp,https://forskcodingschool.com/assets/images/blog/deployment-strategies-rolling-blue-green-and-canary-visual.webp,Deployment Strategies: Rolling Blue-Green and Canary | Pract,"Deployment Strategies: Rolling Blue-Green and Canary with practical examples, learning steps, common mistakes, projects and career-focused guidance from Forsk",devops
177,DevOps,DevOps Automation Ideas for Small Teams,devops-automation-ideas-for-small-teams,https://forskcodingschool.com/blog/devops-automation-ideas-for-small-teams/,https://forskcodingschool.com/assets/images/blog/devops-automation-ideas-for-small-teams.webp,https://forskcodingschool.com/assets/images/blog/devops-automation-ideas-for-small-teams-visual.webp,DevOps Automation Ideas for Small Teams | Practical Guide fo,"DevOps Automation Ideas for Small Teams with practical examples, learning steps, common mistakes, projects and career-focused guidance from Forsk Coding Schoo",devops
178,DevOps,Secrets Management in DevOps Pipelines,secrets-management-in-devops-pipelines,https://forskcodingschool.com/blog/secrets-management-in-devops-pipelines/,https://forskcodingschool.com/assets/images/blog/secrets-management-in-devops-pipelines.webp,https://forskcodingschool.com/assets/images/blog/secrets-management-in-devops-pipelines-visual.webp,Secrets Management in DevOps Pipelines | Practical Guide for,"Secrets Management in DevOps Pipelines with practical examples, learning steps, common mistakes, projects and career-focused guidance from Forsk Coding School",devops
179,DevOps,Build Pipelines: From Commit to Production,build-pipelines-from-commit-to-production,https://forskcodingschool.com/blog/build-pipelines-from-commit-to-production/,https://forskcodingschool.com/assets/images/blog/build-pipelines-from-commit-to-production.webp,https://forskcodingschool.com/assets/images/blog/build-pipelines-from-commit-to-production-visual.webp,Build Pipelines: From Commit to Production | Practical Guide,"Build Pipelines: From Commit to Production with practical examples, learning steps, common mistakes, projects and career-focused guidance from Forsk Coding Sc",devops
180,DevOps,DevOps Skills Roadmap for Entry-Level Engineers,devops-skills-roadmap-for-entry-level-engineers,https://forskcodingschool.com/blog/devops-skills-roadmap-for-entry-level-engineers/,https://forskcodingschool.com/assets/images/blog/devops-skills-roadmap-for-entry-level-engineers.webp,https://forskcodingschool.com/assets/images/blog/devops-skills-roadmap-for-entry-level-engineers-visual.webp,DevOps Skills Roadmap for Entry-Level Engineers | Practical,"DevOps Skills Roadmap for Entry-Level Engineers with practical examples, learning steps, common mistakes, projects and career-focused guidance from Forsk Codi",devops
181,AWS,AWS EC2 Basics for Developers,aws-ec2-basics-for-developers,https://forskcodingschool.com/blog/aws-ec2-basics-for-developers/,https://forskcodingschool.com/assets/images/blog/aws-ec2-basics-for-developers.webp,https://forskcodingschool.com/assets/images/blog/aws-ec2-basics-for-developers-visual.webp,AWS EC2 Basics for Developers | Practical Guide for Beginner,"AWS EC2 Basics for Developers with practical examples, learning steps, common mistakes, projects and career-focused guidance from Forsk Coding School in Jaipu",aws
182,AWS,AWS S3 Storage Concepts and Common Use Cases,aws-s3-storage-concepts-and-common-use-cases,https://forskcodingschool.com/blog/aws-s3-storage-concepts-and-common-use-cases/,https://forskcodingschool.com/assets/images/blog/aws-s3-storage-concepts-and-common-use-cases.webp,https://forskcodingschool.com/assets/images/blog/aws-s3-storage-concepts-and-common-use-cases-visual.webp,AWS S3 Storage Concepts and Common Use Cases | Practical Gui,"AWS S3 Storage Concepts and Common Use Cases with practical examples, learning steps, common mistakes, projects and career-focused guidance from Forsk Coding",aws
183,AWS,AWS IAM Basics: Users Roles Policies and Permissions,aws-iam-basics-users-roles-policies-and-permissions,https://forskcodingschool.com/blog/aws-iam-basics-users-roles-policies-and-permissions/,https://forskcodingschool.com/assets/images/blog/aws-iam-basics-users-roles-policies-and-permissions.webp,https://forskcodingschool.com/assets/images/blog/aws-iam-basics-users-roles-policies-and-permissions-visual.webp,AWS IAM Basics: Users Roles Policies and Permissions | Pract,"AWS IAM Basics: Users Roles Policies and Permissions with practical examples, learning steps, common mistakes, projects and career-focused guidance from Forsk",aws
184,AWS,AWS RDS for Managed Relational Databases,aws-rds-for-managed-relational-databases,https://forskcodingschool.com/blog/aws-rds-for-managed-relational-databases/,https://forskcodingschool.com/assets/images/blog/aws-rds-for-managed-relational-databases.webp,https://forskcodingschool.com/assets/images/blog/aws-rds-for-managed-relational-databases-visual.webp,AWS RDS for Managed Relational Databases | Practical Guide f,"AWS RDS for Managed Relational Databases with practical examples, learning steps, common mistakes, projects and career-focused guidance from Forsk Coding Scho",aws
185,AWS,AWS Lambda Explained for Beginners,aws-lambda-explained-for-beginners,https://forskcodingschool.com/blog/aws-lambda-explained-for-beginners/,https://forskcodingschool.com/assets/images/blog/aws-lambda-explained-for-beginners.webp,https://forskcodingschool.com/assets/images/blog/aws-lambda-explained-for-beginners-visual.webp,AWS Lambda Explained for Beginners | Practical Guide for Beg,"AWS Lambda Explained for Beginners with practical examples, learning steps, common mistakes, projects and career-focused guidance from Forsk Coding School in",aws
186,AWS,AWS CloudFront and Content Delivery Basics,aws-cloudfront-and-content-delivery-basics,https://forskcodingschool.com/blog/aws-cloudfront-and-content-delivery-basics/,https://forskcodingschool.com/assets/images/blog/aws-cloudfront-and-content-delivery-basics.webp,https://forskcodingschool.com/assets/images/blog/aws-cloudfront-and-content-delivery-basics-visual.webp,AWS CloudFront and Content Delivery Basics | Practical Guide,"AWS CloudFront and Content Delivery Basics with practical examples, learning steps, common mistakes, projects and career-focused guidance from Forsk Coding Sc",aws
187,AWS,AWS VPC Fundamentals for Application Developers,aws-vpc-fundamentals-for-application-developers,https://forskcodingschool.com/blog/aws-vpc-fundamentals-for-application-developers/,https://forskcodingschool.com/assets/images/blog/aws-vpc-fundamentals-for-application-developers.webp,https://forskcodingschool.com/assets/images/blog/aws-vpc-fundamentals-for-application-developers-visual.webp,AWS VPC Fundamentals for Application Developers | Practical,"AWS VPC Fundamentals for Application Developers with practical examples, learning steps, common mistakes, projects and career-focused guidance from Forsk Codi",aws
188,AWS,AWS CloudWatch for Logs and Monitoring,aws-cloudwatch-for-logs-and-monitoring,https://forskcodingschool.com/blog/aws-cloudwatch-for-logs-and-monitoring/,https://forskcodingschool.com/assets/images/blog/aws-cloudwatch-for-logs-and-monitoring.webp,https://forskcodingschool.com/assets/images/blog/aws-cloudwatch-for-logs-and-monitoring-visual.webp,AWS CloudWatch for Logs and Monitoring | Practical Guide for,"AWS CloudWatch for Logs and Monitoring with practical examples, learning steps, common mistakes, projects and career-focused guidance from Forsk Coding School",aws
189,AWS,AWS Route 53 DNS Basics,aws-route-53-dns-basics,https://forskcodingschool.com/blog/aws-route-53-dns-basics/,https://forskcodingschool.com/assets/images/blog/aws-route-53-dns-basics.webp,https://forskcodingschool.com/assets/images/blog/aws-route-53-dns-basics-visual.webp,AWS Route 53 DNS Basics | Practical Guide for Beginners,"AWS Route 53 DNS Basics with practical examples, learning steps, common mistakes, projects and career-focused guidance from Forsk Coding School in Jaipur",aws
190,AWS,AWS Architecture Basics for Web Applications,aws-architecture-basics-for-web-applications,https://forskcodingschool.com/blog/aws-architecture-basics-for-web-applications/,https://forskcodingschool.com/assets/images/blog/aws-architecture-basics-for-web-applications.webp,https://forskcodingschool.com/assets/images/blog/aws-architecture-basics-for-web-applications-visual.webp,AWS Architecture Basics for Web Applications | Practical Gui,"AWS Architecture Basics for Web Applications with practical examples, learning steps, common mistakes, projects and career-focused guidance from Forsk Coding",aws
191,Azure,Microsoft Azure Fundamentals for Beginners,microsoft-azure-fundamentals-for-beginners,https://forskcodingschool.com/blog/microsoft-azure-fundamentals-for-beginners/,https://forskcodingschool.com/assets/images/blog/microsoft-azure-fundamentals-for-beginners.webp,https://forskcodingschool.com/assets/images/blog/microsoft-azure-fundamentals-for-beginners-visual.webp,Microsoft Azure Fundamentals for Beginners | Practical Guide,"Microsoft Azure Fundamentals for Beginners with practical examples, learning steps, common mistakes, projects and career-focused guidance from Forsk Coding Sc",microsoft azure
192,Azure,Azure Virtual Machines Explained,azure-virtual-machines-explained,https://forskcodingschool.com/blog/azure-virtual-machines-explained/,https://forskcodingschool.com/assets/images/blog/azure-virtual-machines-explained.webp,https://forskcodingschool.com/assets/images/blog/azure-virtual-machines-explained-visual.webp,Azure Virtual Machines Explained | Practical Guide for Begin,"Azure Virtual Machines Explained with practical examples, learning steps, common mistakes, projects and career-focused guidance from Forsk Coding School in Ja",microsoft azure
193,Azure,Azure Blob Storage Basics for Developers,azure-blob-storage-basics-for-developers,https://forskcodingschool.com/blog/azure-blob-storage-basics-for-developers/,https://forskcodingschool.com/assets/images/blog/azure-blob-storage-basics-for-developers.webp,https://forskcodingschool.com/assets/images/blog/azure-blob-storage-basics-for-developers-visual.webp,Azure Blob Storage Basics for Developers | Practical Guide f,"Azure Blob Storage Basics for Developers with practical examples, learning steps, common mistakes, projects and career-focused guidance from Forsk Coding Scho",microsoft azure
194,Azure,Azure App Service for Web Applications,azure-app-service-for-web-applications,https://forskcodingschool.com/blog/azure-app-service-for-web-applications/,https://forskcodingschool.com/assets/images/blog/azure-app-service-for-web-applications.webp,https://forskcodingschool.com/assets/images/blog/azure-app-service-for-web-applications-visual.webp,Azure App Service for Web Applications | Practical Guide for,"Azure App Service for Web Applications with practical examples, learning steps, common mistakes, projects and career-focused guidance from Forsk Coding School",microsoft azure
195,Azure,Azure Functions and Serverless Computing,azure-functions-and-serverless-computing,https://forskcodingschool.com/blog/azure-functions-and-serverless-computing/,https://forskcodingschool.com/assets/images/blog/azure-functions-and-serverless-computing.webp,https://forskcodingschool.com/assets/images/blog/azure-functions-and-serverless-computing-visual.webp,Azure Functions and Serverless Computing | Practical Guide f,"Azure Functions and Serverless Computing with practical examples, learning steps, common mistakes, projects and career-focused guidance from Forsk Coding Scho",microsoft azure
196,Azure,Azure SQL Database Basics,azure-sql-database-basics,https://forskcodingschool.com/blog/azure-sql-database-basics/,https://forskcodingschool.com/assets/images/blog/azure-sql-database-basics.webp,https://forskcodingschool.com/assets/images/blog/azure-sql-database-basics-visual.webp,Azure SQL Database Basics | Practical Guide for Beginners,"Azure SQL Database Basics with practical examples, learning steps, common mistakes, projects and career-focused guidance from Forsk Coding School in Jaipur",microsoft azure
197,Azure,Azure Resource Groups Explained,azure-resource-groups-explained,https://forskcodingschool.com/blog/azure-resource-groups-explained/,https://forskcodingschool.com/assets/images/blog/azure-resource-groups-explained.webp,https://forskcodingschool.com/assets/images/blog/azure-resource-groups-explained-visual.webp,Azure Resource Groups Explained | Practical Guide for Beginn,"Azure Resource Groups Explained with practical examples, learning steps, common mistakes, projects and career-focused guidance from Forsk Coding School in Jai",microsoft azure
198,Azure,Azure Identity and Access Basics,azure-identity-and-access-basics,https://forskcodingschool.com/blog/azure-identity-and-access-basics/,https://forskcodingschool.com/assets/images/blog/azure-identity-and-access-basics.webp,https://forskcodingschool.com/assets/images/blog/azure-identity-and-access-basics-visual.webp,Azure Identity and Access Basics | Practical Guide for Begin,"Azure Identity and Access Basics with practical examples, learning steps, common mistakes, projects and career-focused guidance from Forsk Coding School in Ja",microsoft azure
199,Azure,Azure Monitor for Application Observability,azure-monitor-for-application-observability,https://forskcodingschool.com/blog/azure-monitor-for-application-observability/,https://forskcodingschool.com/assets/images/blog/azure-monitor-for-application-observability.webp,https://forskcodingschool.com/assets/images/blog/azure-monitor-for-application-observability-visual.webp,Azure Monitor for Application Observability | Practical Guid,"Azure Monitor for Application Observability with practical examples, learning steps, common mistakes, projects and career-focused guidance from Forsk Coding S",microsoft azure
200,Azure,Azure Deployment Options for Developers,azure-deployment-options-for-developers,https://forskcodingschool.com/blog/azure-deployment-options-for-developers/,https://forskcodingschool.com/assets/images/blog/azure-deployment-options-for-developers.webp,https://forskcodingschool.com/assets/images/blog/azure-deployment-options-for-developers-visual.webp,Azure Deployment Options for Developers | Practical Guide fo,"Azure Deployment Options for Developers with practical examples, learning steps, common mistakes, projects and career-focused guidance from Forsk Coding Schoo",microsoft azure
201,Cloud,Cloud Computing Models: IaaS PaaS and SaaS,cloud-computing-models-iaas-paas-and-saas,https://forskcodingschool.com/blog/cloud-computing-models-iaas-paas-and-saas/,https://forskcodingschool.com/assets/images/blog/cloud-computing-models-iaas-paas-and-saas.webp,https://forskcodingschool.com/assets/images/blog/cloud-computing-models-iaas-paas-and-saas-visual.webp,Cloud Computing Models: IaaS PaaS and SaaS | Practical Guide,"Cloud Computing Models: IaaS PaaS and SaaS with practical examples, learning steps, common mistakes, projects and career-focused guidance from Forsk Coding Sc",cloud computing
202,Cloud,Public vs Private vs Hybrid Cloud Explained,public-vs-private-vs-hybrid-cloud-explained,https://forskcodingschool.com/blog/public-vs-private-vs-hybrid-cloud-explained/,https://forskcodingschool.com/assets/images/blog/public-vs-private-vs-hybrid-cloud-explained.webp,https://forskcodingschool.com/assets/images/blog/public-vs-private-vs-hybrid-cloud-explained-visual.webp,Public vs Private vs Hybrid Cloud Explained | Practical Guid,"Public vs Private vs Hybrid Cloud Explained with practical examples, learning steps, common mistakes, projects and career-focused guidance from Forsk Coding S",cloud computing
203,Cloud,Cloud Scalability vs Elasticity,cloud-scalability-vs-elasticity,https://forskcodingschool.com/blog/cloud-scalability-vs-elasticity/,https://forskcodingschool.com/assets/images/blog/cloud-scalability-vs-elasticity.webp,https://forskcodingschool.com/assets/images/blog/cloud-scalability-vs-elasticity-visual.webp,Cloud Scalability vs Elasticity | Practical Guide for Beginn,"Cloud Scalability vs Elasticity with practical examples, learning steps, common mistakes, projects and career-focused guidance from Forsk Coding School in Jai",cloud computing
204,Cloud,Cloud Cost Optimization Basics,cloud-cost-optimization-basics,https://forskcodingschool.com/blog/cloud-cost-optimization-basics/,https://forskcodingschool.com/assets/images/blog/cloud-cost-optimization-basics.webp,https://forskcodingschool.com/assets/images/blog/cloud-cost-optimization-basics-visual.webp,Cloud Cost Optimization Basics | Practical Guide for Beginne,"Cloud Cost Optimization Basics with practical examples, learning steps, common mistakes, projects and career-focused guidance from Forsk Coding School in Jaip",cloud computing
205,Cloud,Cloud Backup and Disaster Recovery Concepts,cloud-backup-and-disaster-recovery-concepts,https://forskcodingschool.com/blog/cloud-backup-and-disaster-recovery-concepts/,https://forskcodingschool.com/assets/images/blog/cloud-backup-and-disaster-recovery-concepts.webp,https://forskcodingschool.com/assets/images/blog/cloud-backup-and-disaster-recovery-concepts-visual.webp,Cloud Backup and Disaster Recovery Concepts | Practical Guid,"Cloud Backup and Disaster Recovery Concepts with practical examples, learning steps, common mistakes, projects and career-focused guidance from Forsk Coding S",cloud computing
206,Cloud,Cloud Load Balancing Explained,cloud-load-balancing-explained,https://forskcodingschool.com/blog/cloud-load-balancing-explained/,https://forskcodingschool.com/assets/images/blog/cloud-load-balancing-explained.webp,https://forskcodingschool.com/assets/images/blog/cloud-load-balancing-explained-visual.webp,Cloud Load Balancing Explained | Practical Guide for Beginne,"Cloud Load Balancing Explained with practical examples, learning steps, common mistakes, projects and career-focused guidance from Forsk Coding School in Jaip",cloud computing
207,Cloud,Cloud Storage Architecture for Beginners,cloud-storage-architecture-for-beginners,https://forskcodingschool.com/blog/cloud-storage-architecture-for-beginners/,https://forskcodingschool.com/assets/images/blog/cloud-storage-architecture-for-beginners.webp,https://forskcodingschool.com/assets/images/blog/cloud-storage-architecture-for-beginners-visual.webp,Cloud Storage Architecture for Beginners | Practical Guide f,"Cloud Storage Architecture for Beginners with practical examples, learning steps, common mistakes, projects and career-focused guidance from Forsk Coding Scho",cloud computing
208,Cloud,Cloud Monitoring and Observability Basics,cloud-monitoring-and-observability-basics,https://forskcodingschool.com/blog/cloud-monitoring-and-observability-basics/,https://forskcodingschool.com/assets/images/blog/cloud-monitoring-and-observability-basics.webp,https://forskcodingschool.com/assets/images/blog/cloud-monitoring-and-observability-basics-visual.webp,Cloud Monitoring and Observability Basics | Practical Guide,"Cloud Monitoring and Observability Basics with practical examples, learning steps, common mistakes, projects and career-focused guidance from Forsk Coding Sch",cloud computing
209,Cloud,Cloud Security Shared Responsibility Model,cloud-security-shared-responsibility-model,https://forskcodingschool.com/blog/cloud-security-shared-responsibility-model/,https://forskcodingschool.com/assets/images/blog/cloud-security-shared-responsibility-model.webp,https://forskcodingschool.com/assets/images/blog/cloud-security-shared-responsibility-model-visual.webp,Cloud Security Shared Responsibility Model | Practical Guide,"Cloud Security Shared Responsibility Model with practical examples, learning steps, common mistakes, projects and career-focused guidance from Forsk Coding Sc",cloud computing
210,Cloud,Cloud Skills Roadmap for Software Developers,cloud-skills-roadmap-for-software-developers,https://forskcodingschool.com/blog/cloud-skills-roadmap-for-software-developers/,https://forskcodingschool.com/assets/images/blog/cloud-skills-roadmap-for-software-developers.webp,https://forskcodingschool.com/assets/images/blog/cloud-skills-roadmap-for-software-developers-visual.webp,Cloud Skills Roadmap for Software Developers | Practical Gui,"Cloud Skills Roadmap for Software Developers with practical examples, learning steps, common mistakes, projects and career-focused guidance from Forsk Coding",cloud computing
211,Kubernetes,Kubernetes Pods and Deployments Explained,kubernetes-pods-and-deployments-explained,https://forskcodingschool.com/blog/kubernetes-pods-and-deployments-explained/,https://forskcodingschool.com/assets/images/blog/kubernetes-pods-and-deployments-explained.webp,https://forskcodingschool.com/assets/images/blog/kubernetes-pods-and-deployments-explained-visual.webp,Kubernetes Pods and Deployments Explained | Practical Guide,"Kubernetes Pods and Deployments Explained with practical examples, learning steps, common mistakes, projects and career-focused guidance from Forsk Coding Sch",kubernetes
212,Kubernetes,Kubernetes Services and Networking Basics,kubernetes-services-and-networking-basics,https://forskcodingschool.com/blog/kubernetes-services-and-networking-basics/,https://forskcodingschool.com/assets/images/blog/kubernetes-services-and-networking-basics.webp,https://forskcodingschool.com/assets/images/blog/kubernetes-services-and-networking-basics-visual.webp,Kubernetes Services and Networking Basics | Practical Guide,"Kubernetes Services and Networking Basics with practical examples, learning steps, common mistakes, projects and career-focused guidance from Forsk Coding Sch",kubernetes
213,Kubernetes,Kubernetes ConfigMaps and Secrets,kubernetes-configmaps-and-secrets,https://forskcodingschool.com/blog/kubernetes-configmaps-and-secrets/,https://forskcodingschool.com/assets/images/blog/kubernetes-configmaps-and-secrets.webp,https://forskcodingschool.com/assets/images/blog/kubernetes-configmaps-and-secrets-visual.webp,Kubernetes ConfigMaps and Secrets | Practical Guide for Begi,"Kubernetes ConfigMaps and Secrets with practical examples, learning steps, common mistakes, projects and career-focused guidance from Forsk Coding School in J",kubernetes
214,Kubernetes,Kubernetes Namespaces for Project Organization,kubernetes-namespaces-for-project-organization,https://forskcodingschool.com/blog/kubernetes-namespaces-for-project-organization/,https://forskcodingschool.com/assets/images/blog/kubernetes-namespaces-for-project-organization.webp,https://forskcodingschool.com/assets/images/blog/kubernetes-namespaces-for-project-organization-visual.webp,Kubernetes Namespaces for Project Organization | Practical G,"Kubernetes Namespaces for Project Organization with practical examples, learning steps, common mistakes, projects and career-focused guidance from Forsk Codin",kubernetes
215,Kubernetes,Kubernetes Ingress Explained for Web Applications,kubernetes-ingress-explained-for-web-applications,https://forskcodingschool.com/blog/kubernetes-ingress-explained-for-web-applications/,https://forskcodingschool.com/assets/images/blog/kubernetes-ingress-explained-for-web-applications.webp,https://forskcodingschool.com/assets/images/blog/kubernetes-ingress-explained-for-web-applications-visual.webp,Kubernetes Ingress Explained for Web Applications | Practica,"Kubernetes Ingress Explained for Web Applications with practical examples, learning steps, common mistakes, projects and career-focused guidance from Forsk Co",kubernetes
216,Kubernetes,Kubernetes Health Checks and Probes,kubernetes-health-checks-and-probes,https://forskcodingschool.com/blog/kubernetes-health-checks-and-probes/,https://forskcodingschool.com/assets/images/blog/kubernetes-health-checks-and-probes.webp,https://forskcodingschool.com/assets/images/blog/kubernetes-health-checks-and-probes-visual.webp,Kubernetes Health Checks and Probes | Practical Guide for Be,"Kubernetes Health Checks and Probes with practical examples, learning steps, common mistakes, projects and career-focused guidance from Forsk Coding School in",kubernetes
217,Kubernetes,Kubernetes Resource Requests and Limits,kubernetes-resource-requests-and-limits,https://forskcodingschool.com/blog/kubernetes-resource-requests-and-limits/,https://forskcodingschool.com/assets/images/blog/kubernetes-resource-requests-and-limits.webp,https://forskcodingschool.com/assets/images/blog/kubernetes-resource-requests-and-limits-visual.webp,Kubernetes Resource Requests and Limits | Practical Guide fo,"Kubernetes Resource Requests and Limits with practical examples, learning steps, common mistakes, projects and career-focused guidance from Forsk Coding Schoo",kubernetes
218,Kubernetes,Kubernetes Rolling Updates and Rollbacks,kubernetes-rolling-updates-and-rollbacks,https://forskcodingschool.com/blog/kubernetes-rolling-updates-and-rollbacks/,https://forskcodingschool.com/assets/images/blog/kubernetes-rolling-updates-and-rollbacks.webp,https://forskcodingschool.com/assets/images/blog/kubernetes-rolling-updates-and-rollbacks-visual.webp,Kubernetes Rolling Updates and Rollbacks | Practical Guide f,"Kubernetes Rolling Updates and Rollbacks with practical examples, learning steps, common mistakes, projects and career-focused guidance from Forsk Coding Scho",kubernetes
219,Kubernetes,Kubernetes Persistent Volumes Explained,kubernetes-persistent-volumes-explained,https://forskcodingschool.com/blog/kubernetes-persistent-volumes-explained/,https://forskcodingschool.com/assets/images/blog/kubernetes-persistent-volumes-explained.webp,https://forskcodingschool.com/assets/images/blog/kubernetes-persistent-volumes-explained-visual.webp,Kubernetes Persistent Volumes Explained | Practical Guide fo,"Kubernetes Persistent Volumes Explained with practical examples, learning steps, common mistakes, projects and career-focused guidance from Forsk Coding Schoo",kubernetes
220,Kubernetes,Kubernetes Troubleshooting Basics for Beginners,kubernetes-troubleshooting-basics-for-beginners,https://forskcodingschool.com/blog/kubernetes-troubleshooting-basics-for-beginners/,https://forskcodingschool.com/assets/images/blog/kubernetes-troubleshooting-basics-for-beginners.webp,https://forskcodingschool.com/assets/images/blog/kubernetes-troubleshooting-basics-for-beginners-visual.webp,Kubernetes Troubleshooting Basics for Beginners | Practical,"Kubernetes Troubleshooting Basics for Beginners with practical examples, learning steps, common mistakes, projects and career-focused guidance from Forsk Codi",kubernetes
221,Cybersecurity,Cybersecurity Basics Every Web Developer Should Know,cybersecurity-basics-every-web-developer-should-know,https://forskcodingschool.com/blog/cybersecurity-basics-every-web-developer-should-know/,https://forskcodingschool.com/assets/images/blog/cybersecurity-basics-every-web-developer-should-know.webp,https://forskcodingschool.com/assets/images/blog/cybersecurity-basics-every-web-developer-should-know-visual.webp,Cybersecurity Basics Every Web Developer Should Know | Pract,"Cybersecurity Basics Every Web Developer Should Know with practical examples, learning steps, common mistakes, projects and career-focused guidance from Forsk",cybersecurity
222,Cybersecurity,Common Web Application Security Risks Explained,common-web-application-security-risks-explained,https://forskcodingschool.com/blog/common-web-application-security-risks-explained/,https://forskcodingschool.com/assets/images/blog/common-web-application-security-risks-explained.webp,https://forskcodingschool.com/assets/images/blog/common-web-application-security-risks-explained-visual.webp,Common Web Application Security Risks Explained | Practical,"Common Web Application Security Risks Explained with practical examples, learning steps, common mistakes, projects and career-focused guidance from Forsk Codi",cybersecurity
223,Cybersecurity,Authentication vs Authorization in Web Security,authentication-vs-authorization-in-web-security,https://forskcodingschool.com/blog/authentication-vs-authorization-in-web-security/,https://forskcodingschool.com/assets/images/blog/authentication-vs-authorization-in-web-security.webp,https://forskcodingschool.com/assets/images/blog/authentication-vs-authorization-in-web-security-visual.webp,Authentication vs Authorization in Web Security | Practical,"Authentication vs Authorization in Web Security with practical examples, learning steps, common mistakes, projects and career-focused guidance from Forsk Codi",cybersecurity
224,Cybersecurity,Password Hashing and Secure Credential Storage,password-hashing-and-secure-credential-storage,https://forskcodingschool.com/blog/password-hashing-and-secure-credential-storage/,https://forskcodingschool.com/assets/images/blog/password-hashing-and-secure-credential-storage.webp,https://forskcodingschool.com/assets/images/blog/password-hashing-and-secure-credential-storage-visual.webp,Password Hashing and Secure Credential Storage | Practical G,"Password Hashing and Secure Credential Storage with practical examples, learning steps, common mistakes, projects and career-focused guidance from Forsk Codin",cybersecurity
225,Cybersecurity,Multi-Factor Authentication Explained,multi-factor-authentication-explained,https://forskcodingschool.com/blog/multi-factor-authentication-explained/,https://forskcodingschool.com/assets/images/blog/multi-factor-authentication-explained.webp,https://forskcodingschool.com/assets/images/blog/multi-factor-authentication-explained-visual.webp,Multi-Factor Authentication Explained | Practical Guide for,"Multi-Factor Authentication Explained with practical examples, learning steps, common mistakes, projects and career-focused guidance from Forsk Coding School",cybersecurity
226,Cybersecurity,HTTPS TLS and Certificates for Beginners,https-tls-and-certificates-for-beginners,https://forskcodingschool.com/blog/https-tls-and-certificates-for-beginners/,https://forskcodingschool.com/assets/images/blog/https-tls-and-certificates-for-beginners.webp,https://forskcodingschool.com/assets/images/blog/https-tls-and-certificates-for-beginners-visual.webp,HTTPS TLS and Certificates for Beginners | Practical Guide f,"HTTPS TLS and Certificates for Beginners with practical examples, learning steps, common mistakes, projects and career-focused guidance from Forsk Coding Scho",cybersecurity
227,Cybersecurity,Phishing Awareness for Students and Developers,phishing-awareness-for-students-and-developers,https://forskcodingschool.com/blog/phishing-awareness-for-students-and-developers/,https://forskcodingschool.com/assets/images/blog/phishing-awareness-for-students-and-developers.webp,https://forskcodingschool.com/assets/images/blog/phishing-awareness-for-students-and-developers-visual.webp,Phishing Awareness for Students and Developers | Practical G,"Phishing Awareness for Students and Developers with practical examples, learning steps, common mistakes, projects and career-focused guidance from Forsk Codin",cybersecurity
228,Cybersecurity,Secure Coding Principles for Beginners,secure-coding-principles-for-beginners,https://forskcodingschool.com/blog/secure-coding-principles-for-beginners/,https://forskcodingschool.com/assets/images/blog/secure-coding-principles-for-beginners.webp,https://forskcodingschool.com/assets/images/blog/secure-coding-principles-for-beginners-visual.webp,Secure Coding Principles for Beginners | Practical Guide for,"Secure Coding Principles for Beginners with practical examples, learning steps, common mistakes, projects and career-focused guidance from Forsk Coding School",cybersecurity
229,Cybersecurity,Cybersecurity Career Roadmap for Freshers,cybersecurity-career-roadmap-for-freshers,https://forskcodingschool.com/blog/cybersecurity-career-roadmap-for-freshers/,https://forskcodingschool.com/assets/images/blog/cybersecurity-career-roadmap-for-freshers.webp,https://forskcodingschool.com/assets/images/blog/cybersecurity-career-roadmap-for-freshers-visual.webp,Cybersecurity Career Roadmap for Freshers | Practical Guide,"Cybersecurity Career Roadmap for Freshers with practical examples, learning steps, common mistakes, projects and career-focused guidance from Forsk Coding Sch",cybersecurity
230,Cybersecurity,Security Testing Basics for Web Applications,security-testing-basics-for-web-applications,https://forskcodingschool.com/blog/security-testing-basics-for-web-applications/,https://forskcodingschool.com/assets/images/blog/security-testing-basics-for-web-applications.webp,https://forskcodingschool.com/assets/images/blog/security-testing-basics-for-web-applications-visual.webp,Security Testing Basics for Web Applications | Practical Gui,"Security Testing Basics for Web Applications with practical examples, learning steps, common mistakes, projects and career-focused guidance from Forsk Coding",cybersecurity
231,Software Testing,Software Testing Fundamentals for Beginners,software-testing-fundamentals-for-beginners,https://forskcodingschool.com/blog/software-testing-fundamentals-for-beginners/,https://forskcodingschool.com/assets/images/blog/software-testing-fundamentals-for-beginners.webp,https://forskcodingschool.com/assets/images/blog/software-testing-fundamentals-for-beginners-visual.webp,Software Testing Fundamentals for Beginners | Practical Guid,"Software Testing Fundamentals for Beginners with practical examples, learning steps, common mistakes, projects and career-focused guidance from Forsk Coding S",software testing
232,Software Testing,Manual Testing vs Test Automation: Key Differences,manual-testing-vs-test-automation-key-differences,https://forskcodingschool.com/blog/manual-testing-vs-test-automation-key-differences/,https://forskcodingschool.com/assets/images/blog/manual-testing-vs-test-automation-key-differences.webp,https://forskcodingschool.com/assets/images/blog/manual-testing-vs-test-automation-key-differences-visual.webp,Manual Testing vs Test Automation: Key Differences | Practic,"Manual Testing vs Test Automation: Key Differences with practical examples, learning steps, common mistakes, projects and career-focused guidance from Forsk C",software testing
233,Software Testing,Test Cases and Test Scenarios Explained,test-cases-and-test-scenarios-explained,https://forskcodingschool.com/blog/test-cases-and-test-scenarios-explained/,https://forskcodingschool.com/assets/images/blog/test-cases-and-test-scenarios-explained.webp,https://forskcodingschool.com/assets/images/blog/test-cases-and-test-scenarios-explained-visual.webp,Test Cases and Test Scenarios Explained | Practical Guide fo,"Test Cases and Test Scenarios Explained with practical examples, learning steps, common mistakes, projects and career-focused guidance from Forsk Coding Schoo",software testing
234,Software Testing,Smoke Testing vs Sanity Testing,smoke-testing-vs-sanity-testing,https://forskcodingschool.com/blog/smoke-testing-vs-sanity-testing/,https://forskcodingschool.com/assets/images/blog/smoke-testing-vs-sanity-testing.webp,https://forskcodingschool.com/assets/images/blog/smoke-testing-vs-sanity-testing-visual.webp,Smoke Testing vs Sanity Testing | Practical Guide for Beginn,"Smoke Testing vs Sanity Testing with practical examples, learning steps, common mistakes, projects and career-focused guidance from Forsk Coding School in Jai",software testing
235,Software Testing,Regression Testing: When and Why It Matters,regression-testing-when-and-why-it-matters,https://forskcodingschool.com/blog/regression-testing-when-and-why-it-matters/,https://forskcodingschool.com/assets/images/blog/regression-testing-when-and-why-it-matters.webp,https://forskcodingschool.com/assets/images/blog/regression-testing-when-and-why-it-matters-visual.webp,Regression Testing: When and Why It Matters | Practical Guid,"Regression Testing: When and Why It Matters with practical examples, learning steps, common mistakes, projects and career-focused guidance from Forsk Coding S",software testing
236,Software Testing,Functional vs Non-Functional Testing,functional-vs-non-functional-testing,https://forskcodingschool.com/blog/functional-vs-non-functional-testing/,https://forskcodingschool.com/assets/images/blog/functional-vs-non-functional-testing.webp,https://forskcodingschool.com/assets/images/blog/functional-vs-non-functional-testing-visual.webp,Functional vs Non-Functional Testing | Practical Guide for B,"Functional vs Non-Functional Testing with practical examples, learning steps, common mistakes, projects and career-focused guidance from Forsk Coding School i",software testing
237,Software Testing,Test Plan Structure for Real Projects,test-plan-structure-for-real-projects,https://forskcodingschool.com/blog/test-plan-structure-for-real-projects/,https://forskcodingschool.com/assets/images/blog/test-plan-structure-for-real-projects.webp,https://forskcodingschool.com/assets/images/blog/test-plan-structure-for-real-projects-visual.webp,Test Plan Structure for Real Projects | Practical Guide for,"Test Plan Structure for Real Projects with practical examples, learning steps, common mistakes, projects and career-focused guidance from Forsk Coding School",software testing
238,Software Testing,Bug Life Cycle Explained for QA Beginners,bug-life-cycle-explained-for-qa-beginners,https://forskcodingschool.com/blog/bug-life-cycle-explained-for-qa-beginners/,https://forskcodingschool.com/assets/images/blog/bug-life-cycle-explained-for-qa-beginners.webp,https://forskcodingschool.com/assets/images/blog/bug-life-cycle-explained-for-qa-beginners-visual.webp,Bug Life Cycle Explained for QA Beginners | Practical Guide,"Bug Life Cycle Explained for QA Beginners with practical examples, learning steps, common mistakes, projects and career-focused guidance from Forsk Coding Sch",software testing
239,Software Testing,QA Testing Skills Roadmap for Freshers,qa-testing-skills-roadmap-for-freshers,https://forskcodingschool.com/blog/qa-testing-skills-roadmap-for-freshers/,https://forskcodingschool.com/assets/images/blog/qa-testing-skills-roadmap-for-freshers.webp,https://forskcodingschool.com/assets/images/blog/qa-testing-skills-roadmap-for-freshers-visual.webp,QA Testing Skills Roadmap for Freshers | Practical Guide for,"QA Testing Skills Roadmap for Freshers with practical examples, learning steps, common mistakes, projects and career-focused guidance from Forsk Coding School",software testing
240,Software Testing,Software Testing Interview Preparation Guide,software-testing-interview-preparation-guide,https://forskcodingschool.com/blog/software-testing-interview-preparation-guide/,https://forskcodingschool.com/assets/images/blog/software-testing-interview-preparation-guide.webp,https://forskcodingschool.com/assets/images/blog/software-testing-interview-preparation-guide-visual.webp,Software Testing Interview Preparation Guide | Practical Gui,"Software Testing Interview Preparation Guide with practical examples, learning steps, common mistakes, projects and career-focused guidance from Forsk Coding",software testing
241,Selenium,Selenium WebDriver Basics for Beginners,selenium-webdriver-basics-for-beginners,https://forskcodingschool.com/blog/selenium-webdriver-basics-for-beginners/,https://forskcodingschool.com/assets/images/blog/selenium-webdriver-basics-for-beginners.webp,https://forskcodingschool.com/assets/images/blog/selenium-webdriver-basics-for-beginners-visual.webp,Selenium WebDriver Basics for Beginners | Practical Guide fo,"Selenium WebDriver Basics for Beginners with practical examples, learning steps, common mistakes, projects and career-focused guidance from Forsk Coding Schoo",selenium testing
242,Selenium,Selenium Locators: ID XPath CSS and More,selenium-locators-id-xpath-css-and-more,https://forskcodingschool.com/blog/selenium-locators-id-xpath-css-and-more/,https://forskcodingschool.com/assets/images/blog/selenium-locators-id-xpath-css-and-more.webp,https://forskcodingschool.com/assets/images/blog/selenium-locators-id-xpath-css-and-more-visual.webp,Selenium Locators: ID XPath CSS and More | Practical Guide f,"Selenium Locators: ID XPath CSS and More with practical examples, learning steps, common mistakes, projects and career-focused guidance from Forsk Coding Scho",selenium testing
243,Selenium,Selenium Waits: Implicit Explicit and Fluent,selenium-waits-implicit-explicit-and-fluent,https://forskcodingschool.com/blog/selenium-waits-implicit-explicit-and-fluent/,https://forskcodingschool.com/assets/images/blog/selenium-waits-implicit-explicit-and-fluent.webp,https://forskcodingschool.com/assets/images/blog/selenium-waits-implicit-explicit-and-fluent-visual.webp,Selenium Waits: Implicit Explicit and Fluent | Practical Gui,"Selenium Waits: Implicit Explicit and Fluent with practical examples, learning steps, common mistakes, projects and career-focused guidance from Forsk Coding",selenium testing
244,Selenium,Selenium Page Object Model Explained,selenium-page-object-model-explained,https://forskcodingschool.com/blog/selenium-page-object-model-explained/,https://forskcodingschool.com/assets/images/blog/selenium-page-object-model-explained.webp,https://forskcodingschool.com/assets/images/blog/selenium-page-object-model-explained-visual.webp,Selenium Page Object Model Explained | Practical Guide for B,"Selenium Page Object Model Explained with practical examples, learning steps, common mistakes, projects and career-focused guidance from Forsk Coding School i",selenium testing
245,Selenium,Selenium TestNG Basics for Automation Testers,selenium-testng-basics-for-automation-testers,https://forskcodingschool.com/blog/selenium-testng-basics-for-automation-testers/,https://forskcodingschool.com/assets/images/blog/selenium-testng-basics-for-automation-testers.webp,https://forskcodingschool.com/assets/images/blog/selenium-testng-basics-for-automation-testers-visual.webp,Selenium TestNG Basics for Automation Testers | Practical Gu,"Selenium TestNG Basics for Automation Testers with practical examples, learning steps, common mistakes, projects and career-focused guidance from Forsk Coding",selenium testing
246,Selenium,Selenium Data-Driven Testing Approach,selenium-data-driven-testing-approach,https://forskcodingschool.com/blog/selenium-data-driven-testing-approach/,https://forskcodingschool.com/assets/images/blog/selenium-data-driven-testing-approach.webp,https://forskcodingschool.com/assets/images/blog/selenium-data-driven-testing-approach-visual.webp,Selenium Data-Driven Testing Approach | Practical Guide for,"Selenium Data-Driven Testing Approach with practical examples, learning steps, common mistakes, projects and career-focused guidance from Forsk Coding School",selenium testing
247,Selenium,Selenium Handling Forms and Web Elements,selenium-handling-forms-and-web-elements,https://forskcodingschool.com/blog/selenium-handling-forms-and-web-elements/,https://forskcodingschool.com/assets/images/blog/selenium-handling-forms-and-web-elements.webp,https://forskcodingschool.com/assets/images/blog/selenium-handling-forms-and-web-elements-visual.webp,Selenium Handling Forms and Web Elements | Practical Guide f,"Selenium Handling Forms and Web Elements with practical examples, learning steps, common mistakes, projects and career-focused guidance from Forsk Coding Scho",selenium testing
248,Selenium,Selenium Screenshots and Test Evidence,selenium-screenshots-and-test-evidence,https://forskcodingschool.com/blog/selenium-screenshots-and-test-evidence/,https://forskcodingschool.com/assets/images/blog/selenium-screenshots-and-test-evidence.webp,https://forskcodingschool.com/assets/images/blog/selenium-screenshots-and-test-evidence-visual.webp,Selenium Screenshots and Test Evidence | Practical Guide for,"Selenium Screenshots and Test Evidence with practical examples, learning steps, common mistakes, projects and career-focused guidance from Forsk Coding School",selenium testing
249,Selenium,Selenium Framework Structure for Real Projects,selenium-framework-structure-for-real-projects,https://forskcodingschool.com/blog/selenium-framework-structure-for-real-projects/,https://forskcodingschool.com/assets/images/blog/selenium-framework-structure-for-real-projects.webp,https://forskcodingschool.com/assets/images/blog/selenium-framework-structure-for-real-projects-visual.webp,Selenium Framework Structure for Real Projects | Practical G,"Selenium Framework Structure for Real Projects with practical examples, learning steps, common mistakes, projects and career-focused guidance from Forsk Codin",selenium testing
250,Selenium,Selenium Automation Testing Career Roadmap,selenium-automation-testing-career-roadmap,https://forskcodingschool.com/blog/selenium-automation-testing-career-roadmap/,https://forskcodingschool.com/assets/images/blog/selenium-automation-testing-career-roadmap.webp,https://forskcodingschool.com/assets/images/blog/selenium-automation-testing-career-roadmap-visual.webp,Selenium Automation Testing Career Roadmap | Practical Guide,"Selenium Automation Testing Career Roadmap with practical examples, learning steps, common mistakes, projects and career-focused guidance from Forsk Coding Sc",selenium testing
251,Playwright,Playwright Testing Basics for Beginners,playwright-testing-basics-for-beginners,https://forskcodingschool.com/blog/playwright-testing-basics-for-beginners/,https://forskcodingschool.com/assets/images/blog/playwright-testing-basics-for-beginners.webp,https://forskcodingschool.com/assets/images/blog/playwright-testing-basics-for-beginners-visual.webp,Playwright Testing Basics for Beginners | Practical Guide fo,"Playwright Testing Basics for Beginners with practical examples, learning steps, common mistakes, projects and career-focused guidance from Forsk Coding Schoo",playwright testing
252,Playwright,Playwright Locators and Reliable Selectors,playwright-locators-and-reliable-selectors,https://forskcodingschool.com/blog/playwright-locators-and-reliable-selectors/,https://forskcodingschool.com/assets/images/blog/playwright-locators-and-reliable-selectors.webp,https://forskcodingschool.com/assets/images/blog/playwright-locators-and-reliable-selectors-visual.webp,Playwright Locators and Reliable Selectors | Practical Guide,"Playwright Locators and Reliable Selectors with practical examples, learning steps, common mistakes, projects and career-focused guidance from Forsk Coding Sc",playwright testing
253,Playwright,Playwright Auto-Waiting Explained,playwright-auto-waiting-explained,https://forskcodingschool.com/blog/playwright-auto-waiting-explained/,https://forskcodingschool.com/assets/images/blog/playwright-auto-waiting-explained.webp,https://forskcodingschool.com/assets/images/blog/playwright-auto-waiting-explained-visual.webp,Playwright Auto-Waiting Explained | Practical Guide for Begi,"Playwright Auto-Waiting Explained with practical examples, learning steps, common mistakes, projects and career-focused guidance from Forsk Coding School in J",playwright testing
254,Playwright,Playwright Page Object Model Best Practices,playwright-page-object-model-best-practices,https://forskcodingschool.com/blog/playwright-page-object-model-best-practices/,https://forskcodingschool.com/assets/images/blog/playwright-page-object-model-best-practices.webp,https://forskcodingschool.com/assets/images/blog/playwright-page-object-model-best-practices-visual.webp,Playwright Page Object Model Best Practices | Practical Guid,"Playwright Page Object Model Best Practices with practical examples, learning steps, common mistakes, projects and career-focused guidance from Forsk Coding S",playwright testing
255,Playwright,Playwright Test Fixtures Explained,playwright-test-fixtures-explained,https://forskcodingschool.com/blog/playwright-test-fixtures-explained/,https://forskcodingschool.com/assets/images/blog/playwright-test-fixtures-explained.webp,https://forskcodingschool.com/assets/images/blog/playwright-test-fixtures-explained-visual.webp,Playwright Test Fixtures Explained | Practical Guide for Beg,"Playwright Test Fixtures Explained with practical examples, learning steps, common mistakes, projects and career-focused guidance from Forsk Coding School in",playwright testing
256,Playwright,Playwright API Testing for Modern Applications,playwright-api-testing-for-modern-applications,https://forskcodingschool.com/blog/playwright-api-testing-for-modern-applications/,https://forskcodingschool.com/assets/images/blog/playwright-api-testing-for-modern-applications.webp,https://forskcodingschool.com/assets/images/blog/playwright-api-testing-for-modern-applications-visual.webp,Playwright API Testing for Modern Applications | Practical G,"Playwright API Testing for Modern Applications with practical examples, learning steps, common mistakes, projects and career-focused guidance from Forsk Codin",playwright testing
257,Playwright,Playwright Screenshots and Traces for Debugging,playwright-screenshots-and-traces-for-debugging,https://forskcodingschool.com/blog/playwright-screenshots-and-traces-for-debugging/,https://forskcodingschool.com/assets/images/blog/playwright-screenshots-and-traces-for-debugging.webp,https://forskcodingschool.com/assets/images/blog/playwright-screenshots-and-traces-for-debugging-visual.webp,Playwright Screenshots and Traces for Debugging | Practical,"Playwright Screenshots and Traces for Debugging with practical examples, learning steps, common mistakes, projects and career-focused guidance from Forsk Codi",playwright testing
258,Playwright,Playwright Cross-Browser Testing,playwright-cross-browser-testing,https://forskcodingschool.com/blog/playwright-cross-browser-testing/,https://forskcodingschool.com/assets/images/blog/playwright-cross-browser-testing.webp,https://forskcodingschool.com/assets/images/blog/playwright-cross-browser-testing-visual.webp,Playwright Cross-Browser Testing | Practical Guide for Begin,"Playwright Cross-Browser Testing with practical examples, learning steps, common mistakes, projects and career-focused guidance from Forsk Coding School in Ja",playwright testing
259,Playwright,Playwright Test Reports and Debugging,playwright-test-reports-and-debugging,https://forskcodingschool.com/blog/playwright-test-reports-and-debugging/,https://forskcodingschool.com/assets/images/blog/playwright-test-reports-and-debugging.webp,https://forskcodingschool.com/assets/images/blog/playwright-test-reports-and-debugging-visual.webp,Playwright Test Reports and Debugging | Practical Guide for,"Playwright Test Reports and Debugging with practical examples, learning steps, common mistakes, projects and career-focused guidance from Forsk Coding School",playwright testing
260,Playwright,Playwright vs Selenium for Web Automation,playwright-vs-selenium-for-web-automation,https://forskcodingschool.com/blog/playwright-vs-selenium-for-web-automation/,https://forskcodingschool.com/assets/images/blog/playwright-vs-selenium-for-web-automation.webp,https://forskcodingschool.com/assets/images/blog/playwright-vs-selenium-for-web-automation-visual.webp,Playwright vs Selenium for Web Automation | Practical Guide,"Playwright vs Selenium for Web Automation with practical examples, learning steps, common mistakes, projects and career-focused guidance from Forsk Coding Sch",playwright testing
261,Data Science,Data Science Lifecycle Explained for Beginners,data-science-lifecycle-explained-for-beginners,https://forskcodingschool.com/blog/data-science-lifecycle-explained-for-beginners/,https://forskcodingschool.com/assets/images/blog/data-science-lifecycle-explained-for-beginners.webp,https://forskcodingschool.com/assets/images/blog/data-science-lifecycle-explained-for-beginners-visual.webp,Data Science Lifecycle Explained for Beginners | Practical G,"Data Science Lifecycle Explained for Beginners with practical examples, learning steps, common mistakes, projects and career-focused guidance from Forsk Codin",data science
262,Data Science,Python Skills Needed for Data Science,python-skills-needed-for-data-science,https://forskcodingschool.com/blog/python-skills-needed-for-data-science/,https://forskcodingschool.com/assets/images/blog/python-skills-needed-for-data-science.webp,https://forskcodingschool.com/assets/images/blog/python-skills-needed-for-data-science-visual.webp,Python Skills Needed for Data Science | Practical Guide for,"Python Skills Needed for Data Science with practical examples, learning steps, common mistakes, projects and career-focused guidance from Forsk Coding School",data science
263,Data Science,Data Cleaning Techniques Every Analyst Should Know,data-cleaning-techniques-every-analyst-should-know,https://forskcodingschool.com/blog/data-cleaning-techniques-every-analyst-should-know/,https://forskcodingschool.com/assets/images/blog/data-cleaning-techniques-every-analyst-should-know.webp,https://forskcodingschool.com/assets/images/blog/data-cleaning-techniques-every-analyst-should-know-visual.webp,Data Cleaning Techniques Every Analyst Should Know | Practic,"Data Cleaning Techniques Every Analyst Should Know with practical examples, learning steps, common mistakes, projects and career-focused guidance from Forsk C",data science
264,Data Science,Exploratory Data Analysis Explained,exploratory-data-analysis-explained,https://forskcodingschool.com/blog/exploratory-data-analysis-explained/,https://forskcodingschool.com/assets/images/blog/exploratory-data-analysis-explained.webp,https://forskcodingschool.com/assets/images/blog/exploratory-data-analysis-explained-visual.webp,Exploratory Data Analysis Explained | Practical Guide for Be,"Exploratory Data Analysis Explained with practical examples, learning steps, common mistakes, projects and career-focused guidance from Forsk Coding School in",data science
265,Data Science,Feature Engineering Basics for Machine Learning,feature-engineering-basics-for-machine-learning,https://forskcodingschool.com/blog/feature-engineering-basics-for-machine-learning/,https://forskcodingschool.com/assets/images/blog/feature-engineering-basics-for-machine-learning.webp,https://forskcodingschool.com/assets/images/blog/feature-engineering-basics-for-machine-learning-visual.webp,Feature Engineering Basics for Machine Learning | Practical,"Feature Engineering Basics for Machine Learning with practical examples, learning steps, common mistakes, projects and career-focused guidance from Forsk Codi",data science
266,Data Science,Data Science Project Ideas for Beginners,data-science-project-ideas-for-beginners,https://forskcodingschool.com/blog/data-science-project-ideas-for-beginners/,https://forskcodingschool.com/assets/images/blog/data-science-project-ideas-for-beginners.webp,https://forskcodingschool.com/assets/images/blog/data-science-project-ideas-for-beginners-visual.webp,Data Science Project Ideas for Beginners | Practical Guide f,"Data Science Project Ideas for Beginners with practical examples, learning steps, common mistakes, projects and career-focused guidance from Forsk Coding Scho",data science
267,Data Science,Statistics Concepts Used in Data Science,statistics-concepts-used-in-data-science,https://forskcodingschool.com/blog/statistics-concepts-used-in-data-science/,https://forskcodingschool.com/assets/images/blog/statistics-concepts-used-in-data-science.webp,https://forskcodingschool.com/assets/images/blog/statistics-concepts-used-in-data-science-visual.webp,Statistics Concepts Used in Data Science | Practical Guide f,"Statistics Concepts Used in Data Science with practical examples, learning steps, common mistakes, projects and career-focused guidance from Forsk Coding Scho",data science
268,Data Science,Data Visualization Principles for Clear Insights,data-visualization-principles-for-clear-insights,https://forskcodingschool.com/blog/data-visualization-principles-for-clear-insights/,https://forskcodingschool.com/assets/images/blog/data-visualization-principles-for-clear-insights.webp,https://forskcodingschool.com/assets/images/blog/data-visualization-principles-for-clear-insights-visual.webp,Data Visualization Principles for Clear Insights | Practical,"Data Visualization Principles for Clear Insights with practical examples, learning steps, common mistakes, projects and career-focused guidance from Forsk Cod",data science
269,Data Science,Data Science Portfolio Projects That Stand Out,data-science-portfolio-projects-that-stand-out,https://forskcodingschool.com/blog/data-science-portfolio-projects-that-stand-out/,https://forskcodingschool.com/assets/images/blog/data-science-portfolio-projects-that-stand-out.webp,https://forskcodingschool.com/assets/images/blog/data-science-portfolio-projects-that-stand-out-visual.webp,Data Science Portfolio Projects That Stand Out | Practical G,"Data Science Portfolio Projects That Stand Out with practical examples, learning steps, common mistakes, projects and career-focused guidance from Forsk Codin",data science
270,Data Science,Data Science Career Roadmap for Freshers,data-science-career-roadmap-for-freshers,https://forskcodingschool.com/blog/data-science-career-roadmap-for-freshers/,https://forskcodingschool.com/assets/images/blog/data-science-career-roadmap-for-freshers.webp,https://forskcodingschool.com/assets/images/blog/data-science-career-roadmap-for-freshers-visual.webp,Data Science Career Roadmap for Freshers | Practical Guide f,"Data Science Career Roadmap for Freshers with practical examples, learning steps, common mistakes, projects and career-focused guidance from Forsk Coding Scho",data science
271,Machine Learning,Machine Learning Fundamentals for Beginners,machine-learning-fundamentals-for-beginners,https://forskcodingschool.com/blog/machine-learning-fundamentals-for-beginners/,https://forskcodingschool.com/assets/images/blog/machine-learning-fundamentals-for-beginners.webp,https://forskcodingschool.com/assets/images/blog/machine-learning-fundamentals-for-beginners-visual.webp,Machine Learning Fundamentals for Beginners | Practical Guid,"Machine Learning Fundamentals for Beginners with practical examples, learning steps, common mistakes, projects and career-focused guidance from Forsk Coding S",machine learning
272,Machine Learning,Supervised vs Unsupervised Learning,supervised-vs-unsupervised-learning,https://forskcodingschool.com/blog/supervised-vs-unsupervised-learning/,https://forskcodingschool.com/assets/images/blog/supervised-vs-unsupervised-learning.webp,https://forskcodingschool.com/assets/images/blog/supervised-vs-unsupervised-learning-visual.webp,Supervised vs Unsupervised Learning | Practical Guide for Be,"Supervised vs Unsupervised Learning with practical examples, learning steps, common mistakes, projects and career-focused guidance from Forsk Coding School in",machine learning
273,Machine Learning,Regression vs Classification Explained,regression-vs-classification-explained,https://forskcodingschool.com/blog/regression-vs-classification-explained/,https://forskcodingschool.com/assets/images/blog/regression-vs-classification-explained.webp,https://forskcodingschool.com/assets/images/blog/regression-vs-classification-explained-visual.webp,Regression vs Classification Explained | Practical Guide for,"Regression vs Classification Explained with practical examples, learning steps, common mistakes, projects and career-focused guidance from Forsk Coding School",machine learning
274,Machine Learning,Train Validation and Test Sets Explained,train-validation-and-test-sets-explained,https://forskcodingschool.com/blog/train-validation-and-test-sets-explained/,https://forskcodingschool.com/assets/images/blog/train-validation-and-test-sets-explained.webp,https://forskcodingschool.com/assets/images/blog/train-validation-and-test-sets-explained-visual.webp,Train Validation and Test Sets Explained | Practical Guide f,"Train Validation and Test Sets Explained with practical examples, learning steps, common mistakes, projects and career-focused guidance from Forsk Coding Scho",machine learning
275,Machine Learning,Overfitting and Underfitting in Machine Learning,overfitting-and-underfitting-in-machine-learning,https://forskcodingschool.com/blog/overfitting-and-underfitting-in-machine-learning/,https://forskcodingschool.com/assets/images/blog/overfitting-and-underfitting-in-machine-learning.webp,https://forskcodingschool.com/assets/images/blog/overfitting-and-underfitting-in-machine-learning-visual.webp,Overfitting and Underfitting in Machine Learning | Practical,"Overfitting and Underfitting in Machine Learning with practical examples, learning steps, common mistakes, projects and career-focused guidance from Forsk Cod",machine learning
276,Machine Learning,Feature Scaling and Why It Matters,feature-scaling-and-why-it-matters,https://forskcodingschool.com/blog/feature-scaling-and-why-it-matters/,https://forskcodingschool.com/assets/images/blog/feature-scaling-and-why-it-matters.webp,https://forskcodingschool.com/assets/images/blog/feature-scaling-and-why-it-matters-visual.webp,Feature Scaling and Why It Matters | Practical Guide for Beg,"Feature Scaling and Why It Matters with practical examples, learning steps, common mistakes, projects and career-focused guidance from Forsk Coding School in",machine learning
277,Machine Learning,Model Evaluation Metrics Explained,model-evaluation-metrics-explained,https://forskcodingschool.com/blog/model-evaluation-metrics-explained/,https://forskcodingschool.com/assets/images/blog/model-evaluation-metrics-explained.webp,https://forskcodingschool.com/assets/images/blog/model-evaluation-metrics-explained-visual.webp,Model Evaluation Metrics Explained | Practical Guide for Beg,"Model Evaluation Metrics Explained with practical examples, learning steps, common mistakes, projects and career-focused guidance from Forsk Coding School in",machine learning
278,Machine Learning,Decision Trees Explained with Practical Examples,decision-trees-explained-with-practical-examples,https://forskcodingschool.com/blog/decision-trees-explained-with-practical-examples/,https://forskcodingschool.com/assets/images/blog/decision-trees-explained-with-practical-examples.webp,https://forskcodingschool.com/assets/images/blog/decision-trees-explained-with-practical-examples-visual.webp,Decision Trees Explained with Practical Examples | Practical,"Decision Trees Explained with Practical Examples with practical examples, learning steps, common mistakes, projects and career-focused guidance from Forsk Cod",machine learning
279,Machine Learning,Random Forest Basics for Beginners,random-forest-basics-for-beginners,https://forskcodingschool.com/blog/random-forest-basics-for-beginners/,https://forskcodingschool.com/assets/images/blog/random-forest-basics-for-beginners.webp,https://forskcodingschool.com/assets/images/blog/random-forest-basics-for-beginners-visual.webp,Random Forest Basics for Beginners | Practical Guide for Beg,"Random Forest Basics for Beginners with practical examples, learning steps, common mistakes, projects and career-focused guidance from Forsk Coding School in",machine learning
280,Machine Learning,Machine Learning Project Workflow from Data to Model,machine-learning-project-workflow-from-data-to-model,https://forskcodingschool.com/blog/machine-learning-project-workflow-from-data-to-model/,https://forskcodingschool.com/assets/images/blog/machine-learning-project-workflow-from-data-to-model.webp,https://forskcodingschool.com/assets/images/blog/machine-learning-project-workflow-from-data-to-model-visual.webp,Machine Learning Project Workflow from Data to Model | Pract,"Machine Learning Project Workflow from Data to Model with practical examples, learning steps, common mistakes, projects and career-focused guidance from Forsk",machine learning
281,Artificial Intelligence,Artificial Intelligence Basics for Beginners,artificial-intelligence-basics-for-beginners,https://forskcodingschool.com/blog/artificial-intelligence-basics-for-beginners/,https://forskcodingschool.com/assets/images/blog/artificial-intelligence-basics-for-beginners.webp,https://forskcodingschool.com/assets/images/blog/artificial-intelligence-basics-for-beginners-visual.webp,Artificial Intelligence Basics for Beginners | Practical Gui,"Artificial Intelligence Basics for Beginners with practical examples, learning steps, common mistakes, projects and career-focused guidance from Forsk Coding",artificial intelligence
282,Artificial Intelligence,AI vs Machine Learning vs Deep Learning,ai-vs-machine-learning-vs-deep-learning,https://forskcodingschool.com/blog/ai-vs-machine-learning-vs-deep-learning/,https://forskcodingschool.com/assets/images/blog/ai-vs-machine-learning-vs-deep-learning.webp,https://forskcodingschool.com/assets/images/blog/ai-vs-machine-learning-vs-deep-learning-visual.webp,AI vs Machine Learning vs Deep Learning | Practical Guide fo,"AI vs Machine Learning vs Deep Learning with practical examples, learning steps, common mistakes, projects and career-focused guidance from Forsk Coding Schoo",artificial intelligence
283,Artificial Intelligence,How Neural Networks Learn: A Beginner Guide,how-neural-networks-learn-a-beginner-guide,https://forskcodingschool.com/blog/how-neural-networks-learn-a-beginner-guide/,https://forskcodingschool.com/assets/images/blog/how-neural-networks-learn-a-beginner-guide.webp,https://forskcodingschool.com/assets/images/blog/how-neural-networks-learn-a-beginner-guide-visual.webp,How Neural Networks Learn: A Beginner Guide | Practical Guid,"How Neural Networks Learn: A Beginner Guide with practical examples, learning steps, common mistakes, projects and career-focused guidance from Forsk Coding S",artificial intelligence
284,Artificial Intelligence,AI Applications in Modern Software Development,ai-applications-in-modern-software-development,https://forskcodingschool.com/blog/ai-applications-in-modern-software-development/,https://forskcodingschool.com/assets/images/blog/ai-applications-in-modern-software-development.webp,https://forskcodingschool.com/assets/images/blog/ai-applications-in-modern-software-development-visual.webp,AI Applications in Modern Software Development | Practical G,"AI Applications in Modern Software Development with practical examples, learning steps, common mistakes, projects and career-focused guidance from Forsk Codin",artificial intelligence
285,Artificial Intelligence,AI Project Ideas for Students,ai-project-ideas-for-students,https://forskcodingschool.com/blog/ai-project-ideas-for-students/,https://forskcodingschool.com/assets/images/blog/ai-project-ideas-for-students.webp,https://forskcodingschool.com/assets/images/blog/ai-project-ideas-for-students-visual.webp,AI Project Ideas for Students | Practical Guide for Beginner,"AI Project Ideas for Students with practical examples, learning steps, common mistakes, projects and career-focused guidance from Forsk Coding School in Jaipu",artificial intelligence
286,Artificial Intelligence,AI Career Roadmap for Beginners,ai-career-roadmap-for-beginners,https://forskcodingschool.com/blog/ai-career-roadmap-for-beginners/,https://forskcodingschool.com/assets/images/blog/ai-career-roadmap-for-beginners.webp,https://forskcodingschool.com/assets/images/blog/ai-career-roadmap-for-beginners-visual.webp,AI Career Roadmap for Beginners | Practical Guide for Beginn,"AI Career Roadmap for Beginners with practical examples, learning steps, common mistakes, projects and career-focused guidance from Forsk Coding School in Jai",artificial intelligence
287,Artificial Intelligence,Responsible AI Basics for Developers,responsible-ai-basics-for-developers,https://forskcodingschool.com/blog/responsible-ai-basics-for-developers/,https://forskcodingschool.com/assets/images/blog/responsible-ai-basics-for-developers.webp,https://forskcodingschool.com/assets/images/blog/responsible-ai-basics-for-developers-visual.webp,Responsible AI Basics for Developers | Practical Guide for B,"Responsible AI Basics for Developers with practical examples, learning steps, common mistakes, projects and career-focused guidance from Forsk Coding School i",artificial intelligence
288,Artificial Intelligence,AI Model Training vs Inference Explained,ai-model-training-vs-inference-explained,https://forskcodingschool.com/blog/ai-model-training-vs-inference-explained/,https://forskcodingschool.com/assets/images/blog/ai-model-training-vs-inference-explained.webp,https://forskcodingschool.com/assets/images/blog/ai-model-training-vs-inference-explained-visual.webp,AI Model Training vs Inference Explained | Practical Guide f,"AI Model Training vs Inference Explained with practical examples, learning steps, common mistakes, projects and career-focused guidance from Forsk Coding Scho",artificial intelligence
289,Artificial Intelligence,AI APIs and Building Intelligent Applications,ai-apis-and-building-intelligent-applications,https://forskcodingschool.com/blog/ai-apis-and-building-intelligent-applications/,https://forskcodingschool.com/assets/images/blog/ai-apis-and-building-intelligent-applications.webp,https://forskcodingschool.com/assets/images/blog/ai-apis-and-building-intelligent-applications-visual.webp,AI APIs and Building Intelligent Applications | Practical Gu,"AI APIs and Building Intelligent Applications with practical examples, learning steps, common mistakes, projects and career-focused guidance from Forsk Coding",artificial intelligence
290,Artificial Intelligence,How to Start Learning AI Without a Math Overload,how-to-start-learning-ai-without-a-math-overload,https://forskcodingschool.com/blog/how-to-start-learning-ai-without-a-math-overload/,https://forskcodingschool.com/assets/images/blog/how-to-start-learning-ai-without-a-math-overload.webp,https://forskcodingschool.com/assets/images/blog/how-to-start-learning-ai-without-a-math-overload-visual.webp,How to Start Learning AI Without a Math Overload | Practical,"How to Start Learning AI Without a Math Overload with practical examples, learning steps, common mistakes, projects and career-focused guidance from Forsk Cod",artificial intelligence
291,Generative AI,Generative AI Explained for Beginners,generative-ai-explained-for-beginners,https://forskcodingschool.com/blog/generative-ai-explained-for-beginners/,https://forskcodingschool.com/assets/images/blog/generative-ai-explained-for-beginners.webp,https://forskcodingschool.com/assets/images/blog/generative-ai-explained-for-beginners-visual.webp,Generative AI Explained for Beginners | Practical Guide for,"Generative AI Explained for Beginners with practical examples, learning steps, common mistakes, projects and career-focused guidance from Forsk Coding School",generative ai
292,Generative AI,How Large Language Models Generate Text,how-large-language-models-generate-text,https://forskcodingschool.com/blog/how-large-language-models-generate-text/,https://forskcodingschool.com/assets/images/blog/how-large-language-models-generate-text.webp,https://forskcodingschool.com/assets/images/blog/how-large-language-models-generate-text-visual.webp,How Large Language Models Generate Text | Practical Guide fo,"How Large Language Models Generate Text with practical examples, learning steps, common mistakes, projects and career-focused guidance from Forsk Coding Schoo",generative ai
293,Generative AI,Generative AI Use Cases in Software Development,generative-ai-use-cases-in-software-development,https://forskcodingschool.com/blog/generative-ai-use-cases-in-software-development/,https://forskcodingschool.com/assets/images/blog/generative-ai-use-cases-in-software-development.webp,https://forskcodingschool.com/assets/images/blog/generative-ai-use-cases-in-software-development-visual.webp,Generative AI Use Cases in Software Development | Practical,"Generative AI Use Cases in Software Development with practical examples, learning steps, common mistakes, projects and career-focused guidance from Forsk Codi",generative ai
294,Generative AI,AI Chatbots: Architecture and Key Components,ai-chatbots-architecture-and-key-components,https://forskcodingschool.com/blog/ai-chatbots-architecture-and-key-components/,https://forskcodingschool.com/assets/images/blog/ai-chatbots-architecture-and-key-components.webp,https://forskcodingschool.com/assets/images/blog/ai-chatbots-architecture-and-key-components-visual.webp,AI Chatbots: Architecture and Key Components | Practical Gui,"AI Chatbots: Architecture and Key Components with practical examples, learning steps, common mistakes, projects and career-focused guidance from Forsk Coding",generative ai
295,Generative AI,Retrieval-Augmented Generation Explained,retrieval-augmented-generation-explained,https://forskcodingschool.com/blog/retrieval-augmented-generation-explained/,https://forskcodingschool.com/assets/images/blog/retrieval-augmented-generation-explained.webp,https://forskcodingschool.com/assets/images/blog/retrieval-augmented-generation-explained-visual.webp,Retrieval-Augmented Generation Explained | Practical Guide f,"Retrieval-Augmented Generation Explained with practical examples, learning steps, common mistakes, projects and career-focused guidance from Forsk Coding Scho",generative ai
296,Generative AI,Embeddings and Semantic Search Basics,embeddings-and-semantic-search-basics,https://forskcodingschool.com/blog/embeddings-and-semantic-search-basics/,https://forskcodingschool.com/assets/images/blog/embeddings-and-semantic-search-basics.webp,https://forskcodingschool.com/assets/images/blog/embeddings-and-semantic-search-basics-visual.webp,Embeddings and Semantic Search Basics | Practical Guide for,"Embeddings and Semantic Search Basics with practical examples, learning steps, common mistakes, projects and career-focused guidance from Forsk Coding School",generative ai
297,Generative AI,Prompt Engineering Fundamentals,prompt-engineering-fundamentals,https://forskcodingschool.com/blog/prompt-engineering-fundamentals/,https://forskcodingschool.com/assets/images/blog/prompt-engineering-fundamentals.webp,https://forskcodingschool.com/assets/images/blog/prompt-engineering-fundamentals-visual.webp,Prompt Engineering Fundamentals | Practical Guide for Beginn,"Prompt Engineering Fundamentals with practical examples, learning steps, common mistakes, projects and career-focused guidance from Forsk Coding School in Jai",generative ai
298,Generative AI,Generative AI Project Ideas for Students,generative-ai-project-ideas-for-students,https://forskcodingschool.com/blog/generative-ai-project-ideas-for-students/,https://forskcodingschool.com/assets/images/blog/generative-ai-project-ideas-for-students.webp,https://forskcodingschool.com/assets/images/blog/generative-ai-project-ideas-for-students-visual.webp,Generative AI Project Ideas for Students | Practical Guide f,"Generative AI Project Ideas for Students with practical examples, learning steps, common mistakes, projects and career-focused guidance from Forsk Coding Scho",generative ai
299,Generative AI,LLM Evaluation: What Developers Should Measure,llm-evaluation-what-developers-should-measure,https://forskcodingschool.com/blog/llm-evaluation-what-developers-should-measure/,https://forskcodingschool.com/assets/images/blog/llm-evaluation-what-developers-should-measure.webp,https://forskcodingschool.com/assets/images/blog/llm-evaluation-what-developers-should-measure-visual.webp,LLM Evaluation: What Developers Should Measure | Practical G,"LLM Evaluation: What Developers Should Measure with practical examples, learning steps, common mistakes, projects and career-focused guidance from Forsk Codin",generative ai
300,Generative AI,Generative AI Career Skills Roadmap,generative-ai-career-skills-roadmap,https://forskcodingschool.com/blog/generative-ai-career-skills-roadmap/,https://forskcodingschool.com/assets/images/blog/generative-ai-career-skills-roadmap.webp,https://forskcodingschool.com/assets/images/blog/generative-ai-career-skills-roadmap-visual.webp,Generative AI Career Skills Roadmap | Practical Guide for Be,"Generative AI Career Skills Roadmap with practical examples, learning steps, common mistakes, projects and career-focused guidance from Forsk Coding School in",generative ai
301,Prompt Engineering,Prompt Engineering Basics for Beginners,prompt-engineering-basics-for-beginners,https://forskcodingschool.com/blog/prompt-engineering-basics-for-beginners/,https://forskcodingschool.com/assets/images/blog/prompt-engineering-basics-for-beginners.webp,https://forskcodingschool.com/assets/images/blog/prompt-engineering-basics-for-beginners-visual.webp,Prompt Engineering Basics for Beginners | Practical Guide fo,"Prompt Engineering Basics for Beginners with practical examples, learning steps, common mistakes, projects and career-focused guidance from Forsk Coding Schoo",prompt engineering
302,Prompt Engineering,Writing Clear Prompts for Better AI Responses,writing-clear-prompts-for-better-ai-responses,https://forskcodingschool.com/blog/writing-clear-prompts-for-better-ai-responses/,https://forskcodingschool.com/assets/images/blog/writing-clear-prompts-for-better-ai-responses.webp,https://forskcodingschool.com/assets/images/blog/writing-clear-prompts-for-better-ai-responses-visual.webp,Writing Clear Prompts for Better AI Responses | Practical Gu,"Writing Clear Prompts for Better AI Responses with practical examples, learning steps, common mistakes, projects and career-focused guidance from Forsk Coding",prompt engineering
303,Prompt Engineering,Few-Shot vs Zero-Shot Prompting,few-shot-vs-zero-shot-prompting,https://forskcodingschool.com/blog/few-shot-vs-zero-shot-prompting/,https://forskcodingschool.com/assets/images/blog/few-shot-vs-zero-shot-prompting.webp,https://forskcodingschool.com/assets/images/blog/few-shot-vs-zero-shot-prompting-visual.webp,Few-Shot vs Zero-Shot Prompting | Practical Guide for Beginn,"Few-Shot vs Zero-Shot Prompting with practical examples, learning steps, common mistakes, projects and career-focused guidance from Forsk Coding School in Jai",prompt engineering
304,Prompt Engineering,Prompt Templates for Coding Tasks,prompt-templates-for-coding-tasks,https://forskcodingschool.com/blog/prompt-templates-for-coding-tasks/,https://forskcodingschool.com/assets/images/blog/prompt-templates-for-coding-tasks.webp,https://forskcodingschool.com/assets/images/blog/prompt-templates-for-coding-tasks-visual.webp,Prompt Templates for Coding Tasks | Practical Guide for Begi,"Prompt Templates for Coding Tasks with practical examples, learning steps, common mistakes, projects and career-focused guidance from Forsk Coding School in J",prompt engineering
305,Prompt Engineering,Structured Output Prompts Explained,structured-output-prompts-explained,https://forskcodingschool.com/blog/structured-output-prompts-explained/,https://forskcodingschool.com/assets/images/blog/structured-output-prompts-explained.webp,https://forskcodingschool.com/assets/images/blog/structured-output-prompts-explained-visual.webp,Structured Output Prompts Explained | Practical Guide for Be,"Structured Output Prompts Explained with practical examples, learning steps, common mistakes, projects and career-focused guidance from Forsk Coding School in",prompt engineering
306,Prompt Engineering,Prompt Chaining for Multi-Step Workflows,prompt-chaining-for-multi-step-workflows,https://forskcodingschool.com/blog/prompt-chaining-for-multi-step-workflows/,https://forskcodingschool.com/assets/images/blog/prompt-chaining-for-multi-step-workflows.webp,https://forskcodingschool.com/assets/images/blog/prompt-chaining-for-multi-step-workflows-visual.webp,Prompt Chaining for Multi-Step Workflows | Practical Guide f,"Prompt Chaining for Multi-Step Workflows with practical examples, learning steps, common mistakes, projects and career-focused guidance from Forsk Coding Scho",prompt engineering
307,Prompt Engineering,How to Evaluate and Improve AI Prompts,how-to-evaluate-and-improve-ai-prompts,https://forskcodingschool.com/blog/how-to-evaluate-and-improve-ai-prompts/,https://forskcodingschool.com/assets/images/blog/how-to-evaluate-and-improve-ai-prompts.webp,https://forskcodingschool.com/assets/images/blog/how-to-evaluate-and-improve-ai-prompts-visual.webp,How to Evaluate and Improve AI Prompts | Practical Guide for,"How to Evaluate and Improve AI Prompts with practical examples, learning steps, common mistakes, projects and career-focused guidance from Forsk Coding School",prompt engineering
308,Prompt Engineering,Prompt Engineering for Content Research,prompt-engineering-for-content-research,https://forskcodingschool.com/blog/prompt-engineering-for-content-research/,https://forskcodingschool.com/assets/images/blog/prompt-engineering-for-content-research.webp,https://forskcodingschool.com/assets/images/blog/prompt-engineering-for-content-research-visual.webp,Prompt Engineering for Content Research | Practical Guide fo,"Prompt Engineering for Content Research with practical examples, learning steps, common mistakes, projects and career-focused guidance from Forsk Coding Schoo",prompt engineering
309,Prompt Engineering,Prompt Engineering for Software Testing,prompt-engineering-for-software-testing,https://forskcodingschool.com/blog/prompt-engineering-for-software-testing/,https://forskcodingschool.com/assets/images/blog/prompt-engineering-for-software-testing.webp,https://forskcodingschool.com/assets/images/blog/prompt-engineering-for-software-testing-visual.webp,Prompt Engineering for Software Testing | Practical Guide fo,"Prompt Engineering for Software Testing with practical examples, learning steps, common mistakes, projects and career-focused guidance from Forsk Coding Schoo",prompt engineering
310,Prompt Engineering,Prompt Engineering Career Guide for Beginners,prompt-engineering-career-guide-for-beginners,https://forskcodingschool.com/blog/prompt-engineering-career-guide-for-beginners/,https://forskcodingschool.com/assets/images/blog/prompt-engineering-career-guide-for-beginners.webp,https://forskcodingschool.com/assets/images/blog/prompt-engineering-career-guide-for-beginners-visual.webp,Prompt Engineering Career Guide for Beginners | Practical Gu,"Prompt Engineering Career Guide for Beginners with practical examples, learning steps, common mistakes, projects and career-focused guidance from Forsk Coding",prompt engineering
311,NLP,Natural Language Processing Fundamentals,natural-language-processing-fundamentals,https://forskcodingschool.com/blog/natural-language-processing-fundamentals/,https://forskcodingschool.com/assets/images/blog/natural-language-processing-fundamentals.webp,https://forskcodingschool.com/assets/images/blog/natural-language-processing-fundamentals-visual.webp,Natural Language Processing Fundamentals | Practical Guide f,"Natural Language Processing Fundamentals with practical examples, learning steps, common mistakes, projects and career-focused guidance from Forsk Coding Scho",natural language processing
312,NLP,Text Preprocessing in NLP Explained,text-preprocessing-in-nlp-explained,https://forskcodingschool.com/blog/text-preprocessing-in-nlp-explained/,https://forskcodingschool.com/assets/images/blog/text-preprocessing-in-nlp-explained.webp,https://forskcodingschool.com/assets/images/blog/text-preprocessing-in-nlp-explained-visual.webp,Text Preprocessing in NLP Explained | Practical Guide for Be,"Text Preprocessing in NLP Explained with practical examples, learning steps, common mistakes, projects and career-focused guidance from Forsk Coding School in",natural language processing
313,NLP,Tokenization Stemming and Lemmatization,tokenization-stemming-and-lemmatization,https://forskcodingschool.com/blog/tokenization-stemming-and-lemmatization/,https://forskcodingschool.com/assets/images/blog/tokenization-stemming-and-lemmatization.webp,https://forskcodingschool.com/assets/images/blog/tokenization-stemming-and-lemmatization-visual.webp,Tokenization Stemming and Lemmatization | Practical Guide fo,"Tokenization Stemming and Lemmatization with practical examples, learning steps, common mistakes, projects and career-focused guidance from Forsk Coding Schoo",natural language processing
314,NLP,Sentiment Analysis Project Workflow,sentiment-analysis-project-workflow,https://forskcodingschool.com/blog/sentiment-analysis-project-workflow/,https://forskcodingschool.com/assets/images/blog/sentiment-analysis-project-workflow.webp,https://forskcodingschool.com/assets/images/blog/sentiment-analysis-project-workflow-visual.webp,Sentiment Analysis Project Workflow | Practical Guide for Be,"Sentiment Analysis Project Workflow with practical examples, learning steps, common mistakes, projects and career-focused guidance from Forsk Coding School in",natural language processing
315,NLP,Named Entity Recognition Explained,named-entity-recognition-explained,https://forskcodingschool.com/blog/named-entity-recognition-explained/,https://forskcodingschool.com/assets/images/blog/named-entity-recognition-explained.webp,https://forskcodingschool.com/assets/images/blog/named-entity-recognition-explained-visual.webp,Named Entity Recognition Explained | Practical Guide for Beg,"Named Entity Recognition Explained with practical examples, learning steps, common mistakes, projects and career-focused guidance from Forsk Coding School in",natural language processing
316,NLP,Text Classification with Machine Learning,text-classification-with-machine-learning,https://forskcodingschool.com/blog/text-classification-with-machine-learning/,https://forskcodingschool.com/assets/images/blog/text-classification-with-machine-learning.webp,https://forskcodingschool.com/assets/images/blog/text-classification-with-machine-learning-visual.webp,Text Classification with Machine Learning | Practical Guide,"Text Classification with Machine Learning with practical examples, learning steps, common mistakes, projects and career-focused guidance from Forsk Coding Sch",natural language processing
317,NLP,Word Embeddings and Semantic Representation,word-embeddings-and-semantic-representation,https://forskcodingschool.com/blog/word-embeddings-and-semantic-representation/,https://forskcodingschool.com/assets/images/blog/word-embeddings-and-semantic-representation.webp,https://forskcodingschool.com/assets/images/blog/word-embeddings-and-semantic-representation-visual.webp,Word Embeddings and Semantic Representation | Practical Guid,"Word Embeddings and Semantic Representation with practical examples, learning steps, common mistakes, projects and career-focused guidance from Forsk Coding S",natural language processing
318,NLP,Transformer Models in NLP Explained,transformer-models-in-nlp-explained,https://forskcodingschool.com/blog/transformer-models-in-nlp-explained/,https://forskcodingschool.com/assets/images/blog/transformer-models-in-nlp-explained.webp,https://forskcodingschool.com/assets/images/blog/transformer-models-in-nlp-explained-visual.webp,Transformer Models in NLP Explained | Practical Guide for Be,"Transformer Models in NLP Explained with practical examples, learning steps, common mistakes, projects and career-focused guidance from Forsk Coding School in",natural language processing
319,NLP,NLP Project Ideas for Beginners,nlp-project-ideas-for-beginners,https://forskcodingschool.com/blog/nlp-project-ideas-for-beginners/,https://forskcodingschool.com/assets/images/blog/nlp-project-ideas-for-beginners.webp,https://forskcodingschool.com/assets/images/blog/nlp-project-ideas-for-beginners-visual.webp,NLP Project Ideas for Beginners | Practical Guide for Beginn,"NLP Project Ideas for Beginners with practical examples, learning steps, common mistakes, projects and career-focused guidance from Forsk Coding School in Jai",natural language processing
320,NLP,NLP Career Roadmap for Freshers,nlp-career-roadmap-for-freshers,https://forskcodingschool.com/blog/nlp-career-roadmap-for-freshers/,https://forskcodingschool.com/assets/images/blog/nlp-career-roadmap-for-freshers.webp,https://forskcodingschool.com/assets/images/blog/nlp-career-roadmap-for-freshers-visual.webp,NLP Career Roadmap for Freshers | Practical Guide for Beginn,"NLP Career Roadmap for Freshers with practical examples, learning steps, common mistakes, projects and career-focused guidance from Forsk Coding School in Jai",natural language processing
321,Computer Vision,Computer Vision Basics for Beginners,computer-vision-basics-for-beginners,https://forskcodingschool.com/blog/computer-vision-basics-for-beginners/,https://forskcodingschool.com/assets/images/blog/computer-vision-basics-for-beginners.webp,https://forskcodingschool.com/assets/images/blog/computer-vision-basics-for-beginners-visual.webp,Computer Vision Basics for Beginners | Practical Guide for B,"Computer Vision Basics for Beginners with practical examples, learning steps, common mistakes, projects and career-focused guidance from Forsk Coding School i",computer vision
322,Computer Vision,Image Classification Explained,image-classification-explained,https://forskcodingschool.com/blog/image-classification-explained/,https://forskcodingschool.com/assets/images/blog/image-classification-explained.webp,https://forskcodingschool.com/assets/images/blog/image-classification-explained-visual.webp,Image Classification Explained | Practical Guide for Beginne,"Image Classification Explained with practical examples, learning steps, common mistakes, projects and career-focused guidance from Forsk Coding School in Jaip",computer vision
323,Computer Vision,Object Detection Fundamentals,object-detection-fundamentals,https://forskcodingschool.com/blog/object-detection-fundamentals/,https://forskcodingschool.com/assets/images/blog/object-detection-fundamentals.webp,https://forskcodingschool.com/assets/images/blog/object-detection-fundamentals-visual.webp,Object Detection Fundamentals | Practical Guide for Beginner,"Object Detection Fundamentals with practical examples, learning steps, common mistakes, projects and career-focused guidance from Forsk Coding School in Jaipu",computer vision
324,Computer Vision,Image Preprocessing Techniques,image-preprocessing-techniques,https://forskcodingschool.com/blog/image-preprocessing-techniques/,https://forskcodingschool.com/assets/images/blog/image-preprocessing-techniques.webp,https://forskcodingschool.com/assets/images/blog/image-preprocessing-techniques-visual.webp,Image Preprocessing Techniques | Practical Guide for Beginne,"Image Preprocessing Techniques with practical examples, learning steps, common mistakes, projects and career-focused guidance from Forsk Coding School in Jaip",computer vision
325,Computer Vision,OpenCV Basics for Python Developers,opencv-basics-for-python-developers,https://forskcodingschool.com/blog/opencv-basics-for-python-developers/,https://forskcodingschool.com/assets/images/blog/opencv-basics-for-python-developers.webp,https://forskcodingschool.com/assets/images/blog/opencv-basics-for-python-developers-visual.webp,OpenCV Basics for Python Developers | Practical Guide for Be,"OpenCV Basics for Python Developers with practical examples, learning steps, common mistakes, projects and career-focused guidance from Forsk Coding School in",computer vision
326,Computer Vision,OCR Explained and Practical Applications,ocr-explained-and-practical-applications,https://forskcodingschool.com/blog/ocr-explained-and-practical-applications/,https://forskcodingschool.com/assets/images/blog/ocr-explained-and-practical-applications.webp,https://forskcodingschool.com/assets/images/blog/ocr-explained-and-practical-applications-visual.webp,OCR Explained and Practical Applications | Practical Guide f,"OCR Explained and Practical Applications with practical examples, learning steps, common mistakes, projects and career-focused guidance from Forsk Coding Scho",computer vision
327,Computer Vision,Face Detection vs Face Recognition,face-detection-vs-face-recognition,https://forskcodingschool.com/blog/face-detection-vs-face-recognition/,https://forskcodingschool.com/assets/images/blog/face-detection-vs-face-recognition.webp,https://forskcodingschool.com/assets/images/blog/face-detection-vs-face-recognition-visual.webp,Face Detection vs Face Recognition | Practical Guide for Beg,"Face Detection vs Face Recognition with practical examples, learning steps, common mistakes, projects and career-focused guidance from Forsk Coding School in",computer vision
328,Computer Vision,Computer Vision Project Ideas for Students,computer-vision-project-ideas-for-students,https://forskcodingschool.com/blog/computer-vision-project-ideas-for-students/,https://forskcodingschool.com/assets/images/blog/computer-vision-project-ideas-for-students.webp,https://forskcodingschool.com/assets/images/blog/computer-vision-project-ideas-for-students-visual.webp,Computer Vision Project Ideas for Students | Practical Guide,"Computer Vision Project Ideas for Students with practical examples, learning steps, common mistakes, projects and career-focused guidance from Forsk Coding Sc",computer vision
329,Computer Vision,Convolutional Neural Networks for Image Tasks,convolutional-neural-networks-for-image-tasks,https://forskcodingschool.com/blog/convolutional-neural-networks-for-image-tasks/,https://forskcodingschool.com/assets/images/blog/convolutional-neural-networks-for-image-tasks.webp,https://forskcodingschool.com/assets/images/blog/convolutional-neural-networks-for-image-tasks-visual.webp,Convolutional Neural Networks for Image Tasks | Practical Gu,"Convolutional Neural Networks for Image Tasks with practical examples, learning steps, common mistakes, projects and career-focused guidance from Forsk Coding",computer vision
330,Computer Vision,Computer Vision Career Roadmap,computer-vision-career-roadmap,https://forskcodingschool.com/blog/computer-vision-career-roadmap/,https://forskcodingschool.com/assets/images/blog/computer-vision-career-roadmap.webp,https://forskcodingschool.com/assets/images/blog/computer-vision-career-roadmap-visual.webp,Computer Vision Career Roadmap | Practical Guide for Beginne,"Computer Vision Career Roadmap with practical examples, learning steps, common mistakes, projects and career-focused guidance from Forsk Coding School in Jaip",computer vision
331,Power BI,Power BI Basics for Beginners,power-bi-basics-for-beginners,https://forskcodingschool.com/blog/power-bi-basics-for-beginners/,https://forskcodingschool.com/assets/images/blog/power-bi-basics-for-beginners.webp,https://forskcodingschool.com/assets/images/blog/power-bi-basics-for-beginners-visual.webp,Power BI Basics for Beginners | Practical Guide for Beginner,"Power BI Basics for Beginners with practical examples, learning steps, common mistakes, projects and career-focused guidance from Forsk Coding School in Jaipu",power bi
332,Power BI,Power BI Data Cleaning with Power Query,power-bi-data-cleaning-with-power-query,https://forskcodingschool.com/blog/power-bi-data-cleaning-with-power-query/,https://forskcodingschool.com/assets/images/blog/power-bi-data-cleaning-with-power-query.webp,https://forskcodingschool.com/assets/images/blog/power-bi-data-cleaning-with-power-query-visual.webp,Power BI Data Cleaning with Power Query | Practical Guide fo,"Power BI Data Cleaning with Power Query with practical examples, learning steps, common mistakes, projects and career-focused guidance from Forsk Coding Schoo",power bi
333,Power BI,Power BI Data Modeling Fundamentals,power-bi-data-modeling-fundamentals,https://forskcodingschool.com/blog/power-bi-data-modeling-fundamentals/,https://forskcodingschool.com/assets/images/blog/power-bi-data-modeling-fundamentals.webp,https://forskcodingschool.com/assets/images/blog/power-bi-data-modeling-fundamentals-visual.webp,Power BI Data Modeling Fundamentals | Practical Guide for Be,"Power BI Data Modeling Fundamentals with practical examples, learning steps, common mistakes, projects and career-focused guidance from Forsk Coding School in",power bi
334,Power BI,DAX Basics Every Power BI Beginner Needs,dax-basics-every-power-bi-beginner-needs,https://forskcodingschool.com/blog/dax-basics-every-power-bi-beginner-needs/,https://forskcodingschool.com/assets/images/blog/dax-basics-every-power-bi-beginner-needs.webp,https://forskcodingschool.com/assets/images/blog/dax-basics-every-power-bi-beginner-needs-visual.webp,DAX Basics Every Power BI Beginner Needs | Practical Guide f,"DAX Basics Every Power BI Beginner Needs with practical examples, learning steps, common mistakes, projects and career-focused guidance from Forsk Coding Scho",power bi
335,Power BI,Power BI Measures vs Calculated Columns,power-bi-measures-vs-calculated-columns,https://forskcodingschool.com/blog/power-bi-measures-vs-calculated-columns/,https://forskcodingschool.com/assets/images/blog/power-bi-measures-vs-calculated-columns.webp,https://forskcodingschool.com/assets/images/blog/power-bi-measures-vs-calculated-columns-visual.webp,Power BI Measures vs Calculated Columns | Practical Guide fo,"Power BI Measures vs Calculated Columns with practical examples, learning steps, common mistakes, projects and career-focused guidance from Forsk Coding Schoo",power bi
336,Power BI,Power BI Dashboard Design Best Practices,power-bi-dashboard-design-best-practices,https://forskcodingschool.com/blog/power-bi-dashboard-design-best-practices/,https://forskcodingschool.com/assets/images/blog/power-bi-dashboard-design-best-practices.webp,https://forskcodingschool.com/assets/images/blog/power-bi-dashboard-design-best-practices-visual.webp,Power BI Dashboard Design Best Practices | Practical Guide f,"Power BI Dashboard Design Best Practices with practical examples, learning steps, common mistakes, projects and career-focused guidance from Forsk Coding Scho",power bi
337,Power BI,Power BI Filters Slicers and Drill-Downs,power-bi-filters-slicers-and-drill-downs,https://forskcodingschool.com/blog/power-bi-filters-slicers-and-drill-downs/,https://forskcodingschool.com/assets/images/blog/power-bi-filters-slicers-and-drill-downs.webp,https://forskcodingschool.com/assets/images/blog/power-bi-filters-slicers-and-drill-downs-visual.webp,Power BI Filters Slicers and Drill-Downs | Practical Guide f,"Power BI Filters Slicers and Drill-Downs with practical examples, learning steps, common mistakes, projects and career-focused guidance from Forsk Coding Scho",power bi
338,Power BI,Power BI Data Visualization for Business Reports,power-bi-data-visualization-for-business-reports,https://forskcodingschool.com/blog/power-bi-data-visualization-for-business-reports/,https://forskcodingschool.com/assets/images/blog/power-bi-data-visualization-for-business-reports.webp,https://forskcodingschool.com/assets/images/blog/power-bi-data-visualization-for-business-reports-visual.webp,Power BI Data Visualization for Business Reports | Practical,"Power BI Data Visualization for Business Reports with practical examples, learning steps, common mistakes, projects and career-focused guidance from Forsk Cod",power bi
339,Power BI,Power BI Portfolio Project Ideas,power-bi-portfolio-project-ideas,https://forskcodingschool.com/blog/power-bi-portfolio-project-ideas/,https://forskcodingschool.com/assets/images/blog/power-bi-portfolio-project-ideas.webp,https://forskcodingschool.com/assets/images/blog/power-bi-portfolio-project-ideas-visual.webp,Power BI Portfolio Project Ideas | Practical Guide for Begin,"Power BI Portfolio Project Ideas with practical examples, learning steps, common mistakes, projects and career-focused guidance from Forsk Coding School in Ja",power bi
340,Power BI,Power BI Career Roadmap for Data Analysts,power-bi-career-roadmap-for-data-analysts,https://forskcodingschool.com/blog/power-bi-career-roadmap-for-data-analysts/,https://forskcodingschool.com/assets/images/blog/power-bi-career-roadmap-for-data-analysts.webp,https://forskcodingschool.com/assets/images/blog/power-bi-career-roadmap-for-data-analysts-visual.webp,Power BI Career Roadmap for Data Analysts | Practical Guide,"Power BI Career Roadmap for Data Analysts with practical examples, learning steps, common mistakes, projects and career-focused guidance from Forsk Coding Sch",power bi
341,Excel,Advanced Excel Skills for Data Analysts,advanced-excel-skills-for-data-analysts,https://forskcodingschool.com/blog/advanced-excel-skills-for-data-analysts/,https://forskcodingschool.com/assets/images/blog/advanced-excel-skills-for-data-analysts.webp,https://forskcodingschool.com/assets/images/blog/advanced-excel-skills-for-data-analysts-visual.webp,Advanced Excel Skills for Data Analysts | Practical Guide fo,"Advanced Excel Skills for Data Analysts with practical examples, learning steps, common mistakes, projects and career-focused guidance from Forsk Coding Schoo",advanced excel
342,Excel,Excel VLOOKUP vs XLOOKUP Explained,excel-vlookup-vs-xlookup-explained,https://forskcodingschool.com/blog/excel-vlookup-vs-xlookup-explained/,https://forskcodingschool.com/assets/images/blog/excel-vlookup-vs-xlookup-explained.webp,https://forskcodingschool.com/assets/images/blog/excel-vlookup-vs-xlookup-explained-visual.webp,Excel VLOOKUP vs XLOOKUP Explained | Practical Guide for Beg,"Excel VLOOKUP vs XLOOKUP Explained with practical examples, learning steps, common mistakes, projects and career-focused guidance from Forsk Coding School in",advanced excel
343,Excel,Excel INDEX MATCH for Flexible Lookups,excel-index-match-for-flexible-lookups,https://forskcodingschool.com/blog/excel-index-match-for-flexible-lookups/,https://forskcodingschool.com/assets/images/blog/excel-index-match-for-flexible-lookups.webp,https://forskcodingschool.com/assets/images/blog/excel-index-match-for-flexible-lookups-visual.webp,Excel INDEX MATCH for Flexible Lookups | Practical Guide for,"Excel INDEX MATCH for Flexible Lookups with practical examples, learning steps, common mistakes, projects and career-focused guidance from Forsk Coding School",advanced excel
344,Excel,Excel Pivot Tables for Business Analysis,excel-pivot-tables-for-business-analysis,https://forskcodingschool.com/blog/excel-pivot-tables-for-business-analysis/,https://forskcodingschool.com/assets/images/blog/excel-pivot-tables-for-business-analysis.webp,https://forskcodingschool.com/assets/images/blog/excel-pivot-tables-for-business-analysis-visual.webp,Excel Pivot Tables for Business Analysis | Practical Guide f,"Excel Pivot Tables for Business Analysis with practical examples, learning steps, common mistakes, projects and career-focused guidance from Forsk Coding Scho",advanced excel
345,Excel,Excel Conditional Formatting for Better Reports,excel-conditional-formatting-for-better-reports,https://forskcodingschool.com/blog/excel-conditional-formatting-for-better-reports/,https://forskcodingschool.com/assets/images/blog/excel-conditional-formatting-for-better-reports.webp,https://forskcodingschool.com/assets/images/blog/excel-conditional-formatting-for-better-reports-visual.webp,Excel Conditional Formatting for Better Reports | Practical,"Excel Conditional Formatting for Better Reports with practical examples, learning steps, common mistakes, projects and career-focused guidance from Forsk Codi",advanced excel
346,Excel,Excel Charts and Dashboard Design,excel-charts-and-dashboard-design,https://forskcodingschool.com/blog/excel-charts-and-dashboard-design/,https://forskcodingschool.com/assets/images/blog/excel-charts-and-dashboard-design.webp,https://forskcodingschool.com/assets/images/blog/excel-charts-and-dashboard-design-visual.webp,Excel Charts and Dashboard Design | Practical Guide for Begi,"Excel Charts and Dashboard Design with practical examples, learning steps, common mistakes, projects and career-focused guidance from Forsk Coding School in J",advanced excel
347,Excel,Excel IF Functions and Logical Formulas,excel-if-functions-and-logical-formulas,https://forskcodingschool.com/blog/excel-if-functions-and-logical-formulas/,https://forskcodingschool.com/assets/images/blog/excel-if-functions-and-logical-formulas.webp,https://forskcodingschool.com/assets/images/blog/excel-if-functions-and-logical-formulas-visual.webp,Excel IF Functions and Logical Formulas | Practical Guide fo,"Excel IF Functions and Logical Formulas with practical examples, learning steps, common mistakes, projects and career-focused guidance from Forsk Coding Schoo",advanced excel
348,Excel,Excel Data Cleaning Techniques,excel-data-cleaning-techniques,https://forskcodingschool.com/blog/excel-data-cleaning-techniques/,https://forskcodingschool.com/assets/images/blog/excel-data-cleaning-techniques.webp,https://forskcodingschool.com/assets/images/blog/excel-data-cleaning-techniques-visual.webp,Excel Data Cleaning Techniques | Practical Guide for Beginne,"Excel Data Cleaning Techniques with practical examples, learning steps, common mistakes, projects and career-focused guidance from Forsk Coding School in Jaip",advanced excel
349,Excel,Excel Automation with Power Query Basics,excel-automation-with-power-query-basics,https://forskcodingschool.com/blog/excel-automation-with-power-query-basics/,https://forskcodingschool.com/assets/images/blog/excel-automation-with-power-query-basics.webp,https://forskcodingschool.com/assets/images/blog/excel-automation-with-power-query-basics-visual.webp,Excel Automation with Power Query Basics | Practical Guide f,"Excel Automation with Power Query Basics with practical examples, learning steps, common mistakes, projects and career-focused guidance from Forsk Coding Scho",advanced excel
350,Excel,Excel Skills Roadmap for Beginners,excel-skills-roadmap-for-beginners,https://forskcodingschool.com/blog/excel-skills-roadmap-for-beginners/,https://forskcodingschool.com/assets/images/blog/excel-skills-roadmap-for-beginners.webp,https://forskcodingschool.com/assets/images/blog/excel-skills-roadmap-for-beginners-visual.webp,Excel Skills Roadmap for Beginners | Practical Guide for Beg,"Excel Skills Roadmap for Beginners with practical examples, learning steps, common mistakes, projects and career-focused guidance from Forsk Coding School in",advanced excel
351,SEO,SEO Fundamentals for Beginners,seo-fundamentals-for-beginners,https://forskcodingschool.com/blog/seo-fundamentals-for-beginners/,https://forskcodingschool.com/assets/images/blog/seo-fundamentals-for-beginners.webp,https://forskcodingschool.com/assets/images/blog/seo-fundamentals-for-beginners-visual.webp,SEO Fundamentals for Beginners | Practical Guide for Beginne,"SEO Fundamentals for Beginners with practical examples, learning steps, common mistakes, projects and career-focused guidance from Forsk Coding School in Jaip",seo
352,SEO,On-Page SEO Checklist for New Websites,on-page-seo-checklist-for-new-websites,https://forskcodingschool.com/blog/on-page-seo-checklist-for-new-websites/,https://forskcodingschool.com/assets/images/blog/on-page-seo-checklist-for-new-websites.webp,https://forskcodingschool.com/assets/images/blog/on-page-seo-checklist-for-new-websites-visual.webp,On-Page SEO Checklist for New Websites | Practical Guide for,"On-Page SEO Checklist for New Websites with practical examples, learning steps, common mistakes, projects and career-focused guidance from Forsk Coding School",seo
353,SEO,Technical SEO Basics for Developers,technical-seo-basics-for-developers,https://forskcodingschool.com/blog/technical-seo-basics-for-developers/,https://forskcodingschool.com/assets/images/blog/technical-seo-basics-for-developers.webp,https://forskcodingschool.com/assets/images/blog/technical-seo-basics-for-developers-visual.webp,Technical SEO Basics for Developers | Practical Guide for Be,"Technical SEO Basics for Developers with practical examples, learning steps, common mistakes, projects and career-focused guidance from Forsk Coding School in",seo
354,SEO,Keyword Research for Educational Websites,keyword-research-for-educational-websites,https://forskcodingschool.com/blog/keyword-research-for-educational-websites/,https://forskcodingschool.com/assets/images/blog/keyword-research-for-educational-websites.webp,https://forskcodingschool.com/assets/images/blog/keyword-research-for-educational-websites-visual.webp,Keyword Research for Educational Websites | Practical Guide,"Keyword Research for Educational Websites with practical examples, learning steps, common mistakes, projects and career-focused guidance from Forsk Coding Sch",seo
355,SEO,Search Intent Explained for Content Writers,search-intent-explained-for-content-writers,https://forskcodingschool.com/blog/search-intent-explained-for-content-writers/,https://forskcodingschool.com/assets/images/blog/search-intent-explained-for-content-writers.webp,https://forskcodingschool.com/assets/images/blog/search-intent-explained-for-content-writers-visual.webp,Search Intent Explained for Content Writers | Practical Guid,"Search Intent Explained for Content Writers with practical examples, learning steps, common mistakes, projects and career-focused guidance from Forsk Coding S",seo
356,SEO,Internal Linking Strategy for SEO,internal-linking-strategy-for-seo,https://forskcodingschool.com/blog/internal-linking-strategy-for-seo/,https://forskcodingschool.com/assets/images/blog/internal-linking-strategy-for-seo.webp,https://forskcodingschool.com/assets/images/blog/internal-linking-strategy-for-seo-visual.webp,Internal Linking Strategy for SEO | Practical Guide for Begi,"Internal Linking Strategy for SEO with practical examples, learning steps, common mistakes, projects and career-focused guidance from Forsk Coding School in J",seo
357,SEO,SEO-Friendly URL Structure Best Practices,seo-friendly-url-structure-best-practices,https://forskcodingschool.com/blog/seo-friendly-url-structure-best-practices/,https://forskcodingschool.com/assets/images/blog/seo-friendly-url-structure-best-practices.webp,https://forskcodingschool.com/assets/images/blog/seo-friendly-url-structure-best-practices-visual.webp,SEO-Friendly URL Structure Best Practices | Practical Guide,"SEO-Friendly URL Structure Best Practices with practical examples, learning steps, common mistakes, projects and career-focused guidance from Forsk Coding Sch",seo
358,SEO,Meta Titles and Meta Descriptions Explained,meta-titles-and-meta-descriptions-explained,https://forskcodingschool.com/blog/meta-titles-and-meta-descriptions-explained/,https://forskcodingschool.com/assets/images/blog/meta-titles-and-meta-descriptions-explained.webp,https://forskcodingschool.com/assets/images/blog/meta-titles-and-meta-descriptions-explained-visual.webp,Meta Titles and Meta Descriptions Explained | Practical Guid,"Meta Titles and Meta Descriptions Explained with practical examples, learning steps, common mistakes, projects and career-focused guidance from Forsk Coding S",seo
359,SEO,Image SEO: Filenames Alt Text and Compression,image-seo-filenames-alt-text-and-compression,https://forskcodingschool.com/blog/image-seo-filenames-alt-text-and-compression/,https://forskcodingschool.com/assets/images/blog/image-seo-filenames-alt-text-and-compression.webp,https://forskcodingschool.com/assets/images/blog/image-seo-filenames-alt-text-and-compression-visual.webp,Image SEO: Filenames Alt Text and Compression | Practical Gu,"Image SEO: Filenames Alt Text and Compression with practical examples, learning steps, common mistakes, projects and career-focused guidance from Forsk Coding",seo
360,SEO,SEO Content Clusters and Topic Authority,seo-content-clusters-and-topic-authority,https://forskcodingschool.com/blog/seo-content-clusters-and-topic-authority/,https://forskcodingschool.com/assets/images/blog/seo-content-clusters-and-topic-authority.webp,https://forskcodingschool.com/assets/images/blog/seo-content-clusters-and-topic-authority-visual.webp,SEO Content Clusters and Topic Authority | Practical Guide f,"SEO Content Clusters and Topic Authority with practical examples, learning steps, common mistakes, projects and career-focused guidance from Forsk Coding Scho",seo
361,Digital Marketing,Digital Marketing Fundamentals for Beginners,digital-marketing-fundamentals-for-beginners,https://forskcodingschool.com/blog/digital-marketing-fundamentals-for-beginners/,https://forskcodingschool.com/assets/images/blog/digital-marketing-fundamentals-for-beginners.webp,https://forskcodingschool.com/assets/images/blog/digital-marketing-fundamentals-for-beginners-visual.webp,Digital Marketing Fundamentals for Beginners | Practical Gui,"Digital Marketing Fundamentals for Beginners with practical examples, learning steps, common mistakes, projects and career-focused guidance from Forsk Coding",digital marketing
362,Digital Marketing,Digital Marketing Funnel Explained,digital-marketing-funnel-explained,https://forskcodingschool.com/blog/digital-marketing-funnel-explained/,https://forskcodingschool.com/assets/images/blog/digital-marketing-funnel-explained.webp,https://forskcodingschool.com/assets/images/blog/digital-marketing-funnel-explained-visual.webp,Digital Marketing Funnel Explained | Practical Guide for Beg,"Digital Marketing Funnel Explained with practical examples, learning steps, common mistakes, projects and career-focused guidance from Forsk Coding School in",digital marketing
363,Digital Marketing,Content Marketing Strategy for Education Brands,content-marketing-strategy-for-education-brands,https://forskcodingschool.com/blog/content-marketing-strategy-for-education-brands/,https://forskcodingschool.com/assets/images/blog/content-marketing-strategy-for-education-brands.webp,https://forskcodingschool.com/assets/images/blog/content-marketing-strategy-for-education-brands-visual.webp,Content Marketing Strategy for Education Brands | Practical,"Content Marketing Strategy for Education Brands with practical examples, learning steps, common mistakes, projects and career-focused guidance from Forsk Codi",digital marketing
364,Digital Marketing,Email Marketing Basics for Beginners,email-marketing-basics-for-beginners,https://forskcodingschool.com/blog/email-marketing-basics-for-beginners/,https://forskcodingschool.com/assets/images/blog/email-marketing-basics-for-beginners.webp,https://forskcodingschool.com/assets/images/blog/email-marketing-basics-for-beginners-visual.webp,Email Marketing Basics for Beginners | Practical Guide for B,"Email Marketing Basics for Beginners with practical examples, learning steps, common mistakes, projects and career-focused guidance from Forsk Coding School i",digital marketing
365,Digital Marketing,Lead Generation Strategies for Training Institutes,lead-generation-strategies-for-training-institutes,https://forskcodingschool.com/blog/lead-generation-strategies-for-training-institutes/,https://forskcodingschool.com/assets/images/blog/lead-generation-strategies-for-training-institutes.webp,https://forskcodingschool.com/assets/images/blog/lead-generation-strategies-for-training-institutes-visual.webp,Lead Generation Strategies for Training Institutes | Practic,"Lead Generation Strategies for Training Institutes with practical examples, learning steps, common mistakes, projects and career-focused guidance from Forsk C",digital marketing
366,Digital Marketing,Landing Page Optimization for Better Leads,landing-page-optimization-for-better-leads,https://forskcodingschool.com/blog/landing-page-optimization-for-better-leads/,https://forskcodingschool.com/assets/images/blog/landing-page-optimization-for-better-leads.webp,https://forskcodingschool.com/assets/images/blog/landing-page-optimization-for-better-leads-visual.webp,Landing Page Optimization for Better Leads | Practical Guide,"Landing Page Optimization for Better Leads with practical examples, learning steps, common mistakes, projects and career-focused guidance from Forsk Coding Sc",digital marketing
367,Digital Marketing,Conversion Rate Optimization Fundamentals,conversion-rate-optimization-fundamentals,https://forskcodingschool.com/blog/conversion-rate-optimization-fundamentals/,https://forskcodingschool.com/assets/images/blog/conversion-rate-optimization-fundamentals.webp,https://forskcodingschool.com/assets/images/blog/conversion-rate-optimization-fundamentals-visual.webp,Conversion Rate Optimization Fundamentals | Practical Guide,"Conversion Rate Optimization Fundamentals with practical examples, learning steps, common mistakes, projects and career-focused guidance from Forsk Coding Sch",digital marketing
368,Digital Marketing,Marketing Analytics Metrics You Should Track,marketing-analytics-metrics-you-should-track,https://forskcodingschool.com/blog/marketing-analytics-metrics-you-should-track/,https://forskcodingschool.com/assets/images/blog/marketing-analytics-metrics-you-should-track.webp,https://forskcodingschool.com/assets/images/blog/marketing-analytics-metrics-you-should-track-visual.webp,Marketing Analytics Metrics You Should Track | Practical Gui,"Marketing Analytics Metrics You Should Track with practical examples, learning steps, common mistakes, projects and career-focused guidance from Forsk Coding",digital marketing
369,Digital Marketing,Digital Marketing Portfolio Project Ideas,digital-marketing-portfolio-project-ideas,https://forskcodingschool.com/blog/digital-marketing-portfolio-project-ideas/,https://forskcodingschool.com/assets/images/blog/digital-marketing-portfolio-project-ideas.webp,https://forskcodingschool.com/assets/images/blog/digital-marketing-portfolio-project-ideas-visual.webp,Digital Marketing Portfolio Project Ideas | Practical Guide,"Digital Marketing Portfolio Project Ideas with practical examples, learning steps, common mistakes, projects and career-focused guidance from Forsk Coding Sch",digital marketing
370,Digital Marketing,Digital Marketing Career Roadmap for Freshers,digital-marketing-career-roadmap-for-freshers,https://forskcodingschool.com/blog/digital-marketing-career-roadmap-for-freshers/,https://forskcodingschool.com/assets/images/blog/digital-marketing-career-roadmap-for-freshers.webp,https://forskcodingschool.com/assets/images/blog/digital-marketing-career-roadmap-for-freshers-visual.webp,Digital Marketing Career Roadmap for Freshers | Practical Gu,"Digital Marketing Career Roadmap for Freshers with practical examples, learning steps, common mistakes, projects and career-focused guidance from Forsk Coding",digital marketing
371,Social Media Marketing,Social Media Marketing Basics for Beginners,social-media-marketing-basics-for-beginners,https://forskcodingschool.com/blog/social-media-marketing-basics-for-beginners/,https://forskcodingschool.com/assets/images/blog/social-media-marketing-basics-for-beginners.webp,https://forskcodingschool.com/assets/images/blog/social-media-marketing-basics-for-beginners-visual.webp,Social Media Marketing Basics for Beginners | Practical Guid,"Social Media Marketing Basics for Beginners with practical examples, learning steps, common mistakes, projects and career-focused guidance from Forsk Coding S",social media marketing
372,Social Media Marketing,Instagram Content Strategy for Education Brands,instagram-content-strategy-for-education-brands,https://forskcodingschool.com/blog/instagram-content-strategy-for-education-brands/,https://forskcodingschool.com/assets/images/blog/instagram-content-strategy-for-education-brands.webp,https://forskcodingschool.com/assets/images/blog/instagram-content-strategy-for-education-brands-visual.webp,Instagram Content Strategy for Education Brands | Practical,"Instagram Content Strategy for Education Brands with practical examples, learning steps, common mistakes, projects and career-focused guidance from Forsk Codi",social media marketing
373,Social Media Marketing,LinkedIn Marketing for Training Institutes,linkedin-marketing-for-training-institutes,https://forskcodingschool.com/blog/linkedin-marketing-for-training-institutes/,https://forskcodingschool.com/assets/images/blog/linkedin-marketing-for-training-institutes.webp,https://forskcodingschool.com/assets/images/blog/linkedin-marketing-for-training-institutes-visual.webp,LinkedIn Marketing for Training Institutes | Practical Guide,"LinkedIn Marketing for Training Institutes with practical examples, learning steps, common mistakes, projects and career-focused guidance from Forsk Coding Sc",social media marketing
374,Social Media Marketing,Social Media Content Calendar Guide,social-media-content-calendar-guide,https://forskcodingschool.com/blog/social-media-content-calendar-guide/,https://forskcodingschool.com/assets/images/blog/social-media-content-calendar-guide.webp,https://forskcodingschool.com/assets/images/blog/social-media-content-calendar-guide-visual.webp,Social Media Content Calendar Guide | Practical Guide for Be,"Social Media Content Calendar Guide with practical examples, learning steps, common mistakes, projects and career-focused guidance from Forsk Coding School in",social media marketing
375,Social Media Marketing,Short-Form Video Strategy for Brands,short-form-video-strategy-for-brands,https://forskcodingschool.com/blog/short-form-video-strategy-for-brands/,https://forskcodingschool.com/assets/images/blog/short-form-video-strategy-for-brands.webp,https://forskcodingschool.com/assets/images/blog/short-form-video-strategy-for-brands-visual.webp,Short-Form Video Strategy for Brands | Practical Guide for B,"Short-Form Video Strategy for Brands with practical examples, learning steps, common mistakes, projects and career-focused guidance from Forsk Coding School i",social media marketing
376,Social Media Marketing,Social Media Engagement Strategies,social-media-engagement-strategies,https://forskcodingschool.com/blog/social-media-engagement-strategies/,https://forskcodingschool.com/assets/images/blog/social-media-engagement-strategies.webp,https://forskcodingschool.com/assets/images/blog/social-media-engagement-strategies-visual.webp,Social Media Engagement Strategies | Practical Guide for Beg,"Social Media Engagement Strategies with practical examples, learning steps, common mistakes, projects and career-focused guidance from Forsk Coding School in",social media marketing
377,Social Media Marketing,Hashtag Strategy: What Beginners Should Know,hashtag-strategy-what-beginners-should-know,https://forskcodingschool.com/blog/hashtag-strategy-what-beginners-should-know/,https://forskcodingschool.com/assets/images/blog/hashtag-strategy-what-beginners-should-know.webp,https://forskcodingschool.com/assets/images/blog/hashtag-strategy-what-beginners-should-know-visual.webp,Hashtag Strategy: What Beginners Should Know | Practical Gui,"Hashtag Strategy: What Beginners Should Know with practical examples, learning steps, common mistakes, projects and career-focused guidance from Forsk Coding",social media marketing
378,Social Media Marketing,Social Media Analytics Metrics Explained,social-media-analytics-metrics-explained,https://forskcodingschool.com/blog/social-media-analytics-metrics-explained/,https://forskcodingschool.com/assets/images/blog/social-media-analytics-metrics-explained.webp,https://forskcodingschool.com/assets/images/blog/social-media-analytics-metrics-explained-visual.webp,Social Media Analytics Metrics Explained | Practical Guide f,"Social Media Analytics Metrics Explained with practical examples, learning steps, common mistakes, projects and career-focused guidance from Forsk Coding Scho",social media marketing
379,Social Media Marketing,Community Building for Education Businesses,community-building-for-education-businesses,https://forskcodingschool.com/blog/community-building-for-education-businesses/,https://forskcodingschool.com/assets/images/blog/community-building-for-education-businesses.webp,https://forskcodingschool.com/assets/images/blog/community-building-for-education-businesses-visual.webp,Community Building for Education Businesses | Practical Guid,"Community Building for Education Businesses with practical examples, learning steps, common mistakes, projects and career-focused guidance from Forsk Coding S",social media marketing
380,Social Media Marketing,Social Media Marketing Career Roadmap,social-media-marketing-career-roadmap,https://forskcodingschool.com/blog/social-media-marketing-career-roadmap/,https://forskcodingschool.com/assets/images/blog/social-media-marketing-career-roadmap.webp,https://forskcodingschool.com/assets/images/blog/social-media-marketing-career-roadmap-visual.webp,Social Media Marketing Career Roadmap | Practical Guide for,"Social Media Marketing Career Roadmap with practical examples, learning steps, common mistakes, projects and career-focused guidance from Forsk Coding School",social media marketing
381,Google Ads,Google Ads Basics for Beginners,google-ads-basics-for-beginners,https://forskcodingschool.com/blog/google-ads-basics-for-beginners/,https://forskcodingschool.com/assets/images/blog/google-ads-basics-for-beginners.webp,https://forskcodingschool.com/assets/images/blog/google-ads-basics-for-beginners-visual.webp,Google Ads Basics for Beginners | Practical Guide for Beginn,"Google Ads Basics for Beginners with practical examples, learning steps, common mistakes, projects and career-focused guidance from Forsk Coding School in Jai",google ads
382,Google Ads,Search Ads Campaign Structure Explained,search-ads-campaign-structure-explained,https://forskcodingschool.com/blog/search-ads-campaign-structure-explained/,https://forskcodingschool.com/assets/images/blog/search-ads-campaign-structure-explained.webp,https://forskcodingschool.com/assets/images/blog/search-ads-campaign-structure-explained-visual.webp,Search Ads Campaign Structure Explained | Practical Guide fo,"Search Ads Campaign Structure Explained with practical examples, learning steps, common mistakes, projects and career-focused guidance from Forsk Coding Schoo",google ads
383,Google Ads,Keyword Match Types in Google Ads,keyword-match-types-in-google-ads,https://forskcodingschool.com/blog/keyword-match-types-in-google-ads/,https://forskcodingschool.com/assets/images/blog/keyword-match-types-in-google-ads.webp,https://forskcodingschool.com/assets/images/blog/keyword-match-types-in-google-ads-visual.webp,Keyword Match Types in Google Ads | Practical Guide for Begi,"Keyword Match Types in Google Ads with practical examples, learning steps, common mistakes, projects and career-focused guidance from Forsk Coding School in J",google ads
384,Google Ads,Negative Keywords and Better Ad Targeting,negative-keywords-and-better-ad-targeting,https://forskcodingschool.com/blog/negative-keywords-and-better-ad-targeting/,https://forskcodingschool.com/assets/images/blog/negative-keywords-and-better-ad-targeting.webp,https://forskcodingschool.com/assets/images/blog/negative-keywords-and-better-ad-targeting-visual.webp,Negative Keywords and Better Ad Targeting | Practical Guide,"Negative Keywords and Better Ad Targeting with practical examples, learning steps, common mistakes, projects and career-focused guidance from Forsk Coding Sch",google ads
385,Google Ads,Google Ads Quality Score Explained,google-ads-quality-score-explained,https://forskcodingschool.com/blog/google-ads-quality-score-explained/,https://forskcodingschool.com/assets/images/blog/google-ads-quality-score-explained.webp,https://forskcodingschool.com/assets/images/blog/google-ads-quality-score-explained-visual.webp,Google Ads Quality Score Explained | Practical Guide for Beg,"Google Ads Quality Score Explained with practical examples, learning steps, common mistakes, projects and career-focused guidance from Forsk Coding School in",google ads
386,Google Ads,Landing Pages for Google Ads Campaigns,landing-pages-for-google-ads-campaigns,https://forskcodingschool.com/blog/landing-pages-for-google-ads-campaigns/,https://forskcodingschool.com/assets/images/blog/landing-pages-for-google-ads-campaigns.webp,https://forskcodingschool.com/assets/images/blog/landing-pages-for-google-ads-campaigns-visual.webp,Landing Pages for Google Ads Campaigns | Practical Guide for,"Landing Pages for Google Ads Campaigns with practical examples, learning steps, common mistakes, projects and career-focused guidance from Forsk Coding School",google ads
387,Google Ads,Conversion Tracking Basics for Paid Search,conversion-tracking-basics-for-paid-search,https://forskcodingschool.com/blog/conversion-tracking-basics-for-paid-search/,https://forskcodingschool.com/assets/images/blog/conversion-tracking-basics-for-paid-search.webp,https://forskcodingschool.com/assets/images/blog/conversion-tracking-basics-for-paid-search-visual.webp,Conversion Tracking Basics for Paid Search | Practical Guide,"Conversion Tracking Basics for Paid Search with practical examples, learning steps, common mistakes, projects and career-focused guidance from Forsk Coding Sc",google ads
388,Google Ads,Google Ads Budget Planning for Beginners,google-ads-budget-planning-for-beginners,https://forskcodingschool.com/blog/google-ads-budget-planning-for-beginners/,https://forskcodingschool.com/assets/images/blog/google-ads-budget-planning-for-beginners.webp,https://forskcodingschool.com/assets/images/blog/google-ads-budget-planning-for-beginners-visual.webp,Google Ads Budget Planning for Beginners | Practical Guide f,"Google Ads Budget Planning for Beginners with practical examples, learning steps, common mistakes, projects and career-focused guidance from Forsk Coding Scho",google ads
389,Google Ads,Search Campaign Optimization Checklist,search-campaign-optimization-checklist,https://forskcodingschool.com/blog/search-campaign-optimization-checklist/,https://forskcodingschool.com/assets/images/blog/search-campaign-optimization-checklist.webp,https://forskcodingschool.com/assets/images/blog/search-campaign-optimization-checklist-visual.webp,Search Campaign Optimization Checklist | Practical Guide for,"Search Campaign Optimization Checklist with practical examples, learning steps, common mistakes, projects and career-focused guidance from Forsk Coding School",google ads
390,Google Ads,Google Ads Skills Roadmap for Digital Marketers,google-ads-skills-roadmap-for-digital-marketers,https://forskcodingschool.com/blog/google-ads-skills-roadmap-for-digital-marketers/,https://forskcodingschool.com/assets/images/blog/google-ads-skills-roadmap-for-digital-marketers.webp,https://forskcodingschool.com/assets/images/blog/google-ads-skills-roadmap-for-digital-marketers-visual.webp,Google Ads Skills Roadmap for Digital Marketers | Practical,"Google Ads Skills Roadmap for Digital Marketers with practical examples, learning steps, common mistakes, projects and career-focused guidance from Forsk Codi",google ads
391,UI/UX,UI UX Design Fundamentals for Beginners,ui-ux-design-fundamentals-for-beginners,https://forskcodingschool.com/blog/ui-ux-design-fundamentals-for-beginners/,https://forskcodingschool.com/assets/images/blog/ui-ux-design-fundamentals-for-beginners.webp,https://forskcodingschool.com/assets/images/blog/ui-ux-design-fundamentals-for-beginners-visual.webp,UI UX Design Fundamentals for Beginners | Practical Guide fo,"UI UX Design Fundamentals for Beginners with practical examples, learning steps, common mistakes, projects and career-focused guidance from Forsk Coding Schoo",ui ux design
392,UI/UX,User Research Basics for New Designers,user-research-basics-for-new-designers,https://forskcodingschool.com/blog/user-research-basics-for-new-designers/,https://forskcodingschool.com/assets/images/blog/user-research-basics-for-new-designers.webp,https://forskcodingschool.com/assets/images/blog/user-research-basics-for-new-designers-visual.webp,User Research Basics for New Designers | Practical Guide for,"User Research Basics for New Designers with practical examples, learning steps, common mistakes, projects and career-focused guidance from Forsk Coding School",ui ux design
393,UI/UX,Wireframes vs Mockups vs Prototypes,wireframes-vs-mockups-vs-prototypes,https://forskcodingschool.com/blog/wireframes-vs-mockups-vs-prototypes/,https://forskcodingschool.com/assets/images/blog/wireframes-vs-mockups-vs-prototypes.webp,https://forskcodingschool.com/assets/images/blog/wireframes-vs-mockups-vs-prototypes-visual.webp,Wireframes vs Mockups vs Prototypes | Practical Guide for Be,"Wireframes vs Mockups vs Prototypes with practical examples, learning steps, common mistakes, projects and career-focused guidance from Forsk Coding School in",ui ux design
394,UI/UX,UX Information Architecture Explained,ux-information-architecture-explained,https://forskcodingschool.com/blog/ux-information-architecture-explained/,https://forskcodingschool.com/assets/images/blog/ux-information-architecture-explained.webp,https://forskcodingschool.com/assets/images/blog/ux-information-architecture-explained-visual.webp,UX Information Architecture Explained | Practical Guide for,"UX Information Architecture Explained with practical examples, learning steps, common mistakes, projects and career-focused guidance from Forsk Coding School",ui ux design
395,UI/UX,Design Systems and Reusable UI Components,design-systems-and-reusable-ui-components,https://forskcodingschool.com/blog/design-systems-and-reusable-ui-components/,https://forskcodingschool.com/assets/images/blog/design-systems-and-reusable-ui-components.webp,https://forskcodingschool.com/assets/images/blog/design-systems-and-reusable-ui-components-visual.webp,Design Systems and Reusable UI Components | Practical Guide,"Design Systems and Reusable UI Components with practical examples, learning steps, common mistakes, projects and career-focused guidance from Forsk Coding Sch",ui ux design
396,UI/UX,UX Usability Testing Basics,ux-usability-testing-basics,https://forskcodingschool.com/blog/ux-usability-testing-basics/,https://forskcodingschool.com/assets/images/blog/ux-usability-testing-basics.webp,https://forskcodingschool.com/assets/images/blog/ux-usability-testing-basics-visual.webp,UX Usability Testing Basics | Practical Guide for Beginners,"UX Usability Testing Basics with practical examples, learning steps, common mistakes, projects and career-focused guidance from Forsk Coding School in Jaipur",ui ux design
397,UI/UX,UI Design Principles for Clean Interfaces,ui-design-principles-for-clean-interfaces,https://forskcodingschool.com/blog/ui-design-principles-for-clean-interfaces/,https://forskcodingschool.com/assets/images/blog/ui-design-principles-for-clean-interfaces.webp,https://forskcodingschool.com/assets/images/blog/ui-design-principles-for-clean-interfaces-visual.webp,UI Design Principles for Clean Interfaces | Practical Guide,"UI Design Principles for Clean Interfaces with practical examples, learning steps, common mistakes, projects and career-focused guidance from Forsk Coding Sch",ui ux design
398,UI/UX,Accessibility in UI UX Design,accessibility-in-ui-ux-design,https://forskcodingschool.com/blog/accessibility-in-ui-ux-design/,https://forskcodingschool.com/assets/images/blog/accessibility-in-ui-ux-design.webp,https://forskcodingschool.com/assets/images/blog/accessibility-in-ui-ux-design-visual.webp,Accessibility in UI UX Design | Practical Guide for Beginner,"Accessibility in UI UX Design with practical examples, learning steps, common mistakes, projects and career-focused guidance from Forsk Coding School in Jaipu",ui ux design
399,UI/UX,UX Case Study Structure for Portfolios,ux-case-study-structure-for-portfolios,https://forskcodingschool.com/blog/ux-case-study-structure-for-portfolios/,https://forskcodingschool.com/assets/images/blog/ux-case-study-structure-for-portfolios.webp,https://forskcodingschool.com/assets/images/blog/ux-case-study-structure-for-portfolios-visual.webp,UX Case Study Structure for Portfolios | Practical Guide for,"UX Case Study Structure for Portfolios with practical examples, learning steps, common mistakes, projects and career-focused guidance from Forsk Coding School",ui ux design
400,UI/UX,UI UX Career Roadmap for Beginners,ui-ux-career-roadmap-for-beginners,https://forskcodingschool.com/blog/ui-ux-career-roadmap-for-beginners/,https://forskcodingschool.com/assets/images/blog/ui-ux-career-roadmap-for-beginners.webp,https://forskcodingschool.com/assets/images/blog/ui-ux-career-roadmap-for-beginners-visual.webp,UI UX Career Roadmap for Beginners | Practical Guide for Beg,"UI UX Career Roadmap for Beginners with practical examples, learning steps, common mistakes, projects and career-focused guidance from Forsk Coding School in",ui ux design
401,Figma,Figma Basics for Beginners,figma-basics-for-beginners,https://forskcodingschool.com/blog/figma-basics-for-beginners/,https://forskcodingschool.com/assets/images/blog/figma-basics-for-beginners.webp,https://forskcodingschool.com/assets/images/blog/figma-basics-for-beginners-visual.webp,Figma Basics for Beginners | Practical Guide for Beginners,"Figma Basics for Beginners with practical examples, learning steps, common mistakes, projects and career-focused guidance from Forsk Coding School in Jaipur",figma
402,Figma,Figma Auto Layout Explained,figma-auto-layout-explained,https://forskcodingschool.com/blog/figma-auto-layout-explained/,https://forskcodingschool.com/assets/images/blog/figma-auto-layout-explained.webp,https://forskcodingschool.com/assets/images/blog/figma-auto-layout-explained-visual.webp,Figma Auto Layout Explained | Practical Guide for Beginners,"Figma Auto Layout Explained with practical examples, learning steps, common mistakes, projects and career-focused guidance from Forsk Coding School in Jaipur",figma
403,Figma,Figma Components and Variants,figma-components-and-variants,https://forskcodingschool.com/blog/figma-components-and-variants/,https://forskcodingschool.com/assets/images/blog/figma-components-and-variants.webp,https://forskcodingschool.com/assets/images/blog/figma-components-and-variants-visual.webp,Figma Components and Variants | Practical Guide for Beginner,"Figma Components and Variants with practical examples, learning steps, common mistakes, projects and career-focused guidance from Forsk Coding School in Jaipu",figma
404,Figma,Figma Design Systems for Teams,figma-design-systems-for-teams,https://forskcodingschool.com/blog/figma-design-systems-for-teams/,https://forskcodingschool.com/assets/images/blog/figma-design-systems-for-teams.webp,https://forskcodingschool.com/assets/images/blog/figma-design-systems-for-teams-visual.webp,Figma Design Systems for Teams | Practical Guide for Beginne,"Figma Design Systems for Teams with practical examples, learning steps, common mistakes, projects and career-focused guidance from Forsk Coding School in Jaip",figma
405,Figma,Figma Prototyping for UX Projects,figma-prototyping-for-ux-projects,https://forskcodingschool.com/blog/figma-prototyping-for-ux-projects/,https://forskcodingschool.com/assets/images/blog/figma-prototyping-for-ux-projects.webp,https://forskcodingschool.com/assets/images/blog/figma-prototyping-for-ux-projects-visual.webp,Figma Prototyping for UX Projects | Practical Guide for Begi,"Figma Prototyping for UX Projects with practical examples, learning steps, common mistakes, projects and career-focused guidance from Forsk Coding School in J",figma
406,Figma,Figma Wireframing Workflow,figma-wireframing-workflow,https://forskcodingschool.com/blog/figma-wireframing-workflow/,https://forskcodingschool.com/assets/images/blog/figma-wireframing-workflow.webp,https://forskcodingschool.com/assets/images/blog/figma-wireframing-workflow-visual.webp,Figma Wireframing Workflow | Practical Guide for Beginners,"Figma Wireframing Workflow with practical examples, learning steps, common mistakes, projects and career-focused guidance from Forsk Coding School in Jaipur",figma
407,Figma,Figma Variables and Design Tokens,figma-variables-and-design-tokens,https://forskcodingschool.com/blog/figma-variables-and-design-tokens/,https://forskcodingschool.com/assets/images/blog/figma-variables-and-design-tokens.webp,https://forskcodingschool.com/assets/images/blog/figma-variables-and-design-tokens-visual.webp,Figma Variables and Design Tokens | Practical Guide for Begi,"Figma Variables and Design Tokens with practical examples, learning steps, common mistakes, projects and career-focused guidance from Forsk Coding School in J",figma
408,Figma,Figma Collaboration and Developer Handoff,figma-collaboration-and-developer-handoff,https://forskcodingschool.com/blog/figma-collaboration-and-developer-handoff/,https://forskcodingschool.com/assets/images/blog/figma-collaboration-and-developer-handoff.webp,https://forskcodingschool.com/assets/images/blog/figma-collaboration-and-developer-handoff-visual.webp,Figma Collaboration and Developer Handoff | Practical Guide,"Figma Collaboration and Developer Handoff with practical examples, learning steps, common mistakes, projects and career-focused guidance from Forsk Coding Sch",figma
409,Figma,Figma Portfolio Project Ideas,figma-portfolio-project-ideas,https://forskcodingschool.com/blog/figma-portfolio-project-ideas/,https://forskcodingschool.com/assets/images/blog/figma-portfolio-project-ideas.webp,https://forskcodingschool.com/assets/images/blog/figma-portfolio-project-ideas-visual.webp,Figma Portfolio Project Ideas | Practical Guide for Beginner,"Figma Portfolio Project Ideas with practical examples, learning steps, common mistakes, projects and career-focused guidance from Forsk Coding School in Jaipu",figma
410,Figma,Figma Skills Roadmap for UI UX Beginners,figma-skills-roadmap-for-ui-ux-beginners,https://forskcodingschool.com/blog/figma-skills-roadmap-for-ui-ux-beginners/,https://forskcodingschool.com/assets/images/blog/figma-skills-roadmap-for-ui-ux-beginners.webp,https://forskcodingschool.com/assets/images/blog/figma-skills-roadmap-for-ui-ux-beginners-visual.webp,Figma Skills Roadmap for UI UX Beginners | Practical Guide f,"Figma Skills Roadmap for UI UX Beginners with practical examples, learning steps, common mistakes, projects and career-focused guidance from Forsk Coding Scho",figma
411,Flutter,Flutter Basics for Beginners,flutter-basics-for-beginners,https://forskcodingschool.com/blog/flutter-basics-for-beginners/,https://forskcodingschool.com/assets/images/blog/flutter-basics-for-beginners.webp,https://forskcodingschool.com/assets/images/blog/flutter-basics-for-beginners-visual.webp,Flutter Basics for Beginners | Practical Guide for Beginners,"Flutter Basics for Beginners with practical examples, learning steps, common mistakes, projects and career-focused guidance from Forsk Coding School in Jaipur",flutter development
412,Flutter,Dart Fundamentals for Flutter Developers,dart-fundamentals-for-flutter-developers,https://forskcodingschool.com/blog/dart-fundamentals-for-flutter-developers/,https://forskcodingschool.com/assets/images/blog/dart-fundamentals-for-flutter-developers.webp,https://forskcodingschool.com/assets/images/blog/dart-fundamentals-for-flutter-developers-visual.webp,Dart Fundamentals for Flutter Developers | Practical Guide f,"Dart Fundamentals for Flutter Developers with practical examples, learning steps, common mistakes, projects and career-focused guidance from Forsk Coding Scho",flutter development
413,Flutter,Flutter Widget Tree Explained,flutter-widget-tree-explained,https://forskcodingschool.com/blog/flutter-widget-tree-explained/,https://forskcodingschool.com/assets/images/blog/flutter-widget-tree-explained.webp,https://forskcodingschool.com/assets/images/blog/flutter-widget-tree-explained-visual.webp,Flutter Widget Tree Explained | Practical Guide for Beginner,"Flutter Widget Tree Explained with practical examples, learning steps, common mistakes, projects and career-focused guidance from Forsk Coding School in Jaipu",flutter development
414,Flutter,Flutter State Management Concepts,flutter-state-management-concepts,https://forskcodingschool.com/blog/flutter-state-management-concepts/,https://forskcodingschool.com/assets/images/blog/flutter-state-management-concepts.webp,https://forskcodingschool.com/assets/images/blog/flutter-state-management-concepts-visual.webp,Flutter State Management Concepts | Practical Guide for Begi,"Flutter State Management Concepts with practical examples, learning steps, common mistakes, projects and career-focused guidance from Forsk Coding School in J",flutter development
415,Flutter,Flutter Navigation and Routing,flutter-navigation-and-routing,https://forskcodingschool.com/blog/flutter-navigation-and-routing/,https://forskcodingschool.com/assets/images/blog/flutter-navigation-and-routing.webp,https://forskcodingschool.com/assets/images/blog/flutter-navigation-and-routing-visual.webp,Flutter Navigation and Routing | Practical Guide for Beginne,"Flutter Navigation and Routing with practical examples, learning steps, common mistakes, projects and career-focused guidance from Forsk Coding School in Jaip",flutter development
416,Flutter,Flutter Forms and Validation,flutter-forms-and-validation,https://forskcodingschool.com/blog/flutter-forms-and-validation/,https://forskcodingschool.com/assets/images/blog/flutter-forms-and-validation.webp,https://forskcodingschool.com/assets/images/blog/flutter-forms-and-validation-visual.webp,Flutter Forms and Validation | Practical Guide for Beginners,"Flutter Forms and Validation with practical examples, learning steps, common mistakes, projects and career-focused guidance from Forsk Coding School in Jaipur",flutter development
417,Flutter,Flutter REST API Integration,flutter-rest-api-integration,https://forskcodingschool.com/blog/flutter-rest-api-integration/,https://forskcodingschool.com/assets/images/blog/flutter-rest-api-integration.webp,https://forskcodingschool.com/assets/images/blog/flutter-rest-api-integration-visual.webp,Flutter REST API Integration | Practical Guide for Beginners,"Flutter REST API Integration with practical examples, learning steps, common mistakes, projects and career-focused guidance from Forsk Coding School in Jaipur",flutter development
418,Flutter,Flutter Responsive UI for Multiple Screens,flutter-responsive-ui-for-multiple-screens,https://forskcodingschool.com/blog/flutter-responsive-ui-for-multiple-screens/,https://forskcodingschool.com/assets/images/blog/flutter-responsive-ui-for-multiple-screens.webp,https://forskcodingschool.com/assets/images/blog/flutter-responsive-ui-for-multiple-screens-visual.webp,Flutter Responsive UI for Multiple Screens | Practical Guide,"Flutter Responsive UI for Multiple Screens with practical examples, learning steps, common mistakes, projects and career-focused guidance from Forsk Coding Sc",flutter development
419,Flutter,Flutter App Architecture Basics,flutter-app-architecture-basics,https://forskcodingschool.com/blog/flutter-app-architecture-basics/,https://forskcodingschool.com/assets/images/blog/flutter-app-architecture-basics.webp,https://forskcodingschool.com/assets/images/blog/flutter-app-architecture-basics-visual.webp,Flutter App Architecture Basics | Practical Guide for Beginn,"Flutter App Architecture Basics with practical examples, learning steps, common mistakes, projects and career-focused guidance from Forsk Coding School in Jai",flutter development
420,Flutter,Flutter Project Ideas for Beginners,flutter-project-ideas-for-beginners,https://forskcodingschool.com/blog/flutter-project-ideas-for-beginners/,https://forskcodingschool.com/assets/images/blog/flutter-project-ideas-for-beginners.webp,https://forskcodingschool.com/assets/images/blog/flutter-project-ideas-for-beginners-visual.webp,Flutter Project Ideas for Beginners | Practical Guide for Be,"Flutter Project Ideas for Beginners with practical examples, learning steps, common mistakes, projects and career-focused guidance from Forsk Coding School in",flutter development
421,Android,Android Development Basics for Beginners,android-development-basics-for-beginners,https://forskcodingschool.com/blog/android-development-basics-for-beginners/,https://forskcodingschool.com/assets/images/blog/android-development-basics-for-beginners.webp,https://forskcodingschool.com/assets/images/blog/android-development-basics-for-beginners-visual.webp,Android Development Basics for Beginners | Practical Guide f,"Android Development Basics for Beginners with practical examples, learning steps, common mistakes, projects and career-focused guidance from Forsk Coding Scho",android development
422,Android,Kotlin Fundamentals for Android Development,kotlin-fundamentals-for-android-development,https://forskcodingschool.com/blog/kotlin-fundamentals-for-android-development/,https://forskcodingschool.com/assets/images/blog/kotlin-fundamentals-for-android-development.webp,https://forskcodingschool.com/assets/images/blog/kotlin-fundamentals-for-android-development-visual.webp,Kotlin Fundamentals for Android Development | Practical Guid,"Kotlin Fundamentals for Android Development with practical examples, learning steps, common mistakes, projects and career-focused guidance from Forsk Coding S",android development
423,Android,Android Activity and Fragment Concepts,android-activity-and-fragment-concepts,https://forskcodingschool.com/blog/android-activity-and-fragment-concepts/,https://forskcodingschool.com/assets/images/blog/android-activity-and-fragment-concepts.webp,https://forskcodingschool.com/assets/images/blog/android-activity-and-fragment-concepts-visual.webp,Android Activity and Fragment Concepts | Practical Guide for,"Android Activity and Fragment Concepts with practical examples, learning steps, common mistakes, projects and career-focused guidance from Forsk Coding School",android development
424,Android,Android Jetpack Basics,android-jetpack-basics,https://forskcodingschool.com/blog/android-jetpack-basics/,https://forskcodingschool.com/assets/images/blog/android-jetpack-basics.webp,https://forskcodingschool.com/assets/images/blog/android-jetpack-basics-visual.webp,Android Jetpack Basics | Practical Guide for Beginners,"Android Jetpack Basics with practical examples, learning steps, common mistakes, projects and career-focused guidance from Forsk Coding School in Jaipur",android development
425,Android,Android UI Layouts and Responsive Design,android-ui-layouts-and-responsive-design,https://forskcodingschool.com/blog/android-ui-layouts-and-responsive-design/,https://forskcodingschool.com/assets/images/blog/android-ui-layouts-and-responsive-design.webp,https://forskcodingschool.com/assets/images/blog/android-ui-layouts-and-responsive-design-visual.webp,Android UI Layouts and Responsive Design | Practical Guide f,"Android UI Layouts and Responsive Design with practical examples, learning steps, common mistakes, projects and career-focused guidance from Forsk Coding Scho",android development
426,Android,Android REST API Integration,android-rest-api-integration,https://forskcodingschool.com/blog/android-rest-api-integration/,https://forskcodingschool.com/assets/images/blog/android-rest-api-integration.webp,https://forskcodingschool.com/assets/images/blog/android-rest-api-integration-visual.webp,Android REST API Integration | Practical Guide for Beginners,"Android REST API Integration with practical examples, learning steps, common mistakes, projects and career-focused guidance from Forsk Coding School in Jaipur",android development
427,Android,Android Local Storage Options Explained,android-local-storage-options-explained,https://forskcodingschool.com/blog/android-local-storage-options-explained/,https://forskcodingschool.com/assets/images/blog/android-local-storage-options-explained.webp,https://forskcodingschool.com/assets/images/blog/android-local-storage-options-explained-visual.webp,Android Local Storage Options Explained | Practical Guide fo,"Android Local Storage Options Explained with practical examples, learning steps, common mistakes, projects and career-focused guidance from Forsk Coding Schoo",android development
428,Android,Android App Architecture Basics,android-app-architecture-basics,https://forskcodingschool.com/blog/android-app-architecture-basics/,https://forskcodingschool.com/assets/images/blog/android-app-architecture-basics.webp,https://forskcodingschool.com/assets/images/blog/android-app-architecture-basics-visual.webp,Android App Architecture Basics | Practical Guide for Beginn,"Android App Architecture Basics with practical examples, learning steps, common mistakes, projects and career-focused guidance from Forsk Coding School in Jai",android development
429,Android,Android Debugging and Logcat Guide,android-debugging-and-logcat-guide,https://forskcodingschool.com/blog/android-debugging-and-logcat-guide/,https://forskcodingschool.com/assets/images/blog/android-debugging-and-logcat-guide.webp,https://forskcodingschool.com/assets/images/blog/android-debugging-and-logcat-guide-visual.webp,Android Debugging and Logcat Guide | Practical Guide for Beg,"Android Debugging and Logcat Guide with practical examples, learning steps, common mistakes, projects and career-focused guidance from Forsk Coding School in",android development
430,Android,Android Developer Career Roadmap,android-developer-career-roadmap,https://forskcodingschool.com/blog/android-developer-career-roadmap/,https://forskcodingschool.com/assets/images/blog/android-developer-career-roadmap.webp,https://forskcodingschool.com/assets/images/blog/android-developer-career-roadmap-visual.webp,Android Developer Career Roadmap | Practical Guide for Begin,"Android Developer Career Roadmap with practical examples, learning steps, common mistakes, projects and career-focused guidance from Forsk Coding School in Ja",android development
431,WordPress,WordPress Development Basics for Beginners,wordpress-development-basics-for-beginners,https://forskcodingschool.com/blog/wordpress-development-basics-for-beginners/,https://forskcodingschool.com/assets/images/blog/wordpress-development-basics-for-beginners.webp,https://forskcodingschool.com/assets/images/blog/wordpress-development-basics-for-beginners-visual.webp,WordPress Development Basics for Beginners | Practical Guide,"WordPress Development Basics for Beginners with practical examples, learning steps, common mistakes, projects and career-focused guidance from Forsk Coding Sc",wordpress development
432,WordPress,WordPress Theme vs Plugin Development,wordpress-theme-vs-plugin-development,https://forskcodingschool.com/blog/wordpress-theme-vs-plugin-development/,https://forskcodingschool.com/assets/images/blog/wordpress-theme-vs-plugin-development.webp,https://forskcodingschool.com/assets/images/blog/wordpress-theme-vs-plugin-development-visual.webp,WordPress Theme vs Plugin Development | Practical Guide for,"WordPress Theme vs Plugin Development with practical examples, learning steps, common mistakes, projects and career-focused guidance from Forsk Coding School",wordpress development
433,WordPress,WordPress Custom Post Types Explained,wordpress-custom-post-types-explained,https://forskcodingschool.com/blog/wordpress-custom-post-types-explained/,https://forskcodingschool.com/assets/images/blog/wordpress-custom-post-types-explained.webp,https://forskcodingschool.com/assets/images/blog/wordpress-custom-post-types-explained-visual.webp,WordPress Custom Post Types Explained | Practical Guide for,"WordPress Custom Post Types Explained with practical examples, learning steps, common mistakes, projects and career-focused guidance from Forsk Coding School",wordpress development
434,WordPress,WordPress Hooks: Actions and Filters,wordpress-hooks-actions-and-filters,https://forskcodingschool.com/blog/wordpress-hooks-actions-and-filters/,https://forskcodingschool.com/assets/images/blog/wordpress-hooks-actions-and-filters.webp,https://forskcodingschool.com/assets/images/blog/wordpress-hooks-actions-and-filters-visual.webp,WordPress Hooks: Actions and Filters | Practical Guide for B,"WordPress Hooks: Actions and Filters with practical examples, learning steps, common mistakes, projects and career-focused guidance from Forsk Coding School i",wordpress development
435,WordPress,WordPress Template Hierarchy Explained,wordpress-template-hierarchy-explained,https://forskcodingschool.com/blog/wordpress-template-hierarchy-explained/,https://forskcodingschool.com/assets/images/blog/wordpress-template-hierarchy-explained.webp,https://forskcodingschool.com/assets/images/blog/wordpress-template-hierarchy-explained-visual.webp,WordPress Template Hierarchy Explained | Practical Guide for,"WordPress Template Hierarchy Explained with practical examples, learning steps, common mistakes, projects and career-focused guidance from Forsk Coding School",wordpress development
436,WordPress,WordPress Website Performance Optimization,wordpress-website-performance-optimization,https://forskcodingschool.com/blog/wordpress-website-performance-optimization/,https://forskcodingschool.com/assets/images/blog/wordpress-website-performance-optimization.webp,https://forskcodingschool.com/assets/images/blog/wordpress-website-performance-optimization-visual.webp,WordPress Website Performance Optimization | Practical Guide,"WordPress Website Performance Optimization with practical examples, learning steps, common mistakes, projects and career-focused guidance from Forsk Coding Sc",wordpress development
437,WordPress,WordPress Security Checklist for Developers,wordpress-security-checklist-for-developers,https://forskcodingschool.com/blog/wordpress-security-checklist-for-developers/,https://forskcodingschool.com/assets/images/blog/wordpress-security-checklist-for-developers.webp,https://forskcodingschool.com/assets/images/blog/wordpress-security-checklist-for-developers-visual.webp,WordPress Security Checklist for Developers | Practical Guid,"WordPress Security Checklist for Developers with practical examples, learning steps, common mistakes, projects and career-focused guidance from Forsk Coding S",wordpress development
438,WordPress,WordPress SEO Setup for New Websites,wordpress-seo-setup-for-new-websites,https://forskcodingschool.com/blog/wordpress-seo-setup-for-new-websites/,https://forskcodingschool.com/assets/images/blog/wordpress-seo-setup-for-new-websites.webp,https://forskcodingschool.com/assets/images/blog/wordpress-seo-setup-for-new-websites-visual.webp,WordPress SEO Setup for New Websites | Practical Guide for B,"WordPress SEO Setup for New Websites with practical examples, learning steps, common mistakes, projects and career-focused guidance from Forsk Coding School i",wordpress development
439,WordPress,WordPress Custom PHP Development Basics,wordpress-custom-php-development-basics,https://forskcodingschool.com/blog/wordpress-custom-php-development-basics/,https://forskcodingschool.com/assets/images/blog/wordpress-custom-php-development-basics.webp,https://forskcodingschool.com/assets/images/blog/wordpress-custom-php-development-basics-visual.webp,WordPress Custom PHP Development Basics | Practical Guide fo,"WordPress Custom PHP Development Basics with practical examples, learning steps, common mistakes, projects and career-focused guidance from Forsk Coding Schoo",wordpress development
440,WordPress,WordPress Developer Career Roadmap,wordpress-developer-career-roadmap,https://forskcodingschool.com/blog/wordpress-developer-career-roadmap/,https://forskcodingschool.com/assets/images/blog/wordpress-developer-career-roadmap.webp,https://forskcodingschool.com/assets/images/blog/wordpress-developer-career-roadmap-visual.webp,WordPress Developer Career Roadmap | Practical Guide for Beg,"WordPress Developer Career Roadmap with practical examples, learning steps, common mistakes, projects and career-focused guidance from Forsk Coding School in",wordpress development
441,Laravel,Laravel Basics for Beginners,laravel-basics-for-beginners,https://forskcodingschool.com/blog/laravel-basics-for-beginners/,https://forskcodingschool.com/assets/images/blog/laravel-basics-for-beginners.webp,https://forskcodingschool.com/assets/images/blog/laravel-basics-for-beginners-visual.webp,Laravel Basics for Beginners | Practical Guide for Beginners,"Laravel Basics for Beginners with practical examples, learning steps, common mistakes, projects and career-focused guidance from Forsk Coding School in Jaipur",laravel development
442,Laravel,Laravel Routing and Controllers Explained,laravel-routing-and-controllers-explained,https://forskcodingschool.com/blog/laravel-routing-and-controllers-explained/,https://forskcodingschool.com/assets/images/blog/laravel-routing-and-controllers-explained.webp,https://forskcodingschool.com/assets/images/blog/laravel-routing-and-controllers-explained-visual.webp,Laravel Routing and Controllers Explained | Practical Guide,"Laravel Routing and Controllers Explained with practical examples, learning steps, common mistakes, projects and career-focused guidance from Forsk Coding Sch",laravel development
443,Laravel,Laravel Blade Templates for Clean Views,laravel-blade-templates-for-clean-views,https://forskcodingschool.com/blog/laravel-blade-templates-for-clean-views/,https://forskcodingschool.com/assets/images/blog/laravel-blade-templates-for-clean-views.webp,https://forskcodingschool.com/assets/images/blog/laravel-blade-templates-for-clean-views-visual.webp,Laravel Blade Templates for Clean Views | Practical Guide fo,"Laravel Blade Templates for Clean Views with practical examples, learning steps, common mistakes, projects and career-focused guidance from Forsk Coding Schoo",laravel development
444,Laravel,Laravel Eloquent ORM Fundamentals,laravel-eloquent-orm-fundamentals,https://forskcodingschool.com/blog/laravel-eloquent-orm-fundamentals/,https://forskcodingschool.com/assets/images/blog/laravel-eloquent-orm-fundamentals.webp,https://forskcodingschool.com/assets/images/blog/laravel-eloquent-orm-fundamentals-visual.webp,Laravel Eloquent ORM Fundamentals | Practical Guide for Begi,"Laravel Eloquent ORM Fundamentals with practical examples, learning steps, common mistakes, projects and career-focused guidance from Forsk Coding School in J",laravel development
445,Laravel,Laravel Migrations and Database Design,laravel-migrations-and-database-design,https://forskcodingschool.com/blog/laravel-migrations-and-database-design/,https://forskcodingschool.com/assets/images/blog/laravel-migrations-and-database-design.webp,https://forskcodingschool.com/assets/images/blog/laravel-migrations-and-database-design-visual.webp,Laravel Migrations and Database Design | Practical Guide for,"Laravel Migrations and Database Design with practical examples, learning steps, common mistakes, projects and career-focused guidance from Forsk Coding School",laravel development
446,Laravel,Laravel Form Validation Best Practices,laravel-form-validation-best-practices,https://forskcodingschool.com/blog/laravel-form-validation-best-practices/,https://forskcodingschool.com/assets/images/blog/laravel-form-validation-best-practices.webp,https://forskcodingschool.com/assets/images/blog/laravel-form-validation-best-practices-visual.webp,Laravel Form Validation Best Practices | Practical Guide for,"Laravel Form Validation Best Practices with practical examples, learning steps, common mistakes, projects and career-focused guidance from Forsk Coding School",laravel development
447,Laravel,Laravel Middleware Explained,laravel-middleware-explained,https://forskcodingschool.com/blog/laravel-middleware-explained/,https://forskcodingschool.com/assets/images/blog/laravel-middleware-explained.webp,https://forskcodingschool.com/assets/images/blog/laravel-middleware-explained-visual.webp,Laravel Middleware Explained | Practical Guide for Beginners,"Laravel Middleware Explained with practical examples, learning steps, common mistakes, projects and career-focused guidance from Forsk Coding School in Jaipur",laravel development
448,Laravel,Laravel Authentication Concepts,laravel-authentication-concepts,https://forskcodingschool.com/blog/laravel-authentication-concepts/,https://forskcodingschool.com/assets/images/blog/laravel-authentication-concepts.webp,https://forskcodingschool.com/assets/images/blog/laravel-authentication-concepts-visual.webp,Laravel Authentication Concepts | Practical Guide for Beginn,"Laravel Authentication Concepts with practical examples, learning steps, common mistakes, projects and career-focused guidance from Forsk Coding School in Jai",laravel development
449,Laravel,Laravel REST API Development Basics,laravel-rest-api-development-basics,https://forskcodingschool.com/blog/laravel-rest-api-development-basics/,https://forskcodingschool.com/assets/images/blog/laravel-rest-api-development-basics.webp,https://forskcodingschool.com/assets/images/blog/laravel-rest-api-development-basics-visual.webp,Laravel REST API Development Basics | Practical Guide for Be,"Laravel REST API Development Basics with practical examples, learning steps, common mistakes, projects and career-focused guidance from Forsk Coding School in",laravel development
450,Laravel,Laravel Project Structure for Scalable Apps,laravel-project-structure-for-scalable-apps,https://forskcodingschool.com/blog/laravel-project-structure-for-scalable-apps/,https://forskcodingschool.com/assets/images/blog/laravel-project-structure-for-scalable-apps.webp,https://forskcodingschool.com/assets/images/blog/laravel-project-structure-for-scalable-apps-visual.webp,Laravel Project Structure for Scalable Apps | Practical Guid,"Laravel Project Structure for Scalable Apps with practical examples, learning steps, common mistakes, projects and career-focused guidance from Forsk Coding S",laravel development
451,Spring Boot,Spring Boot Basics for Beginners,spring-boot-basics-for-beginners,https://forskcodingschool.com/blog/spring-boot-basics-for-beginners/,https://forskcodingschool.com/assets/images/blog/spring-boot-basics-for-beginners.webp,https://forskcodingschool.com/assets/images/blog/spring-boot-basics-for-beginners-visual.webp,Spring Boot Basics for Beginners | Practical Guide for Begin,"Spring Boot Basics for Beginners with practical examples, learning steps, common mistakes, projects and career-focused guidance from Forsk Coding School in Ja",spring boot
452,Spring Boot,Spring Boot Project Structure Explained,spring-boot-project-structure-explained,https://forskcodingschool.com/blog/spring-boot-project-structure-explained/,https://forskcodingschool.com/assets/images/blog/spring-boot-project-structure-explained.webp,https://forskcodingschool.com/assets/images/blog/spring-boot-project-structure-explained-visual.webp,Spring Boot Project Structure Explained | Practical Guide fo,"Spring Boot Project Structure Explained with practical examples, learning steps, common mistakes, projects and career-focused guidance from Forsk Coding Schoo",spring boot
453,Spring Boot,Spring Boot REST APIs from Scratch,spring-boot-rest-apis-from-scratch,https://forskcodingschool.com/blog/spring-boot-rest-apis-from-scratch/,https://forskcodingschool.com/assets/images/blog/spring-boot-rest-apis-from-scratch.webp,https://forskcodingschool.com/assets/images/blog/spring-boot-rest-apis-from-scratch-visual.webp,Spring Boot REST APIs from Scratch | Practical Guide for Beg,"Spring Boot REST APIs from Scratch with practical examples, learning steps, common mistakes, projects and career-focused guidance from Forsk Coding School in",spring boot
454,Spring Boot,Spring Boot Dependency Injection Explained,spring-boot-dependency-injection-explained,https://forskcodingschool.com/blog/spring-boot-dependency-injection-explained/,https://forskcodingschool.com/assets/images/blog/spring-boot-dependency-injection-explained.webp,https://forskcodingschool.com/assets/images/blog/spring-boot-dependency-injection-explained-visual.webp,Spring Boot Dependency Injection Explained | Practical Guide,"Spring Boot Dependency Injection Explained with practical examples, learning steps, common mistakes, projects and career-focused guidance from Forsk Coding Sc",spring boot
455,Spring Boot,Spring Boot JPA and Database Integration,spring-boot-jpa-and-database-integration,https://forskcodingschool.com/blog/spring-boot-jpa-and-database-integration/,https://forskcodingschool.com/assets/images/blog/spring-boot-jpa-and-database-integration.webp,https://forskcodingschool.com/assets/images/blog/spring-boot-jpa-and-database-integration-visual.webp,Spring Boot JPA and Database Integration | Practical Guide f,"Spring Boot JPA and Database Integration with practical examples, learning steps, common mistakes, projects and career-focused guidance from Forsk Coding Scho",spring boot
456,Spring Boot,Spring Boot Validation and Error Handling,spring-boot-validation-and-error-handling,https://forskcodingschool.com/blog/spring-boot-validation-and-error-handling/,https://forskcodingschool.com/assets/images/blog/spring-boot-validation-and-error-handling.webp,https://forskcodingschool.com/assets/images/blog/spring-boot-validation-and-error-handling-visual.webp,Spring Boot Validation and Error Handling | Practical Guide,"Spring Boot Validation and Error Handling with practical examples, learning steps, common mistakes, projects and career-focused guidance from Forsk Coding Sch",spring boot
457,Spring Boot,Spring Boot Profiles and Configuration,spring-boot-profiles-and-configuration,https://forskcodingschool.com/blog/spring-boot-profiles-and-configuration/,https://forskcodingschool.com/assets/images/blog/spring-boot-profiles-and-configuration.webp,https://forskcodingschool.com/assets/images/blog/spring-boot-profiles-and-configuration-visual.webp,Spring Boot Profiles and Configuration | Practical Guide for,"Spring Boot Profiles and Configuration with practical examples, learning steps, common mistakes, projects and career-focused guidance from Forsk Coding School",spring boot
458,Spring Boot,Spring Boot Security Fundamentals,spring-boot-security-fundamentals,https://forskcodingschool.com/blog/spring-boot-security-fundamentals/,https://forskcodingschool.com/assets/images/blog/spring-boot-security-fundamentals.webp,https://forskcodingschool.com/assets/images/blog/spring-boot-security-fundamentals-visual.webp,Spring Boot Security Fundamentals | Practical Guide for Begi,"Spring Boot Security Fundamentals with practical examples, learning steps, common mistakes, projects and career-focused guidance from Forsk Coding School in J",spring boot
459,Spring Boot,Spring Boot Testing Basics,spring-boot-testing-basics,https://forskcodingschool.com/blog/spring-boot-testing-basics/,https://forskcodingschool.com/assets/images/blog/spring-boot-testing-basics.webp,https://forskcodingschool.com/assets/images/blog/spring-boot-testing-basics-visual.webp,Spring Boot Testing Basics | Practical Guide for Beginners,"Spring Boot Testing Basics with practical examples, learning steps, common mistakes, projects and career-focused guidance from Forsk Coding School in Jaipur",spring boot
460,Spring Boot,Spring Boot Project Ideas for Java Developers,spring-boot-project-ideas-for-java-developers,https://forskcodingschool.com/blog/spring-boot-project-ideas-for-java-developers/,https://forskcodingschool.com/assets/images/blog/spring-boot-project-ideas-for-java-developers.webp,https://forskcodingschool.com/assets/images/blog/spring-boot-project-ideas-for-java-developers-visual.webp,Spring Boot Project Ideas for Java Developers | Practical Gu,"Spring Boot Project Ideas for Java Developers with practical examples, learning steps, common mistakes, projects and career-focused guidance from Forsk Coding",spring boot
461,REST APIs,REST API Fundamentals for Beginners,rest-api-fundamentals-for-beginners,https://forskcodingschool.com/blog/rest-api-fundamentals-for-beginners/,https://forskcodingschool.com/assets/images/blog/rest-api-fundamentals-for-beginners.webp,https://forskcodingschool.com/assets/images/blog/rest-api-fundamentals-for-beginners-visual.webp,REST API Fundamentals for Beginners | Practical Guide for Be,"REST API Fundamentals for Beginners with practical examples, learning steps, common mistakes, projects and career-focused guidance from Forsk Coding School in",rest api development
462,REST APIs,HTTP Methods in REST APIs Explained,http-methods-in-rest-apis-explained,https://forskcodingschool.com/blog/http-methods-in-rest-apis-explained/,https://forskcodingschool.com/assets/images/blog/http-methods-in-rest-apis-explained.webp,https://forskcodingschool.com/assets/images/blog/http-methods-in-rest-apis-explained-visual.webp,HTTP Methods in REST APIs Explained | Practical Guide for Be,"HTTP Methods in REST APIs Explained with practical examples, learning steps, common mistakes, projects and career-focused guidance from Forsk Coding School in",rest api development
463,REST APIs,HTTP Status Codes Every API Developer Should Know,http-status-codes-every-api-developer-should-know,https://forskcodingschool.com/blog/http-status-codes-every-api-developer-should-know/,https://forskcodingschool.com/assets/images/blog/http-status-codes-every-api-developer-should-know.webp,https://forskcodingschool.com/assets/images/blog/http-status-codes-every-api-developer-should-know-visual.webp,HTTP Status Codes Every API Developer Should Know | Practica,"HTTP Status Codes Every API Developer Should Know with practical examples, learning steps, common mistakes, projects and career-focused guidance from Forsk Co",rest api development
464,REST APIs,API Request and Response Design Best Practices,api-request-and-response-design-best-practices,https://forskcodingschool.com/blog/api-request-and-response-design-best-practices/,https://forskcodingschool.com/assets/images/blog/api-request-and-response-design-best-practices.webp,https://forskcodingschool.com/assets/images/blog/api-request-and-response-design-best-practices-visual.webp,API Request and Response Design Best Practices | Practical G,"API Request and Response Design Best Practices with practical examples, learning steps, common mistakes, projects and career-focused guidance from Forsk Codin",rest api development
465,REST APIs,REST API Authentication Patterns,rest-api-authentication-patterns,https://forskcodingschool.com/blog/rest-api-authentication-patterns/,https://forskcodingschool.com/assets/images/blog/rest-api-authentication-patterns.webp,https://forskcodingschool.com/assets/images/blog/rest-api-authentication-patterns-visual.webp,REST API Authentication Patterns | Practical Guide for Begin,"REST API Authentication Patterns with practical examples, learning steps, common mistakes, projects and career-focused guidance from Forsk Coding School in Ja",rest api development
466,REST APIs,API Pagination Filtering and Sorting,api-pagination-filtering-and-sorting,https://forskcodingschool.com/blog/api-pagination-filtering-and-sorting/,https://forskcodingschool.com/assets/images/blog/api-pagination-filtering-and-sorting.webp,https://forskcodingschool.com/assets/images/blog/api-pagination-filtering-and-sorting-visual.webp,API Pagination Filtering and Sorting | Practical Guide for B,"API Pagination Filtering and Sorting with practical examples, learning steps, common mistakes, projects and career-focused guidance from Forsk Coding School i",rest api development
467,REST APIs,API Versioning Strategies,api-versioning-strategies,https://forskcodingschool.com/blog/api-versioning-strategies/,https://forskcodingschool.com/assets/images/blog/api-versioning-strategies.webp,https://forskcodingschool.com/assets/images/blog/api-versioning-strategies-visual.webp,API Versioning Strategies | Practical Guide for Beginners,"API Versioning Strategies with practical examples, learning steps, common mistakes, projects and career-focused guidance from Forsk Coding School in Jaipur",rest api development
468,REST APIs,API Error Response Design,api-error-response-design,https://forskcodingschool.com/blog/api-error-response-design/,https://forskcodingschool.com/assets/images/blog/api-error-response-design.webp,https://forskcodingschool.com/assets/images/blog/api-error-response-design-visual.webp,API Error Response Design | Practical Guide for Beginners,"API Error Response Design with practical examples, learning steps, common mistakes, projects and career-focused guidance from Forsk Coding School in Jaipur",rest api development
469,REST APIs,API Documentation with OpenAPI Basics,api-documentation-with-openapi-basics,https://forskcodingschool.com/blog/api-documentation-with-openapi-basics/,https://forskcodingschool.com/assets/images/blog/api-documentation-with-openapi-basics.webp,https://forskcodingschool.com/assets/images/blog/api-documentation-with-openapi-basics-visual.webp,API Documentation with OpenAPI Basics | Practical Guide for,"API Documentation with OpenAPI Basics with practical examples, learning steps, common mistakes, projects and career-focused guidance from Forsk Coding School",rest api development
470,REST APIs,REST API Testing Workflow,rest-api-testing-workflow,https://forskcodingschool.com/blog/rest-api-testing-workflow/,https://forskcodingschool.com/assets/images/blog/rest-api-testing-workflow.webp,https://forskcodingschool.com/assets/images/blog/rest-api-testing-workflow-visual.webp,REST API Testing Workflow | Practical Guide for Beginners,"REST API Testing Workflow with practical examples, learning steps, common mistakes, projects and career-focused guidance from Forsk Coding School in Jaipur",rest api development
471,System Design,System Design Basics for Beginners,system-design-basics-for-beginners,https://forskcodingschool.com/blog/system-design-basics-for-beginners/,https://forskcodingschool.com/assets/images/blog/system-design-basics-for-beginners.webp,https://forskcodingschool.com/assets/images/blog/system-design-basics-for-beginners-visual.webp,System Design Basics for Beginners | Practical Guide for Beg,"System Design Basics for Beginners with practical examples, learning steps, common mistakes, projects and career-focused guidance from Forsk Coding School in",system design
472,System Design,Scalability Concepts Every Developer Should Know,scalability-concepts-every-developer-should-know,https://forskcodingschool.com/blog/scalability-concepts-every-developer-should-know/,https://forskcodingschool.com/assets/images/blog/scalability-concepts-every-developer-should-know.webp,https://forskcodingschool.com/assets/images/blog/scalability-concepts-every-developer-should-know-visual.webp,Scalability Concepts Every Developer Should Know | Practical,"Scalability Concepts Every Developer Should Know with practical examples, learning steps, common mistakes, projects and career-focused guidance from Forsk Cod",system design
473,System Design,Load Balancing Explained with Web Examples,load-balancing-explained-with-web-examples,https://forskcodingschool.com/blog/load-balancing-explained-with-web-examples/,https://forskcodingschool.com/assets/images/blog/load-balancing-explained-with-web-examples.webp,https://forskcodingschool.com/assets/images/blog/load-balancing-explained-with-web-examples-visual.webp,Load Balancing Explained with Web Examples | Practical Guide,"Load Balancing Explained with Web Examples with practical examples, learning steps, common mistakes, projects and career-focused guidance from Forsk Coding Sc",system design
474,System Design,Caching Strategies for Modern Applications,caching-strategies-for-modern-applications,https://forskcodingschool.com/blog/caching-strategies-for-modern-applications/,https://forskcodingschool.com/assets/images/blog/caching-strategies-for-modern-applications.webp,https://forskcodingschool.com/assets/images/blog/caching-strategies-for-modern-applications-visual.webp,Caching Strategies for Modern Applications | Practical Guide,"Caching Strategies for Modern Applications with practical examples, learning steps, common mistakes, projects and career-focused guidance from Forsk Coding Sc",system design
475,System Design,Database Scaling Basics,database-scaling-basics,https://forskcodingschool.com/blog/database-scaling-basics/,https://forskcodingschool.com/assets/images/blog/database-scaling-basics.webp,https://forskcodingschool.com/assets/images/blog/database-scaling-basics-visual.webp,Database Scaling Basics | Practical Guide for Beginners,"Database Scaling Basics with practical examples, learning steps, common mistakes, projects and career-focused guidance from Forsk Coding School in Jaipur",system design
476,System Design,Horizontal vs Vertical Scaling,horizontal-vs-vertical-scaling,https://forskcodingschool.com/blog/horizontal-vs-vertical-scaling/,https://forskcodingschool.com/assets/images/blog/horizontal-vs-vertical-scaling.webp,https://forskcodingschool.com/assets/images/blog/horizontal-vs-vertical-scaling-visual.webp,Horizontal vs Vertical Scaling | Practical Guide for Beginne,"Horizontal vs Vertical Scaling with practical examples, learning steps, common mistakes, projects and career-focused guidance from Forsk Coding School in Jaip",system design
477,System Design,Message Queues and Asynchronous Architecture,message-queues-and-asynchronous-architecture,https://forskcodingschool.com/blog/message-queues-and-asynchronous-architecture/,https://forskcodingschool.com/assets/images/blog/message-queues-and-asynchronous-architecture.webp,https://forskcodingschool.com/assets/images/blog/message-queues-and-asynchronous-architecture-visual.webp,Message Queues and Asynchronous Architecture | Practical Gui,"Message Queues and Asynchronous Architecture with practical examples, learning steps, common mistakes, projects and career-focused guidance from Forsk Coding",system design
478,System Design,Microservices vs Monolith Architecture,microservices-vs-monolith-architecture,https://forskcodingschool.com/blog/microservices-vs-monolith-architecture/,https://forskcodingschool.com/assets/images/blog/microservices-vs-monolith-architecture.webp,https://forskcodingschool.com/assets/images/blog/microservices-vs-monolith-architecture-visual.webp,Microservices vs Monolith Architecture | Practical Guide for,"Microservices vs Monolith Architecture with practical examples, learning steps, common mistakes, projects and career-focused guidance from Forsk Coding School",system design
479,System Design,High Availability and Fault Tolerance,high-availability-and-fault-tolerance,https://forskcodingschool.com/blog/high-availability-and-fault-tolerance/,https://forskcodingschool.com/assets/images/blog/high-availability-and-fault-tolerance.webp,https://forskcodingschool.com/assets/images/blog/high-availability-and-fault-tolerance-visual.webp,High Availability and Fault Tolerance | Practical Guide for,"High Availability and Fault Tolerance with practical examples, learning steps, common mistakes, projects and career-focused guidance from Forsk Coding School",system design
480,System Design,System Design Interview Preparation Roadmap,system-design-interview-preparation-roadmap,https://forskcodingschool.com/blog/system-design-interview-preparation-roadmap/,https://forskcodingschool.com/assets/images/blog/system-design-interview-preparation-roadmap.webp,https://forskcodingschool.com/assets/images/blog/system-design-interview-preparation-roadmap-visual.webp,System Design Interview Preparation Roadmap | Practical Guid,"System Design Interview Preparation Roadmap with practical examples, learning steps, common mistakes, projects and career-focused guidance from Forsk Coding S",system design
481,Career,How to Build a Software Developer Learning Plan,how-to-build-a-software-developer-learning-plan,https://forskcodingschool.com/blog/how-to-build-a-software-developer-learning-plan/,https://forskcodingschool.com/assets/images/blog/how-to-build-a-software-developer-learning-plan.webp,https://forskcodingschool.com/assets/images/blog/how-to-build-a-software-developer-learning-plan-visual.webp,How to Build a Software Developer Learning Plan | Practical,"How to Build a Software Developer Learning Plan with practical examples, learning steps, common mistakes, projects and career-focused guidance from Forsk Codi",IT career
482,Career,Programming Roadmap for Students After Graduation,programming-roadmap-for-students-after-graduation,https://forskcodingschool.com/blog/programming-roadmap-for-students-after-graduation/,https://forskcodingschool.com/assets/images/blog/programming-roadmap-for-students-after-graduation.webp,https://forskcodingschool.com/assets/images/blog/programming-roadmap-for-students-after-graduation-visual.webp,Programming Roadmap for Students After Graduation | Practica,"Programming Roadmap for Students After Graduation with practical examples, learning steps, common mistakes, projects and career-focused guidance from Forsk Co",IT career
483,Career,How to Choose an IT Course in Jaipur,how-to-choose-an-it-course-in-jaipur,https://forskcodingschool.com/blog/how-to-choose-an-it-course-in-jaipur/,https://forskcodingschool.com/assets/images/blog/how-to-choose-an-it-course-in-jaipur.webp,https://forskcodingschool.com/assets/images/blog/how-to-choose-an-it-course-in-jaipur-visual.webp,How to Choose an IT Course in Jaipur | Practical Guide for B,"How to Choose an IT Course in Jaipur with practical examples, learning steps, common mistakes, projects and career-focused guidance from Forsk Coding School i",IT career
484,Career,Developer Portfolio Checklist for Freshers,developer-portfolio-checklist-for-freshers,https://forskcodingschool.com/blog/developer-portfolio-checklist-for-freshers/,https://forskcodingschool.com/assets/images/blog/developer-portfolio-checklist-for-freshers.webp,https://forskcodingschool.com/assets/images/blog/developer-portfolio-checklist-for-freshers-visual.webp,Developer Portfolio Checklist for Freshers | Practical Guide,"Developer Portfolio Checklist for Freshers with practical examples, learning steps, common mistakes, projects and career-focused guidance from Forsk Coding Sc",IT career
485,Career,Resume Projects That Help Junior Developers,resume-projects-that-help-junior-developers,https://forskcodingschool.com/blog/resume-projects-that-help-junior-developers/,https://forskcodingschool.com/assets/images/blog/resume-projects-that-help-junior-developers.webp,https://forskcodingschool.com/assets/images/blog/resume-projects-that-help-junior-developers-visual.webp,Resume Projects That Help Junior Developers | Practical Guid,"Resume Projects That Help Junior Developers with practical examples, learning steps, common mistakes, projects and career-focused guidance from Forsk Coding S",IT career
486,Career,How to Prepare for a Coding Interview,how-to-prepare-for-a-coding-interview,https://forskcodingschool.com/blog/how-to-prepare-for-a-coding-interview/,https://forskcodingschool.com/assets/images/blog/how-to-prepare-for-a-coding-interview.webp,https://forskcodingschool.com/assets/images/blog/how-to-prepare-for-a-coding-interview-visual.webp,How to Prepare for a Coding Interview | Practical Guide for,"How to Prepare for a Coding Interview with practical examples, learning steps, common mistakes, projects and career-focused guidance from Forsk Coding School",IT career
487,Career,Technical Interview Mistakes Freshers Should Avoid,technical-interview-mistakes-freshers-should-avoid,https://forskcodingschool.com/blog/technical-interview-mistakes-freshers-should-avoid/,https://forskcodingschool.com/assets/images/blog/technical-interview-mistakes-freshers-should-avoid.webp,https://forskcodingschool.com/assets/images/blog/technical-interview-mistakes-freshers-should-avoid-visual.webp,Technical Interview Mistakes Freshers Should Avoid | Practic,"Technical Interview Mistakes Freshers Should Avoid with practical examples, learning steps, common mistakes, projects and career-focused guidance from Forsk C",IT career
488,Career,How to Get Your First Software Internship,how-to-get-your-first-software-internship,https://forskcodingschool.com/blog/how-to-get-your-first-software-internship/,https://forskcodingschool.com/assets/images/blog/how-to-get-your-first-software-internship.webp,https://forskcodingschool.com/assets/images/blog/how-to-get-your-first-software-internship-visual.webp,How to Get Your First Software Internship | Practical Guide,"How to Get Your First Software Internship with practical examples, learning steps, common mistakes, projects and career-focused guidance from Forsk Coding Sch",IT career
489,Career,Upskilling Plan for Working IT Professionals,upskilling-plan-for-working-it-professionals,https://forskcodingschool.com/blog/upskilling-plan-for-working-it-professionals/,https://forskcodingschool.com/assets/images/blog/upskilling-plan-for-working-it-professionals.webp,https://forskcodingschool.com/assets/images/blog/upskilling-plan-for-working-it-professionals-visual.webp,Upskilling Plan for Working IT Professionals | Practical Gui,"Upskilling Plan for Working IT Professionals with practical examples, learning steps, common mistakes, projects and career-focused guidance from Forsk Coding",IT career
490,Career,IT Career Roadmap: From Beginner to Job Ready,it-career-roadmap-from-beginner-to-job-ready,https://forskcodingschool.com/blog/it-career-roadmap-from-beginner-to-job-ready/,https://forskcodingschool.com/assets/images/blog/it-career-roadmap-from-beginner-to-job-ready.webp,https://forskcodingschool.com/assets/images/blog/it-career-roadmap-from-beginner-to-job-ready-visual.webp,IT Career Roadmap: From Beginner to Job Ready | Practical Gu,"IT Career Roadmap: From Beginner to Job Ready with practical examples, learning steps, common mistakes, projects and career-focused guidance from Forsk Coding",IT career
491,Web Performance,Website Performance Optimization Basics for Developers,website-performance-optimization-basics-for-developers,https://forskcodingschool.com/blog/website-performance-optimization-basics-for-developers/,https://forskcodingschool.com/assets/images/blog/website-performance-optimization-basics-for-developers.webp,https://forskcodingschool.com/assets/images/blog/website-performance-optimization-basics-for-developers-visual.webp,Website Performance Optimization Basics for Developers | Pra,"Website Performance Optimization Basics for Developers with practical examples, learning steps, common mistakes, projects and career-focused guidance from For",website performance
492,Web Performance,Core Web Vitals Explained for Website Owners,core-web-vitals-explained-for-website-owners,https://forskcodingschool.com/blog/core-web-vitals-explained-for-website-owners/,https://forskcodingschool.com/assets/images/blog/core-web-vitals-explained-for-website-owners.webp,https://forskcodingschool.com/assets/images/blog/core-web-vitals-explained-for-website-owners-visual.webp,Core Web Vitals Explained for Website Owners | Practical Gui,"Core Web Vitals Explained for Website Owners with practical examples, learning steps, common mistakes, projects and career-focused guidance from Forsk Coding",website performance
493,Web Performance,Lazy Loading Images and Better Page Speed,lazy-loading-images-and-better-page-speed,https://forskcodingschool.com/blog/lazy-loading-images-and-better-page-speed/,https://forskcodingschool.com/assets/images/blog/lazy-loading-images-and-better-page-speed.webp,https://forskcodingschool.com/assets/images/blog/lazy-loading-images-and-better-page-speed-visual.webp,Lazy Loading Images and Better Page Speed | Practical Guide,"Lazy Loading Images and Better Page Speed with practical examples, learning steps, common mistakes, projects and career-focused guidance from Forsk Coding Sch",website performance
494,Web Performance,Browser Caching and Cache-Control Headers,browser-caching-and-cache-control-headers,https://forskcodingschool.com/blog/browser-caching-and-cache-control-headers/,https://forskcodingschool.com/assets/images/blog/browser-caching-and-cache-control-headers.webp,https://forskcodingschool.com/assets/images/blog/browser-caching-and-cache-control-headers-visual.webp,Browser Caching and Cache-Control Headers | Practical Guide,"Browser Caching and Cache-Control Headers with practical examples, learning steps, common mistakes, projects and career-focused guidance from Forsk Coding Sch",website performance
495,Web Performance,Minifying CSS and JavaScript for Faster Websites,minifying-css-and-javascript-for-faster-websites,https://forskcodingschool.com/blog/minifying-css-and-javascript-for-faster-websites/,https://forskcodingschool.com/assets/images/blog/minifying-css-and-javascript-for-faster-websites.webp,https://forskcodingschool.com/assets/images/blog/minifying-css-and-javascript-for-faster-websites-visual.webp,Minifying CSS and JavaScript for Faster Websites | Practical,"Minifying CSS and JavaScript for Faster Websites with practical examples, learning steps, common mistakes, projects and career-focused guidance from Forsk Cod",website performance
496,Web Performance,Responsive Images and Modern Image Formats,responsive-images-and-modern-image-formats,https://forskcodingschool.com/blog/responsive-images-and-modern-image-formats/,https://forskcodingschool.com/assets/images/blog/responsive-images-and-modern-image-formats.webp,https://forskcodingschool.com/assets/images/blog/responsive-images-and-modern-image-formats-visual.webp,Responsive Images and Modern Image Formats | Practical Guide,"Responsive Images and Modern Image Formats with practical examples, learning steps, common mistakes, projects and career-focused guidance from Forsk Coding Sc",website performance
497,Web Performance,CDN Basics and When a Website Needs One,cdn-basics-and-when-a-website-needs-one,https://forskcodingschool.com/blog/cdn-basics-and-when-a-website-needs-one/,https://forskcodingschool.com/assets/images/blog/cdn-basics-and-when-a-website-needs-one.webp,https://forskcodingschool.com/assets/images/blog/cdn-basics-and-when-a-website-needs-one-visual.webp,CDN Basics and When a Website Needs One | Practical Guide fo,"CDN Basics and When a Website Needs One with practical examples, learning steps, common mistakes, projects and career-focused guidance from Forsk Coding Schoo",website performance
498,Web Performance,Frontend Performance Debugging with Browser DevTools,frontend-performance-debugging-with-browser-devtools,https://forskcodingschool.com/blog/frontend-performance-debugging-with-browser-devtools/,https://forskcodingschool.com/assets/images/blog/frontend-performance-debugging-with-browser-devtools.webp,https://forskcodingschool.com/assets/images/blog/frontend-performance-debugging-with-browser-devtools-visual.webp,Frontend Performance Debugging with Browser DevTools | Pract,"Frontend Performance Debugging with Browser DevTools with practical examples, learning steps, common mistakes, projects and career-focused guidance from Forsk",website performance
499,Web Performance,Server Response Time and Website Performance,server-response-time-and-website-performance,https://forskcodingschool.com/blog/server-response-time-and-website-performance/,https://forskcodingschool.com/assets/images/blog/server-response-time-and-website-performance.webp,https://forskcodingschool.com/assets/images/blog/server-response-time-and-website-performance-visual.webp,Server Response Time and Website Performance | Practical Gui,"Server Response Time and Website Performance with practical examples, learning steps, common mistakes, projects and career-focused guidance from Forsk Coding",website performance
500,Web Performance,Performance Checklist for PHP and WordPress Websites,performance-checklist-for-php-and-wordpress-websites,https://forskcodingschool.com/blog/performance-checklist-for-php-and-wordpress-websites/,https://forskcodingschool.com/assets/images/blog/performance-checklist-for-php-and-wordpress-websites.webp,https://forskcodingschool.com/assets/images/blog/performance-checklist-for-php-and-wordpress-websites-visual.webp,Performance Checklist for PHP and WordPress Websites | Pract,"Performance Checklist for PHP and WordPress Websites with practical examples, learning steps, common mistakes, projects and career-focused guidance from Forsk",website performance
