Mentor ID,Mentor Name,Image Filename,Image ALT,Image Title,Image Caption,Image Status
FCS-M001,Vivaan Srivastava,vivaan-srivastava-data-analytics-trainer-jaipur-forsk-coding-school.webp,"Vivaan Srivastava, Data Analytics Trainer in Jaipur at Forsk Coding School",Vivaan Srivastava - Data Analytics Trainer Jaipur | Forsk Coding School,Vivaan Srivastava – Data Analytics mentor profile at Forsk Coding School Jaipur,AVAILABLE
FCS-M002,Vaishnavi Prasad,vaishnavi-prasad-data-analytics-trainer-jaipur-forsk-coding-school.webp,"Vaishnavi Prasad, Data Analytics Trainer in Jaipur at Forsk Coding School",Vaishnavi Prasad - Data Analytics Trainer Jaipur | Forsk Coding School,Vaishnavi Prasad – Data Analytics mentor profile at Forsk Coding School Jaipur,AVAILABLE
FCS-M003,Garima Ahuja,garima-ahuja-data-analytics-trainer-jaipur-forsk-coding-school.webp,"Garima Ahuja, Data Analytics Trainer in Jaipur at Forsk Coding School",Garima Ahuja - Data Analytics Trainer Jaipur | Forsk Coding School,Garima Ahuja – Data Analytics mentor profile at Forsk Coding School Jaipur,AVAILABLE
FCS-M004,Charu Rathore,charu-rathore-data-analytics-trainer-jaipur-forsk-coding-school.webp,"Charu Rathore, Data Analytics Trainer in Jaipur at Forsk Coding School",Charu Rathore - Data Analytics Trainer Jaipur | Forsk Coding School,Charu Rathore – Data Analytics mentor profile at Forsk Coding School Jaipur,AVAILABLE
FCS-M005,Akash Das,akash-das-data-analytics-trainer-jaipur-forsk-coding-school.webp,"Akash Das, Data Analytics Trainer in Jaipur at Forsk Coding School",Akash Das - Data Analytics Trainer Jaipur | Forsk Coding School,Akash Das – Data Analytics mentor profile at Forsk Coding School Jaipur,AVAILABLE
FCS-M006,Kritika Iyer,kritika-iyer-data-analytics-trainer-jaipur-forsk-coding-school.webp,"Kritika Iyer, Data Analytics Trainer in Jaipur at Forsk Coding School",Kritika Iyer - Data Analytics Trainer Jaipur | Forsk Coding School,Kritika Iyer – Data Analytics mentor profile at Forsk Coding School Jaipur,AVAILABLE
FCS-M007,Naina Menon,naina-menon-data-analytics-trainer-jaipur-forsk-coding-school.webp,"Naina Menon, Data Analytics Trainer in Jaipur at Forsk Coding School",Naina Menon - Data Analytics Trainer Jaipur | Forsk Coding School,Naina Menon – Data Analytics mentor profile at Forsk Coding School Jaipur,AVAILABLE
FCS-M008,Manish Iyer,manish-iyer-data-analytics-trainer-jaipur-forsk-coding-school.webp,"Manish Iyer, Data Analytics Trainer in Jaipur at Forsk Coding School",Manish Iyer - Data Analytics Trainer Jaipur | Forsk Coding School,Manish Iyer – Data Analytics mentor profile at Forsk Coding School Jaipur,AVAILABLE
FCS-M009,Rajat Saini,rajat-saini-data-analytics-trainer-jaipur-forsk-coding-school.webp,"Rajat Saini, Data Analytics Trainer in Jaipur at Forsk Coding School",Rajat Saini - Data Analytics Trainer Jaipur | Forsk Coding School,Rajat Saini – Data Analytics mentor profile at Forsk Coding School Jaipur,AVAILABLE
FCS-M010,Aditi Pandey,aditi-pandey-data-analytics-trainer-jaipur-forsk-coding-school.webp,"Aditi Pandey, Data Analytics Trainer in Jaipur at Forsk Coding School",Aditi Pandey - Data Analytics Trainer Jaipur | Forsk Coding School,Aditi Pandey – Data Analytics mentor profile at Forsk Coding School Jaipur,AVAILABLE
FCS-M011,Lavanya Roy,lavanya-roy-data-science-trainer-jaipur-forsk-coding-school.webp,"Lavanya Roy, Data Science Trainer in Jaipur at Forsk Coding School",Lavanya Roy - Data Science Trainer Jaipur | Forsk Coding School,Lavanya Roy – Data Science mentor profile at Forsk Coding School Jaipur,AVAILABLE
FCS-M012,Vivaan Maheshwari,vivaan-maheshwari-data-science-trainer-jaipur-forsk-coding-school.webp,"Vivaan Maheshwari, Data Science Trainer in Jaipur at Forsk Coding School",Vivaan Maheshwari - Data Science Trainer Jaipur | Forsk Coding School,Vivaan Maheshwari – Data Science mentor profile at Forsk Coding School Jaipur,AVAILABLE
FCS-M013,Vedant Gupta,vedant-gupta-data-science-trainer-jaipur-forsk-coding-school.webp,"Vedant Gupta, Data Science Trainer in Jaipur at Forsk Coding School",Vedant Gupta - Data Science Trainer Jaipur | Forsk Coding School,Vedant Gupta – Data Science mentor profile at Forsk Coding School Jaipur,AVAILABLE
FCS-M014,Krishna Saxena,krishna-saxena-data-science-trainer-jaipur-forsk-coding-school.webp,"Krishna Saxena, Data Science Trainer in Jaipur at Forsk Coding School",Krishna Saxena - Data Science Trainer Jaipur | Forsk Coding School,Krishna Saxena – Data Science mentor profile at Forsk Coding School Jaipur,AVAILABLE
FCS-M015,Aditya Patel,aditya-patel-data-science-trainer-jaipur-forsk-coding-school.webp,"Aditya Patel, Data Science Trainer in Jaipur at Forsk Coding School",Aditya Patel - Data Science Trainer Jaipur | Forsk Coding School,Aditya Patel – Data Science mentor profile at Forsk Coding School Jaipur,AVAILABLE
FCS-M016,Piyush Maheshwari,piyush-maheshwari-data-science-trainer-jaipur-forsk-coding-school.webp,"Piyush Maheshwari, Data Science Trainer in Jaipur at Forsk Coding School",Piyush Maheshwari - Data Science Trainer Jaipur | Forsk Coding School,Piyush Maheshwari – Data Science mentor profile at Forsk Coding School Jaipur,AVAILABLE
FCS-M017,Laksh Menon,laksh-menon-data-science-trainer-jaipur-forsk-coding-school.webp,"Laksh Menon, Data Science Trainer in Jaipur at Forsk Coding School",Laksh Menon - Data Science Trainer Jaipur | Forsk Coding School,Laksh Menon – Data Science mentor profile at Forsk Coding School Jaipur,AVAILABLE
FCS-M018,Garima Wadhwa,garima-wadhwa-data-science-trainer-jaipur-forsk-coding-school.webp,"Garima Wadhwa, Data Science Trainer in Jaipur at Forsk Coding School",Garima Wadhwa - Data Science Trainer Jaipur | Forsk Coding School,Garima Wadhwa – Data Science mentor profile at Forsk Coding School Jaipur,AVAILABLE
FCS-M019,Shubham Singhal,shubham-singhal-data-science-trainer-jaipur-forsk-coding-school.webp,"Shubham Singhal, Data Science Trainer in Jaipur at Forsk Coding School",Shubham Singhal - Data Science Trainer Jaipur | Forsk Coding School,Shubham Singhal – Data Science mentor profile at Forsk Coding School Jaipur,AVAILABLE
FCS-M020,Ekta Bose,ekta-bose-data-science-trainer-jaipur-forsk-coding-school.webp,"Ekta Bose, Data Science Trainer in Jaipur at Forsk Coding School",Ekta Bose - Data Science Trainer Jaipur | Forsk Coding School,Ekta Bose – Data Science mentor profile at Forsk Coding School Jaipur,AVAILABLE
FCS-M021,Siddharth Joshi,siddharth-joshi-machine-learning-trainer-jaipur-forsk-coding-school.webp,"Siddharth Joshi, Machine Learning Trainer in Jaipur at Forsk Coding School",Siddharth Joshi - Machine Learning Trainer Jaipur | Forsk Coding School,Siddharth Joshi – Machine Learning mentor profile at Forsk Coding School Jaipur,PENDING
FCS-M022,Lavanya Anand,lavanya-anand-machine-learning-trainer-jaipur-forsk-coding-school.webp,"Lavanya Anand, Machine Learning Trainer in Jaipur at Forsk Coding School",Lavanya Anand - Machine Learning Trainer Jaipur | Forsk Coding School,Lavanya Anand – Machine Learning mentor profile at Forsk Coding School Jaipur,PENDING
FCS-M023,Yash Jadhav,yash-jadhav-machine-learning-trainer-jaipur-forsk-coding-school.webp,"Yash Jadhav, Machine Learning Trainer in Jaipur at Forsk Coding School",Yash Jadhav - Machine Learning Trainer Jaipur | Forsk Coding School,Yash Jadhav – Machine Learning mentor profile at Forsk Coding School Jaipur,PENDING
FCS-M024,Sameer Jain,sameer-jain-machine-learning-trainer-jaipur-forsk-coding-school.webp,"Sameer Jain, Machine Learning Trainer in Jaipur at Forsk Coding School",Sameer Jain - Machine Learning Trainer Jaipur | Forsk Coding School,Sameer Jain – Machine Learning mentor profile at Forsk Coding School Jaipur,PENDING
FCS-M025,Dev Khandelwal,dev-khandelwal-machine-learning-trainer-jaipur-forsk-coding-school.webp,"Dev Khandelwal, Machine Learning Trainer in Jaipur at Forsk Coding School",Dev Khandelwal - Machine Learning Trainer Jaipur | Forsk Coding School,Dev Khandelwal – Machine Learning mentor profile at Forsk Coding School Jaipur,PENDING
FCS-M026,Aarav Chawla,aarav-chawla-machine-learning-trainer-jaipur-forsk-coding-school.webp,"Aarav Chawla, Machine Learning Trainer in Jaipur at Forsk Coding School",Aarav Chawla - Machine Learning Trainer Jaipur | Forsk Coding School,Aarav Chawla – Machine Learning mentor profile at Forsk Coding School Jaipur,PENDING
FCS-M027,Sameer Vyas,sameer-vyas-machine-learning-trainer-jaipur-forsk-coding-school.webp,"Sameer Vyas, Machine Learning Trainer in Jaipur at Forsk Coding School",Sameer Vyas - Machine Learning Trainer Jaipur | Forsk Coding School,Sameer Vyas – Machine Learning mentor profile at Forsk Coding School Jaipur,PENDING
FCS-M028,Manish Patil,manish-patil-machine-learning-trainer-jaipur-forsk-coding-school.webp,"Manish Patil, Machine Learning Trainer in Jaipur at Forsk Coding School",Manish Patil - Machine Learning Trainer Jaipur | Forsk Coding School,Manish Patil – Machine Learning mentor profile at Forsk Coding School Jaipur,PENDING
FCS-M029,Tanvi Iyer,tanvi-iyer-machine-learning-trainer-jaipur-forsk-coding-school.webp,"Tanvi Iyer, Machine Learning Trainer in Jaipur at Forsk Coding School",Tanvi Iyer - Machine Learning Trainer Jaipur | Forsk Coding School,Tanvi Iyer – Machine Learning mentor profile at Forsk Coding School Jaipur,PENDING
FCS-M030,Aarohi Roy,aarohi-roy-machine-learning-trainer-jaipur-forsk-coding-school.webp,"Aarohi Roy, Machine Learning Trainer in Jaipur at Forsk Coding School",Aarohi Roy - Machine Learning Trainer Jaipur | Forsk Coding School,Aarohi Roy – Machine Learning mentor profile at Forsk Coding School Jaipur,PENDING
FCS-M031,Tanvi Choudhary,tanvi-choudhary-ai-trainer-jaipur-forsk-coding-school.webp,"Tanvi Choudhary, AI Trainer in Jaipur at Forsk Coding School",Tanvi Choudhary - AI Trainer Jaipur | Forsk Coding School,Tanvi Choudhary – Artificial Intelligence mentor profile at Forsk Coding School Jaipur,PENDING
FCS-M032,Meera Bhardwaj,meera-bhardwaj-ai-trainer-jaipur-forsk-coding-school.webp,"Meera Bhardwaj, AI Trainer in Jaipur at Forsk Coding School",Meera Bhardwaj - AI Trainer Jaipur | Forsk Coding School,Meera Bhardwaj – Artificial Intelligence mentor profile at Forsk Coding School Jaipur,PENDING
FCS-M033,Ananya Choudhary,ananya-choudhary-ai-trainer-jaipur-forsk-coding-school.webp,"Ananya Choudhary, AI Trainer in Jaipur at Forsk Coding School",Ananya Choudhary - AI Trainer Jaipur | Forsk Coding School,Ananya Choudhary – Artificial Intelligence mentor profile at Forsk Coding School Jaipur,PENDING
FCS-M034,Vishal Menon,vishal-menon-ai-trainer-jaipur-forsk-coding-school.webp,"Vishal Menon, AI Trainer in Jaipur at Forsk Coding School",Vishal Menon - AI Trainer Jaipur | Forsk Coding School,Vishal Menon – Artificial Intelligence mentor profile at Forsk Coding School Jaipur,PENDING
FCS-M035,Tushar Saxena,tushar-saxena-ai-trainer-jaipur-forsk-coding-school.webp,"Tushar Saxena, AI Trainer in Jaipur at Forsk Coding School",Tushar Saxena - AI Trainer Jaipur | Forsk Coding School,Tushar Saxena – Artificial Intelligence mentor profile at Forsk Coding School Jaipur,PENDING
FCS-M036,Pooja Tiwari,pooja-tiwari-ai-trainer-jaipur-forsk-coding-school.webp,"Pooja Tiwari, AI Trainer in Jaipur at Forsk Coding School",Pooja Tiwari - AI Trainer Jaipur | Forsk Coding School,Pooja Tiwari – Artificial Intelligence mentor profile at Forsk Coding School Jaipur,PENDING
FCS-M037,Diya Narula,diya-narula-ai-trainer-jaipur-forsk-coding-school.webp,"Diya Narula, AI Trainer in Jaipur at Forsk Coding School",Diya Narula - AI Trainer Jaipur | Forsk Coding School,Diya Narula – Artificial Intelligence mentor profile at Forsk Coding School Jaipur,PENDING
FCS-M038,Nikita Reddy,nikita-reddy-ai-trainer-jaipur-forsk-coding-school.webp,"Nikita Reddy, AI Trainer in Jaipur at Forsk Coding School",Nikita Reddy - AI Trainer Jaipur | Forsk Coding School,Nikita Reddy – Artificial Intelligence mentor profile at Forsk Coding School Jaipur,PENDING
FCS-M039,Yashika Jain,yashika-jain-ai-trainer-jaipur-forsk-coding-school.webp,"Yashika Jain, AI Trainer in Jaipur at Forsk Coding School",Yashika Jain - AI Trainer Jaipur | Forsk Coding School,Yashika Jain – Artificial Intelligence mentor profile at Forsk Coding School Jaipur,PENDING
FCS-M040,Ankit Khanna,ankit-khanna-ai-trainer-jaipur-forsk-coding-school.webp,"Ankit Khanna, AI Trainer in Jaipur at Forsk Coding School",Ankit Khanna - AI Trainer Jaipur | Forsk Coding School,Ankit Khanna – Artificial Intelligence mentor profile at Forsk Coding School Jaipur,PENDING
FCS-M041,Gauri Kohli,gauri-kohli-generative-ai-trainer-jaipur-forsk-coding-school.webp,"Gauri Kohli, Generative AI Trainer in Jaipur at Forsk Coding School",Gauri Kohli - Generative AI Trainer Jaipur | Forsk Coding School,Gauri Kohli – Generative AI & LLMs mentor profile at Forsk Coding School Jaipur,PENDING
FCS-M042,Harsh Anand,harsh-anand-generative-ai-trainer-jaipur-forsk-coding-school.webp,"Harsh Anand, Generative AI Trainer in Jaipur at Forsk Coding School",Harsh Anand - Generative AI Trainer Jaipur | Forsk Coding School,Harsh Anand – Generative AI & LLMs mentor profile at Forsk Coding School Jaipur,PENDING
FCS-M043,Saurabh Mittal,saurabh-mittal-generative-ai-trainer-jaipur-forsk-coding-school.webp,"Saurabh Mittal, Generative AI Trainer in Jaipur at Forsk Coding School",Saurabh Mittal - Generative AI Trainer Jaipur | Forsk Coding School,Saurabh Mittal – Generative AI & LLMs mentor profile at Forsk Coding School Jaipur,PENDING
FCS-M044,Diya Shah,diya-shah-generative-ai-trainer-jaipur-forsk-coding-school.webp,"Diya Shah, Generative AI Trainer in Jaipur at Forsk Coding School",Diya Shah - Generative AI Trainer Jaipur | Forsk Coding School,Diya Shah – Generative AI & LLMs mentor profile at Forsk Coding School Jaipur,PENDING
FCS-M045,Vaishnavi Mittal,vaishnavi-mittal-generative-ai-trainer-jaipur-forsk-coding-school.webp,"Vaishnavi Mittal, Generative AI Trainer in Jaipur at Forsk Coding School",Vaishnavi Mittal - Generative AI Trainer Jaipur | Forsk Coding School,Vaishnavi Mittal – Generative AI & LLMs mentor profile at Forsk Coding School Jaipur,PENDING
FCS-M046,Ishita Purohit,ishita-purohit-generative-ai-trainer-jaipur-forsk-coding-school.webp,"Ishita Purohit, Generative AI Trainer in Jaipur at Forsk Coding School",Ishita Purohit - Generative AI Trainer Jaipur | Forsk Coding School,Ishita Purohit – Generative AI & LLMs mentor profile at Forsk Coding School Jaipur,PENDING
FCS-M047,Vedant Pandey,vedant-pandey-generative-ai-trainer-jaipur-forsk-coding-school.webp,"Vedant Pandey, Generative AI Trainer in Jaipur at Forsk Coding School",Vedant Pandey - Generative AI Trainer Jaipur | Forsk Coding School,Vedant Pandey – Generative AI & LLMs mentor profile at Forsk Coding School Jaipur,PENDING
FCS-M048,Kanika Tiwari,kanika-tiwari-generative-ai-trainer-jaipur-forsk-coding-school.webp,"Kanika Tiwari, Generative AI Trainer in Jaipur at Forsk Coding School",Kanika Tiwari - Generative AI Trainer Jaipur | Forsk Coding School,Kanika Tiwari – Generative AI & LLMs mentor profile at Forsk Coding School Jaipur,PENDING
FCS-M049,Siddharth Arora,siddharth-arora-generative-ai-trainer-jaipur-forsk-coding-school.webp,"Siddharth Arora, Generative AI Trainer in Jaipur at Forsk Coding School",Siddharth Arora - Generative AI Trainer Jaipur | Forsk Coding School,Siddharth Arora – Generative AI & LLMs mentor profile at Forsk Coding School Jaipur,PENDING
FCS-M050,Shruti Prasad,shruti-prasad-generative-ai-trainer-jaipur-forsk-coding-school.webp,"Shruti Prasad, Generative AI Trainer in Jaipur at Forsk Coding School",Shruti Prasad - Generative AI Trainer Jaipur | Forsk Coding School,Shruti Prasad – Generative AI & LLMs mentor profile at Forsk Coding School Jaipur,PENDING
FCS-M051,Priya Rao,priya-rao-python-trainer-jaipur-forsk-coding-school.webp,"Priya Rao, Python Trainer in Jaipur at Forsk Coding School",Priya Rao - Python Trainer Jaipur | Forsk Coding School,Priya Rao – Python Programming mentor profile at Forsk Coding School Jaipur,PENDING
FCS-M052,Kabir Bose,kabir-bose-python-trainer-jaipur-forsk-coding-school.webp,"Kabir Bose, Python Trainer in Jaipur at Forsk Coding School",Kabir Bose - Python Trainer Jaipur | Forsk Coding School,Kabir Bose – Python Programming mentor profile at Forsk Coding School Jaipur,PENDING
FCS-M053,Siya Mathur,siya-mathur-python-trainer-jaipur-forsk-coding-school.webp,"Siya Mathur, Python Trainer in Jaipur at Forsk Coding School",Siya Mathur - Python Trainer Jaipur | Forsk Coding School,Siya Mathur – Python Programming mentor profile at Forsk Coding School Jaipur,PENDING
FCS-M054,Shubham Saxena,shubham-saxena-python-trainer-jaipur-forsk-coding-school.webp,"Shubham Saxena, Python Trainer in Jaipur at Forsk Coding School",Shubham Saxena - Python Trainer Jaipur | Forsk Coding School,Shubham Saxena – Python Programming mentor profile at Forsk Coding School Jaipur,PENDING
FCS-M055,Akash Jain,akash-jain-python-trainer-jaipur-forsk-coding-school.webp,"Akash Jain, Python Trainer in Jaipur at Forsk Coding School",Akash Jain - Python Trainer Jaipur | Forsk Coding School,Akash Jain – Python Programming mentor profile at Forsk Coding School Jaipur,PENDING
FCS-M056,Aditya Bhardwaj,aditya-bhardwaj-python-trainer-jaipur-forsk-coding-school.webp,"Aditya Bhardwaj, Python Trainer in Jaipur at Forsk Coding School",Aditya Bhardwaj - Python Trainer Jaipur | Forsk Coding School,Aditya Bhardwaj – Python Programming mentor profile at Forsk Coding School Jaipur,PENDING
FCS-M057,Diya Yadav,diya-yadav-python-trainer-jaipur-forsk-coding-school.webp,"Diya Yadav, Python Trainer in Jaipur at Forsk Coding School",Diya Yadav - Python Trainer Jaipur | Forsk Coding School,Diya Yadav – Python Programming mentor profile at Forsk Coding School Jaipur,PENDING
FCS-M058,Manish Purohit,manish-purohit-python-trainer-jaipur-forsk-coding-school.webp,"Manish Purohit, Python Trainer in Jaipur at Forsk Coding School",Manish Purohit - Python Trainer Jaipur | Forsk Coding School,Manish Purohit – Python Programming mentor profile at Forsk Coding School Jaipur,PENDING
FCS-M059,Aarohi Yadav,aarohi-yadav-python-trainer-jaipur-forsk-coding-school.webp,"Aarohi Yadav, Python Trainer in Jaipur at Forsk Coding School",Aarohi Yadav - Python Trainer Jaipur | Forsk Coding School,Aarohi Yadav – Python Programming mentor profile at Forsk Coding School Jaipur,PENDING
FCS-M060,Khushi Goyal,khushi-goyal-python-trainer-jaipur-forsk-coding-school.webp,"Khushi Goyal, Python Trainer in Jaipur at Forsk Coding School",Khushi Goyal - Python Trainer Jaipur | Forsk Coding School,Khushi Goyal – Python Programming mentor profile at Forsk Coding School Jaipur,PENDING
FCS-M061,Aditi Dutta,aditi-dutta-sql-trainer-jaipur-forsk-coding-school.webp,"Aditi Dutta, SQL Trainer in Jaipur at Forsk Coding School",Aditi Dutta - SQL Trainer Jaipur | Forsk Coding School,Aditi Dutta – SQL & Database Development mentor profile at Forsk Coding School Jaipur,PENDING
FCS-M062,Sameer Arora,sameer-arora-sql-trainer-jaipur-forsk-coding-school.webp,"Sameer Arora, SQL Trainer in Jaipur at Forsk Coding School",Sameer Arora - SQL Trainer Jaipur | Forsk Coding School,Sameer Arora – SQL & Database Development mentor profile at Forsk Coding School Jaipur,PENDING
FCS-M063,Dhruv Iyer,dhruv-iyer-sql-trainer-jaipur-forsk-coding-school.webp,"Dhruv Iyer, SQL Trainer in Jaipur at Forsk Coding School",Dhruv Iyer - SQL Trainer Jaipur | Forsk Coding School,Dhruv Iyer – SQL & Database Development mentor profile at Forsk Coding School Jaipur,PENDING
FCS-M064,Ishita Yadav,ishita-yadav-sql-trainer-jaipur-forsk-coding-school.webp,"Ishita Yadav, SQL Trainer in Jaipur at Forsk Coding School",Ishita Yadav - SQL Trainer Jaipur | Forsk Coding School,Ishita Yadav – SQL & Database Development mentor profile at Forsk Coding School Jaipur,PENDING
FCS-M065,Rohan Vyas,rohan-vyas-sql-trainer-jaipur-forsk-coding-school.webp,"Rohan Vyas, SQL Trainer in Jaipur at Forsk Coding School",Rohan Vyas - SQL Trainer Jaipur | Forsk Coding School,Rohan Vyas – SQL & Database Development mentor profile at Forsk Coding School Jaipur,PENDING
FCS-M066,Pranav Shah,pranav-shah-sql-trainer-jaipur-forsk-coding-school.webp,"Pranav Shah, SQL Trainer in Jaipur at Forsk Coding School",Pranav Shah - SQL Trainer Jaipur | Forsk Coding School,Pranav Shah – SQL & Database Development mentor profile at Forsk Coding School Jaipur,PENDING
FCS-M067,Harsh Mathur,harsh-mathur-sql-trainer-jaipur-forsk-coding-school.webp,"Harsh Mathur, SQL Trainer in Jaipur at Forsk Coding School",Harsh Mathur - SQL Trainer Jaipur | Forsk Coding School,Harsh Mathur – SQL & Database Development mentor profile at Forsk Coding School Jaipur,PENDING
FCS-M068,Ojasvi Goel,ojasvi-goel-sql-trainer-jaipur-forsk-coding-school.webp,"Ojasvi Goel, SQL Trainer in Jaipur at Forsk Coding School",Ojasvi Goel - SQL Trainer Jaipur | Forsk Coding School,Ojasvi Goel – SQL & Database Development mentor profile at Forsk Coding School Jaipur,PENDING
FCS-M069,Vani Saini,vani-saini-sql-trainer-jaipur-forsk-coding-school.webp,"Vani Saini, SQL Trainer in Jaipur at Forsk Coding School",Vani Saini - SQL Trainer Jaipur | Forsk Coding School,Vani Saini – SQL & Database Development mentor profile at Forsk Coding School Jaipur,PENDING
FCS-M070,Meera Pawar,meera-pawar-sql-trainer-jaipur-forsk-coding-school.webp,"Meera Pawar, SQL Trainer in Jaipur at Forsk Coding School",Meera Pawar - SQL Trainer Jaipur | Forsk Coding School,Meera Pawar – SQL & Database Development mentor profile at Forsk Coding School Jaipur,PENDING
FCS-M071,Riya Jadhav,riya-jadhav-advanced-excel-trainer-jaipur-forsk-coding-school.webp,"Riya Jadhav, Advanced Excel Trainer in Jaipur at Forsk Coding School",Riya Jadhav - Advanced Excel Trainer Jaipur | Forsk Coding School,Riya Jadhav – Excel & Advanced Excel mentor profile at Forsk Coding School Jaipur,PENDING
FCS-M072,Mohit Iyer,mohit-iyer-advanced-excel-trainer-jaipur-forsk-coding-school.webp,"Mohit Iyer, Advanced Excel Trainer in Jaipur at Forsk Coding School",Mohit Iyer - Advanced Excel Trainer Jaipur | Forsk Coding School,Mohit Iyer – Excel & Advanced Excel mentor profile at Forsk Coding School Jaipur,PENDING
FCS-M073,Palak Maheshwari,palak-maheshwari-advanced-excel-trainer-jaipur-forsk-coding-school.webp,"Palak Maheshwari, Advanced Excel Trainer in Jaipur at Forsk Coding School",Palak Maheshwari - Advanced Excel Trainer Jaipur | Forsk Coding School,Palak Maheshwari – Excel & Advanced Excel mentor profile at Forsk Coding School Jaipur,PENDING
FCS-M074,Tamanna Chawla,tamanna-chawla-advanced-excel-trainer-jaipur-forsk-coding-school.webp,"Tamanna Chawla, Advanced Excel Trainer in Jaipur at Forsk Coding School",Tamanna Chawla - Advanced Excel Trainer Jaipur | Forsk Coding School,Tamanna Chawla – Excel & Advanced Excel mentor profile at Forsk Coding School Jaipur,PENDING
FCS-M075,Uday Khandelwal,uday-khandelwal-advanced-excel-trainer-jaipur-forsk-coding-school.webp,"Uday Khandelwal, Advanced Excel Trainer in Jaipur at Forsk Coding School",Uday Khandelwal - Advanced Excel Trainer Jaipur | Forsk Coding School,Uday Khandelwal – Excel & Advanced Excel mentor profile at Forsk Coding School Jaipur,PENDING
FCS-M076,Riya Kashyap,riya-kashyap-advanced-excel-trainer-jaipur-forsk-coding-school.webp,"Riya Kashyap, Advanced Excel Trainer in Jaipur at Forsk Coding School",Riya Kashyap - Advanced Excel Trainer Jaipur | Forsk Coding School,Riya Kashyap – Excel & Advanced Excel mentor profile at Forsk Coding School Jaipur,PENDING
FCS-M077,Tarun Jain,tarun-jain-advanced-excel-trainer-jaipur-forsk-coding-school.webp,"Tarun Jain, Advanced Excel Trainer in Jaipur at Forsk Coding School",Tarun Jain - Advanced Excel Trainer Jaipur | Forsk Coding School,Tarun Jain – Excel & Advanced Excel mentor profile at Forsk Coding School Jaipur,PENDING
FCS-M078,Sameer Roy,sameer-roy-advanced-excel-trainer-jaipur-forsk-coding-school.webp,"Sameer Roy, Advanced Excel Trainer in Jaipur at Forsk Coding School",Sameer Roy - Advanced Excel Trainer Jaipur | Forsk Coding School,Sameer Roy – Excel & Advanced Excel mentor profile at Forsk Coding School Jaipur,PENDING
FCS-M079,Vaishnavi Roy,vaishnavi-roy-advanced-excel-trainer-jaipur-forsk-coding-school.webp,"Vaishnavi Roy, Advanced Excel Trainer in Jaipur at Forsk Coding School",Vaishnavi Roy - Advanced Excel Trainer Jaipur | Forsk Coding School,Vaishnavi Roy – Excel & Advanced Excel mentor profile at Forsk Coding School Jaipur,PENDING
FCS-M080,Ananya Bajaj,ananya-bajaj-advanced-excel-trainer-jaipur-forsk-coding-school.webp,"Ananya Bajaj, Advanced Excel Trainer in Jaipur at Forsk Coding School",Ananya Bajaj - Advanced Excel Trainer Jaipur | Forsk Coding School,Ananya Bajaj – Excel & Advanced Excel mentor profile at Forsk Coding School Jaipur,PENDING
FCS-M081,Manish Bhardwaj,manish-bhardwaj-power-bi-trainer-jaipur-forsk-coding-school.webp,"Manish Bhardwaj, Power BI Trainer in Jaipur at Forsk Coding School",Manish Bhardwaj - Power BI Trainer Jaipur | Forsk Coding School,Manish Bhardwaj – Power BI mentor profile at Forsk Coding School Jaipur,PENDING
FCS-M082,Shubham Menon,shubham-menon-power-bi-trainer-jaipur-forsk-coding-school.webp,"Shubham Menon, Power BI Trainer in Jaipur at Forsk Coding School",Shubham Menon - Power BI Trainer Jaipur | Forsk Coding School,Shubham Menon – Power BI mentor profile at Forsk Coding School Jaipur,PENDING
FCS-M083,Jhanvi Saxena,jhanvi-saxena-power-bi-trainer-jaipur-forsk-coding-school.webp,"Jhanvi Saxena, Power BI Trainer in Jaipur at Forsk Coding School",Jhanvi Saxena - Power BI Trainer Jaipur | Forsk Coding School,Jhanvi Saxena – Power BI mentor profile at Forsk Coding School Jaipur,PENDING
FCS-M084,Ankit Anand,ankit-anand-power-bi-trainer-jaipur-forsk-coding-school.webp,"Ankit Anand, Power BI Trainer in Jaipur at Forsk Coding School",Ankit Anand - Power BI Trainer Jaipur | Forsk Coding School,Ankit Anand – Power BI mentor profile at Forsk Coding School Jaipur,PENDING
FCS-M085,Vivaan Bose,vivaan-bose-power-bi-trainer-jaipur-forsk-coding-school.webp,"Vivaan Bose, Power BI Trainer in Jaipur at Forsk Coding School",Vivaan Bose - Power BI Trainer Jaipur | Forsk Coding School,Vivaan Bose – Power BI mentor profile at Forsk Coding School Jaipur,PENDING
FCS-M086,Tarun Saxena,tarun-saxena-power-bi-trainer-jaipur-forsk-coding-school.webp,"Tarun Saxena, Power BI Trainer in Jaipur at Forsk Coding School",Tarun Saxena - Power BI Trainer Jaipur | Forsk Coding School,Tarun Saxena – Power BI mentor profile at Forsk Coding School Jaipur,PENDING
FCS-M087,Upasana Arora,upasana-arora-power-bi-trainer-jaipur-forsk-coding-school.webp,"Upasana Arora, Power BI Trainer in Jaipur at Forsk Coding School",Upasana Arora - Power BI Trainer Jaipur | Forsk Coding School,Upasana Arora – Power BI mentor profile at Forsk Coding School Jaipur,PENDING
FCS-M088,Aarav Desai,aarav-desai-power-bi-trainer-jaipur-forsk-coding-school.webp,"Aarav Desai, Power BI Trainer in Jaipur at Forsk Coding School",Aarav Desai - Power BI Trainer Jaipur | Forsk Coding School,Aarav Desai – Power BI mentor profile at Forsk Coding School Jaipur,PENDING
FCS-M089,Diya Mathur,diya-mathur-power-bi-trainer-jaipur-forsk-coding-school.webp,"Diya Mathur, Power BI Trainer in Jaipur at Forsk Coding School",Diya Mathur - Power BI Trainer Jaipur | Forsk Coding School,Diya Mathur – Power BI mentor profile at Forsk Coding School Jaipur,PENDING
FCS-M090,Parul Desai,parul-desai-power-bi-trainer-jaipur-forsk-coding-school.webp,"Parul Desai, Power BI Trainer in Jaipur at Forsk Coding School",Parul Desai - Power BI Trainer Jaipur | Forsk Coding School,Parul Desai – Power BI mentor profile at Forsk Coding School Jaipur,PENDING
FCS-M091,Tarun Bajaj,tarun-bajaj-tableau-and-bi-trainer-jaipur-forsk-coding-school.webp,"Tarun Bajaj, Tableau & BI Trainer in Jaipur at Forsk Coding School",Tarun Bajaj - Tableau & BI Trainer Jaipur | Forsk Coding School,Tarun Bajaj – Tableau & Business Intelligence mentor profile at Forsk Coding School Jaipur,PENDING
FCS-M092,Kabir Bhardwaj,kabir-bhardwaj-tableau-and-bi-trainer-jaipur-forsk-coding-school.webp,"Kabir Bhardwaj, Tableau & BI Trainer in Jaipur at Forsk Coding School",Kabir Bhardwaj - Tableau & BI Trainer Jaipur | Forsk Coding School,Kabir Bhardwaj – Tableau & Business Intelligence mentor profile at Forsk Coding School Jaipur,PENDING
FCS-M093,Kritika Narula,kritika-narula-tableau-and-bi-trainer-jaipur-forsk-coding-school.webp,"Kritika Narula, Tableau & BI Trainer in Jaipur at Forsk Coding School",Kritika Narula - Tableau & BI Trainer Jaipur | Forsk Coding School,Kritika Narula – Tableau & Business Intelligence mentor profile at Forsk Coding School Jaipur,PENDING
FCS-M094,Varun Bajaj,varun-bajaj-tableau-and-bi-trainer-jaipur-forsk-coding-school.webp,"Varun Bajaj, Tableau & BI Trainer in Jaipur at Forsk Coding School",Varun Bajaj - Tableau & BI Trainer Jaipur | Forsk Coding School,Varun Bajaj – Tableau & Business Intelligence mentor profile at Forsk Coding School Jaipur,PENDING
FCS-M095,Tarun Ghosh,tarun-ghosh-tableau-and-bi-trainer-jaipur-forsk-coding-school.webp,"Tarun Ghosh, Tableau & BI Trainer in Jaipur at Forsk Coding School",Tarun Ghosh - Tableau & BI Trainer Jaipur | Forsk Coding School,Tarun Ghosh – Tableau & Business Intelligence mentor profile at Forsk Coding School Jaipur,PENDING
FCS-M096,Vaishnavi Khandelwal,vaishnavi-khandelwal-tableau-and-bi-trainer-jaipur-forsk-coding-school.webp,"Vaishnavi Khandelwal, Tableau & BI Trainer in Jaipur at Forsk Coding School",Vaishnavi Khandelwal - Tableau & BI Trainer Jaipur | Forsk Coding School,Vaishnavi Khandelwal – Tableau & Business Intelligence mentor profile at Forsk Coding School Jaipur,PENDING
FCS-M097,Tarun Reddy,tarun-reddy-tableau-and-bi-trainer-jaipur-forsk-coding-school.webp,"Tarun Reddy, Tableau & BI Trainer in Jaipur at Forsk Coding School",Tarun Reddy - Tableau & BI Trainer Jaipur | Forsk Coding School,Tarun Reddy – Tableau & Business Intelligence mentor profile at Forsk Coding School Jaipur,PENDING
FCS-M098,Rajat Iyer,rajat-iyer-tableau-and-bi-trainer-jaipur-forsk-coding-school.webp,"Rajat Iyer, Tableau & BI Trainer in Jaipur at Forsk Coding School",Rajat Iyer - Tableau & BI Trainer Jaipur | Forsk Coding School,Rajat Iyer – Tableau & Business Intelligence mentor profile at Forsk Coding School Jaipur,PENDING
FCS-M099,Siya Reddy,siya-reddy-tableau-and-bi-trainer-jaipur-forsk-coding-school.webp,"Siya Reddy, Tableau & BI Trainer in Jaipur at Forsk Coding School",Siya Reddy - Tableau & BI Trainer Jaipur | Forsk Coding School,Siya Reddy – Tableau & Business Intelligence mentor profile at Forsk Coding School Jaipur,PENDING
FCS-M100,Priya Singhal,priya-singhal-tableau-and-bi-trainer-jaipur-forsk-coding-school.webp,"Priya Singhal, Tableau & BI Trainer in Jaipur at Forsk Coding School",Priya Singhal - Tableau & BI Trainer Jaipur | Forsk Coding School,Priya Singhal – Tableau & Business Intelligence mentor profile at Forsk Coding School Jaipur,PENDING
FCS-M101,Urvashi Patil,urvashi-patil-business-analytics-trainer-jaipur-forsk-coding-school.webp,"Urvashi Patil, Business Analytics Trainer in Jaipur at Forsk Coding School",Urvashi Patil - Business Analytics Trainer Jaipur | Forsk Coding School,Urvashi Patil – Business Analytics mentor profile at Forsk Coding School Jaipur,PENDING
FCS-M102,Nikita Joshi,nikita-joshi-business-analytics-trainer-jaipur-forsk-coding-school.webp,"Nikita Joshi, Business Analytics Trainer in Jaipur at Forsk Coding School",Nikita Joshi - Business Analytics Trainer Jaipur | Forsk Coding School,Nikita Joshi – Business Analytics mentor profile at Forsk Coding School Jaipur,PENDING
FCS-M103,Pooja Reddy,pooja-reddy-business-analytics-trainer-jaipur-forsk-coding-school.webp,"Pooja Reddy, Business Analytics Trainer in Jaipur at Forsk Coding School",Pooja Reddy - Business Analytics Trainer Jaipur | Forsk Coding School,Pooja Reddy – Business Analytics mentor profile at Forsk Coding School Jaipur,PENDING
FCS-M104,Upasana Tiwari,upasana-tiwari-business-analytics-trainer-jaipur-forsk-coding-school.webp,"Upasana Tiwari, Business Analytics Trainer in Jaipur at Forsk Coding School",Upasana Tiwari - Business Analytics Trainer Jaipur | Forsk Coding School,Upasana Tiwari – Business Analytics mentor profile at Forsk Coding School Jaipur,PENDING
FCS-M105,Manish Goel,manish-goel-business-analytics-trainer-jaipur-forsk-coding-school.webp,"Manish Goel, Business Analytics Trainer in Jaipur at Forsk Coding School",Manish Goel - Business Analytics Trainer Jaipur | Forsk Coding School,Manish Goel – Business Analytics mentor profile at Forsk Coding School Jaipur,PENDING
FCS-M106,Zoya Prasad,zoya-prasad-business-analytics-trainer-jaipur-forsk-coding-school.webp,"Zoya Prasad, Business Analytics Trainer in Jaipur at Forsk Coding School",Zoya Prasad - Business Analytics Trainer Jaipur | Forsk Coding School,Zoya Prasad – Business Analytics mentor profile at Forsk Coding School Jaipur,PENDING
FCS-M107,Ishaan Prasad,ishaan-prasad-business-analytics-trainer-jaipur-forsk-coding-school.webp,"Ishaan Prasad, Business Analytics Trainer in Jaipur at Forsk Coding School",Ishaan Prasad - Business Analytics Trainer Jaipur | Forsk Coding School,Ishaan Prasad – Business Analytics mentor profile at Forsk Coding School Jaipur,PENDING
FCS-M108,Vani Pandey,vani-pandey-business-analytics-trainer-jaipur-forsk-coding-school.webp,"Vani Pandey, Business Analytics Trainer in Jaipur at Forsk Coding School",Vani Pandey - Business Analytics Trainer Jaipur | Forsk Coding School,Vani Pandey – Business Analytics mentor profile at Forsk Coding School Jaipur,PENDING
FCS-M109,Aditi Desai,aditi-desai-business-analytics-trainer-jaipur-forsk-coding-school.webp,"Aditi Desai, Business Analytics Trainer in Jaipur at Forsk Coding School",Aditi Desai - Business Analytics Trainer Jaipur | Forsk Coding School,Aditi Desai – Business Analytics mentor profile at Forsk Coding School Jaipur,PENDING
FCS-M110,Isha Khandelwal,isha-khandelwal-business-analytics-trainer-jaipur-forsk-coding-school.webp,"Isha Khandelwal, Business Analytics Trainer in Jaipur at Forsk Coding School",Isha Khandelwal - Business Analytics Trainer Jaipur | Forsk Coding School,Isha Khandelwal – Business Analytics mentor profile at Forsk Coding School Jaipur,PENDING
FCS-M111,Kartik Desai,kartik-desai-data-engineering-trainer-jaipur-forsk-coding-school.webp,"Kartik Desai, Data Engineering Trainer in Jaipur at Forsk Coding School",Kartik Desai - Data Engineering Trainer Jaipur | Forsk Coding School,Kartik Desai – Data Engineering mentor profile at Forsk Coding School Jaipur,PENDING
FCS-M112,Isha Joshi,isha-joshi-data-engineering-trainer-jaipur-forsk-coding-school.webp,"Isha Joshi, Data Engineering Trainer in Jaipur at Forsk Coding School",Isha Joshi - Data Engineering Trainer Jaipur | Forsk Coding School,Isha Joshi – Data Engineering mentor profile at Forsk Coding School Jaipur,PENDING
FCS-M113,Mohit Malhotra,mohit-malhotra-data-engineering-trainer-jaipur-forsk-coding-school.webp,"Mohit Malhotra, Data Engineering Trainer in Jaipur at Forsk Coding School",Mohit Malhotra - Data Engineering Trainer Jaipur | Forsk Coding School,Mohit Malhotra – Data Engineering mentor profile at Forsk Coding School Jaipur,PENDING
FCS-M114,Ritika Kohli,ritika-kohli-data-engineering-trainer-jaipur-forsk-coding-school.webp,"Ritika Kohli, Data Engineering Trainer in Jaipur at Forsk Coding School",Ritika Kohli - Data Engineering Trainer Jaipur | Forsk Coding School,Ritika Kohli – Data Engineering mentor profile at Forsk Coding School Jaipur,PENDING
FCS-M115,Vidhi Bansal,vidhi-bansal-data-engineering-trainer-jaipur-forsk-coding-school.webp,"Vidhi Bansal, Data Engineering Trainer in Jaipur at Forsk Coding School",Vidhi Bansal - Data Engineering Trainer Jaipur | Forsk Coding School,Vidhi Bansal – Data Engineering mentor profile at Forsk Coding School Jaipur,PENDING
FCS-M116,Sonali Kashyap,sonali-kashyap-data-engineering-trainer-jaipur-forsk-coding-school.webp,"Sonali Kashyap, Data Engineering Trainer in Jaipur at Forsk Coding School",Sonali Kashyap - Data Engineering Trainer Jaipur | Forsk Coding School,Sonali Kashyap – Data Engineering mentor profile at Forsk Coding School Jaipur,PENDING
FCS-M117,Kanika Khanna,kanika-khanna-data-engineering-trainer-jaipur-forsk-coding-school.webp,"Kanika Khanna, Data Engineering Trainer in Jaipur at Forsk Coding School",Kanika Khanna - Data Engineering Trainer Jaipur | Forsk Coding School,Kanika Khanna – Data Engineering mentor profile at Forsk Coding School Jaipur,PENDING
FCS-M118,Aarav Maheshwari,aarav-maheshwari-data-engineering-trainer-jaipur-forsk-coding-school.webp,"Aarav Maheshwari, Data Engineering Trainer in Jaipur at Forsk Coding School",Aarav Maheshwari - Data Engineering Trainer Jaipur | Forsk Coding School,Aarav Maheshwari – Data Engineering mentor profile at Forsk Coding School Jaipur,PENDING
FCS-M119,Rashmi Dubey,rashmi-dubey-data-engineering-trainer-jaipur-forsk-coding-school.webp,"Rashmi Dubey, Data Engineering Trainer in Jaipur at Forsk Coding School",Rashmi Dubey - Data Engineering Trainer Jaipur | Forsk Coding School,Rashmi Dubey – Data Engineering mentor profile at Forsk Coding School Jaipur,PENDING
FCS-M120,Kanika Khandelwal,kanika-khandelwal-data-engineering-trainer-jaipur-forsk-coding-school.webp,"Kanika Khandelwal, Data Engineering Trainer in Jaipur at Forsk Coding School",Kanika Khandelwal - Data Engineering Trainer Jaipur | Forsk Coding School,Kanika Khandelwal – Data Engineering mentor profile at Forsk Coding School Jaipur,PENDING
FCS-M121,Muskan Pillai,muskan-pillai-big-data-trainer-jaipur-forsk-coding-school.webp,"Muskan Pillai, Big Data Trainer in Jaipur at Forsk Coding School",Muskan Pillai - Big Data Trainer Jaipur | Forsk Coding School,Muskan Pillai – Big Data & Spark mentor profile at Forsk Coding School Jaipur,PENDING
FCS-M122,Mansi Desai,mansi-desai-big-data-trainer-jaipur-forsk-coding-school.webp,"Mansi Desai, Big Data Trainer in Jaipur at Forsk Coding School",Mansi Desai - Big Data Trainer Jaipur | Forsk Coding School,Mansi Desai – Big Data & Spark mentor profile at Forsk Coding School Jaipur,PENDING
FCS-M123,Mahima Sethi,mahima-sethi-big-data-trainer-jaipur-forsk-coding-school.webp,"Mahima Sethi, Big Data Trainer in Jaipur at Forsk Coding School",Mahima Sethi - Big Data Trainer Jaipur | Forsk Coding School,Mahima Sethi – Big Data & Spark mentor profile at Forsk Coding School Jaipur,PENDING
FCS-M124,Kunal Goel,kunal-goel-big-data-trainer-jaipur-forsk-coding-school.webp,"Kunal Goel, Big Data Trainer in Jaipur at Forsk Coding School",Kunal Goel - Big Data Trainer Jaipur | Forsk Coding School,Kunal Goel – Big Data & Spark mentor profile at Forsk Coding School Jaipur,PENDING
FCS-M125,Jhanvi Khanna,jhanvi-khanna-big-data-trainer-jaipur-forsk-coding-school.webp,"Jhanvi Khanna, Big Data Trainer in Jaipur at Forsk Coding School",Jhanvi Khanna - Big Data Trainer Jaipur | Forsk Coding School,Jhanvi Khanna – Big Data & Spark mentor profile at Forsk Coding School Jaipur,PENDING
FCS-M126,Parul Dutta,parul-dutta-big-data-trainer-jaipur-forsk-coding-school.webp,"Parul Dutta, Big Data Trainer in Jaipur at Forsk Coding School",Parul Dutta - Big Data Trainer Jaipur | Forsk Coding School,Parul Dutta – Big Data & Spark mentor profile at Forsk Coding School Jaipur,PENDING
FCS-M127,Aman Bhardwaj,aman-bhardwaj-big-data-trainer-jaipur-forsk-coding-school.webp,"Aman Bhardwaj, Big Data Trainer in Jaipur at Forsk Coding School",Aman Bhardwaj - Big Data Trainer Jaipur | Forsk Coding School,Aman Bhardwaj – Big Data & Spark mentor profile at Forsk Coding School Jaipur,PENDING
FCS-M128,Palak Verma,palak-verma-big-data-trainer-jaipur-forsk-coding-school.webp,"Palak Verma, Big Data Trainer in Jaipur at Forsk Coding School",Palak Verma - Big Data Trainer Jaipur | Forsk Coding School,Palak Verma – Big Data & Spark mentor profile at Forsk Coding School Jaipur,PENDING
FCS-M129,Sneha Reddy,sneha-reddy-big-data-trainer-jaipur-forsk-coding-school.webp,"Sneha Reddy, Big Data Trainer in Jaipur at Forsk Coding School",Sneha Reddy - Big Data Trainer Jaipur | Forsk Coding School,Sneha Reddy – Big Data & Spark mentor profile at Forsk Coding School Jaipur,PENDING
FCS-M130,Manish Dubey,manish-dubey-big-data-trainer-jaipur-forsk-coding-school.webp,"Manish Dubey, Big Data Trainer in Jaipur at Forsk Coding School",Manish Dubey - Big Data Trainer Jaipur | Forsk Coding School,Manish Dubey – Big Data & Spark mentor profile at Forsk Coding School Jaipur,PENDING
FCS-M131,Deepika Agarwal,deepika-agarwal-statistics-trainer-jaipur-forsk-coding-school.webp,"Deepika Agarwal, Statistics Trainer in Jaipur at Forsk Coding School",Deepika Agarwal - Statistics Trainer Jaipur | Forsk Coding School,Deepika Agarwal – Statistics for Data Science mentor profile at Forsk Coding School Jaipur,PENDING
FCS-M132,Shubham Bose,shubham-bose-statistics-trainer-jaipur-forsk-coding-school.webp,"Shubham Bose, Statistics Trainer in Jaipur at Forsk Coding School",Shubham Bose - Statistics Trainer Jaipur | Forsk Coding School,Shubham Bose – Statistics for Data Science mentor profile at Forsk Coding School Jaipur,PENDING
FCS-M133,Harsh Kashyap,harsh-kashyap-statistics-trainer-jaipur-forsk-coding-school.webp,"Harsh Kashyap, Statistics Trainer in Jaipur at Forsk Coding School",Harsh Kashyap - Statistics Trainer Jaipur | Forsk Coding School,Harsh Kashyap – Statistics for Data Science mentor profile at Forsk Coding School Jaipur,PENDING
FCS-M134,Bhavya Bansal,bhavya-bansal-statistics-trainer-jaipur-forsk-coding-school.webp,"Bhavya Bansal, Statistics Trainer in Jaipur at Forsk Coding School",Bhavya Bansal - Statistics Trainer Jaipur | Forsk Coding School,Bhavya Bansal – Statistics for Data Science mentor profile at Forsk Coding School Jaipur,PENDING
FCS-M135,Riya Bhatia,riya-bhatia-statistics-trainer-jaipur-forsk-coding-school.webp,"Riya Bhatia, Statistics Trainer in Jaipur at Forsk Coding School",Riya Bhatia - Statistics Trainer Jaipur | Forsk Coding School,Riya Bhatia – Statistics for Data Science mentor profile at Forsk Coding School Jaipur,PENDING
FCS-M136,Shubham Rajput,shubham-rajput-statistics-trainer-jaipur-forsk-coding-school.webp,"Shubham Rajput, Statistics Trainer in Jaipur at Forsk Coding School",Shubham Rajput - Statistics Trainer Jaipur | Forsk Coding School,Shubham Rajput – Statistics for Data Science mentor profile at Forsk Coding School Jaipur,PENDING
FCS-M137,Kavya Das,kavya-das-statistics-trainer-jaipur-forsk-coding-school.webp,"Kavya Das, Statistics Trainer in Jaipur at Forsk Coding School",Kavya Das - Statistics Trainer Jaipur | Forsk Coding School,Kavya Das – Statistics for Data Science mentor profile at Forsk Coding School Jaipur,PENDING
FCS-M138,Rohan Prasad,rohan-prasad-statistics-trainer-jaipur-forsk-coding-school.webp,"Rohan Prasad, Statistics Trainer in Jaipur at Forsk Coding School",Rohan Prasad - Statistics Trainer Jaipur | Forsk Coding School,Rohan Prasad – Statistics for Data Science mentor profile at Forsk Coding School Jaipur,PENDING
FCS-M139,Ananya Shah,ananya-shah-statistics-trainer-jaipur-forsk-coding-school.webp,"Ananya Shah, Statistics Trainer in Jaipur at Forsk Coding School",Ananya Shah - Statistics Trainer Jaipur | Forsk Coding School,Ananya Shah – Statistics for Data Science mentor profile at Forsk Coding School Jaipur,PENDING
FCS-M140,Neeraj Pawar,neeraj-pawar-statistics-trainer-jaipur-forsk-coding-school.webp,"Neeraj Pawar, Statistics Trainer in Jaipur at Forsk Coding School",Neeraj Pawar - Statistics Trainer Jaipur | Forsk Coding School,Neeraj Pawar – Statistics for Data Science mentor profile at Forsk Coding School Jaipur,PENDING
FCS-M141,Parul Das,parul-das-mern-stack-trainer-jaipur-forsk-coding-school.webp,"Parul Das, MERN Stack Trainer in Jaipur at Forsk Coding School",Parul Das - MERN Stack Trainer Jaipur | Forsk Coding School,Parul Das – MERN Full Stack Development mentor profile at Forsk Coding School Jaipur,PENDING
FCS-M142,Rishi Ahuja,rishi-ahuja-mern-stack-trainer-jaipur-forsk-coding-school.webp,"Rishi Ahuja, MERN Stack Trainer in Jaipur at Forsk Coding School",Rishi Ahuja - MERN Stack Trainer Jaipur | Forsk Coding School,Rishi Ahuja – MERN Full Stack Development mentor profile at Forsk Coding School Jaipur,PENDING
FCS-M143,Krishna Choudhary,krishna-choudhary-mern-stack-trainer-jaipur-forsk-coding-school.webp,"Krishna Choudhary, MERN Stack Trainer in Jaipur at Forsk Coding School",Krishna Choudhary - MERN Stack Trainer Jaipur | Forsk Coding School,Krishna Choudhary – MERN Full Stack Development mentor profile at Forsk Coding School Jaipur,PENDING
FCS-M144,Krishna Jain,krishna-jain-mern-stack-trainer-jaipur-forsk-coding-school.webp,"Krishna Jain, MERN Stack Trainer in Jaipur at Forsk Coding School",Krishna Jain - MERN Stack Trainer Jaipur | Forsk Coding School,Krishna Jain – MERN Full Stack Development mentor profile at Forsk Coding School Jaipur,PENDING
FCS-M145,Siya Bansal,siya-bansal-mern-stack-trainer-jaipur-forsk-coding-school.webp,"Siya Bansal, MERN Stack Trainer in Jaipur at Forsk Coding School",Siya Bansal - MERN Stack Trainer Jaipur | Forsk Coding School,Siya Bansal – MERN Full Stack Development mentor profile at Forsk Coding School Jaipur,PENDING
FCS-M146,Rishi Jain,rishi-jain-mern-stack-trainer-jaipur-forsk-coding-school.webp,"Rishi Jain, MERN Stack Trainer in Jaipur at Forsk Coding School",Rishi Jain - MERN Stack Trainer Jaipur | Forsk Coding School,Rishi Jain – MERN Full Stack Development mentor profile at Forsk Coding School Jaipur,PENDING
FCS-M147,Gauri Verma,gauri-verma-mern-stack-trainer-jaipur-forsk-coding-school.webp,"Gauri Verma, MERN Stack Trainer in Jaipur at Forsk Coding School",Gauri Verma - MERN Stack Trainer Jaipur | Forsk Coding School,Gauri Verma – MERN Full Stack Development mentor profile at Forsk Coding School Jaipur,PENDING
FCS-M148,Trisha Pawar,trisha-pawar-mern-stack-trainer-jaipur-forsk-coding-school.webp,"Trisha Pawar, MERN Stack Trainer in Jaipur at Forsk Coding School",Trisha Pawar - MERN Stack Trainer Jaipur | Forsk Coding School,Trisha Pawar – MERN Full Stack Development mentor profile at Forsk Coding School Jaipur,PENDING
FCS-M149,Nandini Mathur,nandini-mathur-mern-stack-trainer-jaipur-forsk-coding-school.webp,"Nandini Mathur, MERN Stack Trainer in Jaipur at Forsk Coding School",Nandini Mathur - MERN Stack Trainer Jaipur | Forsk Coding School,Nandini Mathur – MERN Full Stack Development mentor profile at Forsk Coding School Jaipur,PENDING
FCS-M150,Deepika Ahuja,deepika-ahuja-mern-stack-trainer-jaipur-forsk-coding-school.webp,"Deepika Ahuja, MERN Stack Trainer in Jaipur at Forsk Coding School",Deepika Ahuja - MERN Stack Trainer Jaipur | Forsk Coding School,Deepika Ahuja – MERN Full Stack Development mentor profile at Forsk Coding School Jaipur,PENDING
FCS-M151,Upasana Mehta,upasana-mehta-python-full-stack-trainer-jaipur-forsk-coding-school.webp,"Upasana Mehta, Python Full Stack Trainer in Jaipur at Forsk Coding School",Upasana Mehta - Python Full Stack Trainer Jaipur | Forsk Coding School,Upasana Mehta – Python Full Stack Development mentor profile at Forsk Coding School Jaipur,PENDING
FCS-M152,Shubham Gupta,shubham-gupta-python-full-stack-trainer-jaipur-forsk-coding-school.webp,"Shubham Gupta, Python Full Stack Trainer in Jaipur at Forsk Coding School",Shubham Gupta - Python Full Stack Trainer Jaipur | Forsk Coding School,Shubham Gupta – Python Full Stack Development mentor profile at Forsk Coding School Jaipur,PENDING
FCS-M153,Nikita Malhotra,nikita-malhotra-python-full-stack-trainer-jaipur-forsk-coding-school.webp,"Nikita Malhotra, Python Full Stack Trainer in Jaipur at Forsk Coding School",Nikita Malhotra - Python Full Stack Trainer Jaipur | Forsk Coding School,Nikita Malhotra – Python Full Stack Development mentor profile at Forsk Coding School Jaipur,PENDING
FCS-M154,Piyush Narula,piyush-narula-python-full-stack-trainer-jaipur-forsk-coding-school.webp,"Piyush Narula, Python Full Stack Trainer in Jaipur at Forsk Coding School",Piyush Narula - Python Full Stack Trainer Jaipur | Forsk Coding School,Piyush Narula – Python Full Stack Development mentor profile at Forsk Coding School Jaipur,PENDING
FCS-M155,Kritika Choudhary,kritika-choudhary-python-full-stack-trainer-jaipur-forsk-coding-school.webp,"Kritika Choudhary, Python Full Stack Trainer in Jaipur at Forsk Coding School",Kritika Choudhary - Python Full Stack Trainer Jaipur | Forsk Coding School,Kritika Choudhary – Python Full Stack Development mentor profile at Forsk Coding School Jaipur,PENDING
FCS-M156,Priya Mishra,priya-mishra-python-full-stack-trainer-jaipur-forsk-coding-school.webp,"Priya Mishra, Python Full Stack Trainer in Jaipur at Forsk Coding School",Priya Mishra - Python Full Stack Trainer Jaipur | Forsk Coding School,Priya Mishra – Python Full Stack Development mentor profile at Forsk Coding School Jaipur,PENDING
FCS-M157,Ishita Chawla,ishita-chawla-python-full-stack-trainer-jaipur-forsk-coding-school.webp,"Ishita Chawla, Python Full Stack Trainer in Jaipur at Forsk Coding School",Ishita Chawla - Python Full Stack Trainer Jaipur | Forsk Coding School,Ishita Chawla – Python Full Stack Development mentor profile at Forsk Coding School Jaipur,PENDING
FCS-M158,Nikita Ghosh,nikita-ghosh-python-full-stack-trainer-jaipur-forsk-coding-school.webp,"Nikita Ghosh, Python Full Stack Trainer in Jaipur at Forsk Coding School",Nikita Ghosh - Python Full Stack Trainer Jaipur | Forsk Coding School,Nikita Ghosh – Python Full Stack Development mentor profile at Forsk Coding School Jaipur,PENDING
FCS-M159,Dev Desai,dev-desai-python-full-stack-trainer-jaipur-forsk-coding-school.webp,"Dev Desai, Python Full Stack Trainer in Jaipur at Forsk Coding School",Dev Desai - Python Full Stack Trainer Jaipur | Forsk Coding School,Dev Desai – Python Full Stack Development mentor profile at Forsk Coding School Jaipur,PENDING
FCS-M160,Aakriti Mathur,aakriti-mathur-python-full-stack-trainer-jaipur-forsk-coding-school.webp,"Aakriti Mathur, Python Full Stack Trainer in Jaipur at Forsk Coding School",Aakriti Mathur - Python Full Stack Trainer Jaipur | Forsk Coding School,Aakriti Mathur – Python Full Stack Development mentor profile at Forsk Coding School Jaipur,PENDING
FCS-M161,Pooja Saini,pooja-saini-java-full-stack-trainer-jaipur-forsk-coding-school.webp,"Pooja Saini, Java Full Stack Trainer in Jaipur at Forsk Coding School",Pooja Saini - Java Full Stack Trainer Jaipur | Forsk Coding School,Pooja Saini – Java Full Stack Development mentor profile at Forsk Coding School Jaipur,PENDING
FCS-M162,Neha Mittal,neha-mittal-java-full-stack-trainer-jaipur-forsk-coding-school.webp,"Neha Mittal, Java Full Stack Trainer in Jaipur at Forsk Coding School",Neha Mittal - Java Full Stack Trainer Jaipur | Forsk Coding School,Neha Mittal – Java Full Stack Development mentor profile at Forsk Coding School Jaipur,PENDING
FCS-M163,Ishaan Rajput,ishaan-rajput-java-full-stack-trainer-jaipur-forsk-coding-school.webp,"Ishaan Rajput, Java Full Stack Trainer in Jaipur at Forsk Coding School",Ishaan Rajput - Java Full Stack Trainer Jaipur | Forsk Coding School,Ishaan Rajput – Java Full Stack Development mentor profile at Forsk Coding School Jaipur,PENDING
FCS-M164,Nandini Bose,nandini-bose-java-full-stack-trainer-jaipur-forsk-coding-school.webp,"Nandini Bose, Java Full Stack Trainer in Jaipur at Forsk Coding School",Nandini Bose - Java Full Stack Trainer Jaipur | Forsk Coding School,Nandini Bose – Java Full Stack Development mentor profile at Forsk Coding School Jaipur,PENDING
FCS-M165,Zoya Das,zoya-das-java-full-stack-trainer-jaipur-forsk-coding-school.webp,"Zoya Das, Java Full Stack Trainer in Jaipur at Forsk Coding School",Zoya Das - Java Full Stack Trainer Jaipur | Forsk Coding School,Zoya Das – Java Full Stack Development mentor profile at Forsk Coding School Jaipur,PENDING
FCS-M166,Vivaan Desai,vivaan-desai-java-full-stack-trainer-jaipur-forsk-coding-school.webp,"Vivaan Desai, Java Full Stack Trainer in Jaipur at Forsk Coding School",Vivaan Desai - Java Full Stack Trainer Jaipur | Forsk Coding School,Vivaan Desai – Java Full Stack Development mentor profile at Forsk Coding School Jaipur,PENDING
FCS-M167,Sonali Gill,sonali-gill-java-full-stack-trainer-jaipur-forsk-coding-school.webp,"Sonali Gill, Java Full Stack Trainer in Jaipur at Forsk Coding School",Sonali Gill - Java Full Stack Trainer Jaipur | Forsk Coding School,Sonali Gill – Java Full Stack Development mentor profile at Forsk Coding School Jaipur,PENDING
FCS-M168,Kavya Goyal,kavya-goyal-java-full-stack-trainer-jaipur-forsk-coding-school.webp,"Kavya Goyal, Java Full Stack Trainer in Jaipur at Forsk Coding School",Kavya Goyal - Java Full Stack Trainer Jaipur | Forsk Coding School,Kavya Goyal – Java Full Stack Development mentor profile at Forsk Coding School Jaipur,PENDING
FCS-M169,Abhishek Joshi,abhishek-joshi-java-full-stack-trainer-jaipur-forsk-coding-school.webp,"Abhishek Joshi, Java Full Stack Trainer in Jaipur at Forsk Coding School",Abhishek Joshi - Java Full Stack Trainer Jaipur | Forsk Coding School,Abhishek Joshi – Java Full Stack Development mentor profile at Forsk Coding School Jaipur,PENDING
FCS-M170,Trisha Agarwal,trisha-agarwal-java-full-stack-trainer-jaipur-forsk-coding-school.webp,"Trisha Agarwal, Java Full Stack Trainer in Jaipur at Forsk Coding School",Trisha Agarwal - Java Full Stack Trainer Jaipur | Forsk Coding School,Trisha Agarwal – Java Full Stack Development mentor profile at Forsk Coding School Jaipur,PENDING
FCS-M171,Priya Sodhi,priya-sodhi-front-end-trainer-jaipur-forsk-coding-school.webp,"Priya Sodhi, Front-End Trainer in Jaipur at Forsk Coding School",Priya Sodhi - Front-End Trainer Jaipur | Forsk Coding School,Priya Sodhi – Front-End Web Development mentor profile at Forsk Coding School Jaipur,PENDING
FCS-M172,Zoya Kapoor,zoya-kapoor-front-end-trainer-jaipur-forsk-coding-school.webp,"Zoya Kapoor, Front-End Trainer in Jaipur at Forsk Coding School",Zoya Kapoor - Front-End Trainer Jaipur | Forsk Coding School,Zoya Kapoor – Front-End Web Development mentor profile at Forsk Coding School Jaipur,PENDING
FCS-M173,Dhruv Mishra,dhruv-mishra-front-end-trainer-jaipur-forsk-coding-school.webp,"Dhruv Mishra, Front-End Trainer in Jaipur at Forsk Coding School",Dhruv Mishra - Front-End Trainer Jaipur | Forsk Coding School,Dhruv Mishra – Front-End Web Development mentor profile at Forsk Coding School Jaipur,PENDING
FCS-M174,Yashika Agarwal,yashika-agarwal-front-end-trainer-jaipur-forsk-coding-school.webp,"Yashika Agarwal, Front-End Trainer in Jaipur at Forsk Coding School",Yashika Agarwal - Front-End Trainer Jaipur | Forsk Coding School,Yashika Agarwal – Front-End Web Development mentor profile at Forsk Coding School Jaipur,PENDING
FCS-M175,Saurabh Gupta,saurabh-gupta-front-end-trainer-jaipur-forsk-coding-school.webp,"Saurabh Gupta, Front-End Trainer in Jaipur at Forsk Coding School",Saurabh Gupta - Front-End Trainer Jaipur | Forsk Coding School,Saurabh Gupta – Front-End Web Development mentor profile at Forsk Coding School Jaipur,PENDING
FCS-M176,Tanvi Tripathi,tanvi-tripathi-front-end-trainer-jaipur-forsk-coding-school.webp,"Tanvi Tripathi, Front-End Trainer in Jaipur at Forsk Coding School",Tanvi Tripathi - Front-End Trainer Jaipur | Forsk Coding School,Tanvi Tripathi – Front-End Web Development mentor profile at Forsk Coding School Jaipur,PENDING
FCS-M177,Vishal Roy,vishal-roy-front-end-trainer-jaipur-forsk-coding-school.webp,"Vishal Roy, Front-End Trainer in Jaipur at Forsk Coding School",Vishal Roy - Front-End Trainer Jaipur | Forsk Coding School,Vishal Roy – Front-End Web Development mentor profile at Forsk Coding School Jaipur,PENDING
FCS-M178,Deepika Yadav,deepika-yadav-front-end-trainer-jaipur-forsk-coding-school.webp,"Deepika Yadav, Front-End Trainer in Jaipur at Forsk Coding School",Deepika Yadav - Front-End Trainer Jaipur | Forsk Coding School,Deepika Yadav – Front-End Web Development mentor profile at Forsk Coding School Jaipur,PENDING
FCS-M179,Khushi Sodhi,khushi-sodhi-front-end-trainer-jaipur-forsk-coding-school.webp,"Khushi Sodhi, Front-End Trainer in Jaipur at Forsk Coding School",Khushi Sodhi - Front-End Trainer Jaipur | Forsk Coding School,Khushi Sodhi – Front-End Web Development mentor profile at Forsk Coding School Jaipur,PENDING
FCS-M180,Yash Kapoor,yash-kapoor-front-end-trainer-jaipur-forsk-coding-school.webp,"Yash Kapoor, Front-End Trainer in Jaipur at Forsk Coding School",Yash Kapoor - Front-End Trainer Jaipur | Forsk Coding School,Yash Kapoor – Front-End Web Development mentor profile at Forsk Coding School Jaipur,PENDING
FCS-M181,Meera Gupta,meera-gupta-backend-development-trainer-jaipur-forsk-coding-school.webp,"Meera Gupta, Backend Development Trainer in Jaipur at Forsk Coding School",Meera Gupta - Backend Development Trainer Jaipur | Forsk Coding School,Meera Gupta – Backend & REST API Development mentor profile at Forsk Coding School Jaipur,PENDING
FCS-M182,Piyush Khanna,piyush-khanna-backend-development-trainer-jaipur-forsk-coding-school.webp,"Piyush Khanna, Backend Development Trainer in Jaipur at Forsk Coding School",Piyush Khanna - Backend Development Trainer Jaipur | Forsk Coding School,Piyush Khanna – Backend & REST API Development mentor profile at Forsk Coding School Jaipur,PENDING
FCS-M183,Piyush Roy,piyush-roy-backend-development-trainer-jaipur-forsk-coding-school.webp,"Piyush Roy, Backend Development Trainer in Jaipur at Forsk Coding School",Piyush Roy - Backend Development Trainer Jaipur | Forsk Coding School,Piyush Roy – Backend & REST API Development mentor profile at Forsk Coding School Jaipur,PENDING
FCS-M184,Radhika Thakur,radhika-thakur-backend-development-trainer-jaipur-forsk-coding-school.webp,"Radhika Thakur, Backend Development Trainer in Jaipur at Forsk Coding School",Radhika Thakur - Backend Development Trainer Jaipur | Forsk Coding School,Radhika Thakur – Backend & REST API Development mentor profile at Forsk Coding School Jaipur,PENDING
FCS-M185,Reyansh Reddy,reyansh-reddy-backend-development-trainer-jaipur-forsk-coding-school.webp,"Reyansh Reddy, Backend Development Trainer in Jaipur at Forsk Coding School",Reyansh Reddy - Backend Development Trainer Jaipur | Forsk Coding School,Reyansh Reddy – Backend & REST API Development mentor profile at Forsk Coding School Jaipur,PENDING
FCS-M186,Kunal Khandelwal,kunal-khandelwal-backend-development-trainer-jaipur-forsk-coding-school.webp,"Kunal Khandelwal, Backend Development Trainer in Jaipur at Forsk Coding School",Kunal Khandelwal - Backend Development Trainer Jaipur | Forsk Coding School,Kunal Khandelwal – Backend & REST API Development mentor profile at Forsk Coding School Jaipur,PENDING
FCS-M187,Hina Saxena,hina-saxena-backend-development-trainer-jaipur-forsk-coding-school.webp,"Hina Saxena, Backend Development Trainer in Jaipur at Forsk Coding School",Hina Saxena - Backend Development Trainer Jaipur | Forsk Coding School,Hina Saxena – Backend & REST API Development mentor profile at Forsk Coding School Jaipur,PENDING
FCS-M188,Nikhil Mishra,nikhil-mishra-backend-development-trainer-jaipur-forsk-coding-school.webp,"Nikhil Mishra, Backend Development Trainer in Jaipur at Forsk Coding School",Nikhil Mishra - Backend Development Trainer Jaipur | Forsk Coding School,Nikhil Mishra – Backend & REST API Development mentor profile at Forsk Coding School Jaipur,PENDING
FCS-M189,Swati Das,swati-das-backend-development-trainer-jaipur-forsk-coding-school.webp,"Swati Das, Backend Development Trainer in Jaipur at Forsk Coding School",Swati Das - Backend Development Trainer Jaipur | Forsk Coding School,Swati Das – Backend & REST API Development mentor profile at Forsk Coding School Jaipur,PENDING
FCS-M190,Ayaan Yadav,ayaan-yadav-backend-development-trainer-jaipur-forsk-coding-school.webp,"Ayaan Yadav, Backend Development Trainer in Jaipur at Forsk Coding School",Ayaan Yadav - Backend Development Trainer Jaipur | Forsk Coding School,Ayaan Yadav – Backend & REST API Development mentor profile at Forsk Coding School Jaipur,PENDING
FCS-M191,Charu Singhal,charu-singhal-java-trainer-jaipur-forsk-coding-school.webp,"Charu Singhal, Java Trainer in Jaipur at Forsk Coding School",Charu Singhal - Java Trainer Jaipur | Forsk Coding School,Charu Singhal – Core Java & Advanced Java mentor profile at Forsk Coding School Jaipur,PENDING
FCS-M192,Tushar Joshi,tushar-joshi-java-trainer-jaipur-forsk-coding-school.webp,"Tushar Joshi, Java Trainer in Jaipur at Forsk Coding School",Tushar Joshi - Java Trainer Jaipur | Forsk Coding School,Tushar Joshi – Core Java & Advanced Java mentor profile at Forsk Coding School Jaipur,PENDING
FCS-M193,Aakriti Bose,aakriti-bose-java-trainer-jaipur-forsk-coding-school.webp,"Aakriti Bose, Java Trainer in Jaipur at Forsk Coding School",Aakriti Bose - Java Trainer Jaipur | Forsk Coding School,Aakriti Bose – Core Java & Advanced Java mentor profile at Forsk Coding School Jaipur,PENDING
FCS-M194,Mahima Thakur,mahima-thakur-java-trainer-jaipur-forsk-coding-school.webp,"Mahima Thakur, Java Trainer in Jaipur at Forsk Coding School",Mahima Thakur - Java Trainer Jaipur | Forsk Coding School,Mahima Thakur – Core Java & Advanced Java mentor profile at Forsk Coding School Jaipur,PENDING
FCS-M195,Tarun Mishra,tarun-mishra-java-trainer-jaipur-forsk-coding-school.webp,"Tarun Mishra, Java Trainer in Jaipur at Forsk Coding School",Tarun Mishra - Java Trainer Jaipur | Forsk Coding School,Tarun Mishra – Core Java & Advanced Java mentor profile at Forsk Coding School Jaipur,PENDING
FCS-M196,Pooja Bhardwaj,pooja-bhardwaj-java-trainer-jaipur-forsk-coding-school.webp,"Pooja Bhardwaj, Java Trainer in Jaipur at Forsk Coding School",Pooja Bhardwaj - Java Trainer Jaipur | Forsk Coding School,Pooja Bhardwaj – Core Java & Advanced Java mentor profile at Forsk Coding School Jaipur,PENDING
FCS-M197,Urvashi Mehta,urvashi-mehta-java-trainer-jaipur-forsk-coding-school.webp,"Urvashi Mehta, Java Trainer in Jaipur at Forsk Coding School",Urvashi Mehta - Java Trainer Jaipur | Forsk Coding School,Urvashi Mehta – Core Java & Advanced Java mentor profile at Forsk Coding School Jaipur,PENDING
FCS-M198,Neeraj Vyas,neeraj-vyas-java-trainer-jaipur-forsk-coding-school.webp,"Neeraj Vyas, Java Trainer in Jaipur at Forsk Coding School",Neeraj Vyas - Java Trainer Jaipur | Forsk Coding School,Neeraj Vyas – Core Java & Advanced Java mentor profile at Forsk Coding School Jaipur,PENDING
FCS-M199,Ananya Kashyap,ananya-kashyap-java-trainer-jaipur-forsk-coding-school.webp,"Ananya Kashyap, Java Trainer in Jaipur at Forsk Coding School",Ananya Kashyap - Java Trainer Jaipur | Forsk Coding School,Ananya Kashyap – Core Java & Advanced Java mentor profile at Forsk Coding School Jaipur,PENDING
FCS-M200,Pooja Goel,pooja-goel-java-trainer-jaipur-forsk-coding-school.webp,"Pooja Goel, Java Trainer in Jaipur at Forsk Coding School",Pooja Goel - Java Trainer Jaipur | Forsk Coding School,Pooja Goel – Core Java & Advanced Java mentor profile at Forsk Coding School Jaipur,PENDING
FCS-M201,Rishi Singhal,rishi-singhal-spring-boot-trainer-jaipur-forsk-coding-school.webp,"Rishi Singhal, Spring Boot Trainer in Jaipur at Forsk Coding School",Rishi Singhal - Spring Boot Trainer Jaipur | Forsk Coding School,Rishi Singhal – Spring Boot & Microservices mentor profile at Forsk Coding School Jaipur,PENDING
FCS-M202,Khushi Maheshwari,khushi-maheshwari-spring-boot-trainer-jaipur-forsk-coding-school.webp,"Khushi Maheshwari, Spring Boot Trainer in Jaipur at Forsk Coding School",Khushi Maheshwari - Spring Boot Trainer Jaipur | Forsk Coding School,Khushi Maheshwari – Spring Boot & Microservices mentor profile at Forsk Coding School Jaipur,PENDING
FCS-M203,Rishi Dutta,rishi-dutta-spring-boot-trainer-jaipur-forsk-coding-school.webp,"Rishi Dutta, Spring Boot Trainer in Jaipur at Forsk Coding School",Rishi Dutta - Spring Boot Trainer Jaipur | Forsk Coding School,Rishi Dutta – Spring Boot & Microservices mentor profile at Forsk Coding School Jaipur,PENDING
FCS-M204,Meera Sethi,meera-sethi-spring-boot-trainer-jaipur-forsk-coding-school.webp,"Meera Sethi, Spring Boot Trainer in Jaipur at Forsk Coding School",Meera Sethi - Spring Boot Trainer Jaipur | Forsk Coding School,Meera Sethi – Spring Boot & Microservices mentor profile at Forsk Coding School Jaipur,PENDING
FCS-M205,Charu Goyal,charu-goyal-spring-boot-trainer-jaipur-forsk-coding-school.webp,"Charu Goyal, Spring Boot Trainer in Jaipur at Forsk Coding School",Charu Goyal - Spring Boot Trainer Jaipur | Forsk Coding School,Charu Goyal – Spring Boot & Microservices mentor profile at Forsk Coding School Jaipur,PENDING
FCS-M206,Aditi Roy,aditi-roy-spring-boot-trainer-jaipur-forsk-coding-school.webp,"Aditi Roy, Spring Boot Trainer in Jaipur at Forsk Coding School",Aditi Roy - Spring Boot Trainer Jaipur | Forsk Coding School,Aditi Roy – Spring Boot & Microservices mentor profile at Forsk Coding School Jaipur,PENDING
FCS-M207,Ekta Kulkarni,ekta-kulkarni-spring-boot-trainer-jaipur-forsk-coding-school.webp,"Ekta Kulkarni, Spring Boot Trainer in Jaipur at Forsk Coding School",Ekta Kulkarni - Spring Boot Trainer Jaipur | Forsk Coding School,Ekta Kulkarni – Spring Boot & Microservices mentor profile at Forsk Coding School Jaipur,PENDING
FCS-M208,Aditi Pillai,aditi-pillai-spring-boot-trainer-jaipur-forsk-coding-school.webp,"Aditi Pillai, Spring Boot Trainer in Jaipur at Forsk Coding School",Aditi Pillai - Spring Boot Trainer Jaipur | Forsk Coding School,Aditi Pillai – Spring Boot & Microservices mentor profile at Forsk Coding School Jaipur,PENDING
FCS-M209,Rahul Pawar,rahul-pawar-spring-boot-trainer-jaipur-forsk-coding-school.webp,"Rahul Pawar, Spring Boot Trainer in Jaipur at Forsk Coding School",Rahul Pawar - Spring Boot Trainer Jaipur | Forsk Coding School,Rahul Pawar – Spring Boot & Microservices mentor profile at Forsk Coding School Jaipur,PENDING
FCS-M210,Gauri Iyer,gauri-iyer-spring-boot-trainer-jaipur-forsk-coding-school.webp,"Gauri Iyer, Spring Boot Trainer in Jaipur at Forsk Coding School",Gauri Iyer - Spring Boot Trainer Jaipur | Forsk Coding School,Gauri Iyer – Spring Boot & Microservices mentor profile at Forsk Coding School Jaipur,PENDING
FCS-M211,Aditi Choudhary,aditi-choudhary-c-programming-trainer-jaipur-forsk-coding-school.webp,"Aditi Choudhary, C Programming Trainer in Jaipur at Forsk Coding School",Aditi Choudhary - C Programming Trainer Jaipur | Forsk Coding School,Aditi Choudhary – C Programming mentor profile at Forsk Coding School Jaipur,PENDING
FCS-M212,Garima Rajput,garima-rajput-c-programming-trainer-jaipur-forsk-coding-school.webp,"Garima Rajput, C Programming Trainer in Jaipur at Forsk Coding School",Garima Rajput - C Programming Trainer Jaipur | Forsk Coding School,Garima Rajput – C Programming mentor profile at Forsk Coding School Jaipur,PENDING
FCS-M213,Yash Kashyap,yash-kashyap-c-programming-trainer-jaipur-forsk-coding-school.webp,"Yash Kashyap, C Programming Trainer in Jaipur at Forsk Coding School",Yash Kashyap - C Programming Trainer Jaipur | Forsk Coding School,Yash Kashyap – C Programming mentor profile at Forsk Coding School Jaipur,PENDING
FCS-M214,Akash Singh,akash-singh-c-programming-trainer-jaipur-forsk-coding-school.webp,"Akash Singh, C Programming Trainer in Jaipur at Forsk Coding School",Akash Singh - C Programming Trainer Jaipur | Forsk Coding School,Akash Singh – C Programming mentor profile at Forsk Coding School Jaipur,PENDING
FCS-M215,Radhika Agarwal,radhika-agarwal-c-programming-trainer-jaipur-forsk-coding-school.webp,"Radhika Agarwal, C Programming Trainer in Jaipur at Forsk Coding School",Radhika Agarwal - C Programming Trainer Jaipur | Forsk Coding School,Radhika Agarwal – C Programming mentor profile at Forsk Coding School Jaipur,PENDING
FCS-M216,Bhavya Chawla,bhavya-chawla-c-programming-trainer-jaipur-forsk-coding-school.webp,"Bhavya Chawla, C Programming Trainer in Jaipur at Forsk Coding School",Bhavya Chawla - C Programming Trainer Jaipur | Forsk Coding School,Bhavya Chawla – C Programming mentor profile at Forsk Coding School Jaipur,PENDING
FCS-M217,Bhavya Iyer,bhavya-iyer-c-programming-trainer-jaipur-forsk-coding-school.webp,"Bhavya Iyer, C Programming Trainer in Jaipur at Forsk Coding School",Bhavya Iyer - C Programming Trainer Jaipur | Forsk Coding School,Bhavya Iyer – C Programming mentor profile at Forsk Coding School Jaipur,PENDING
FCS-M218,Vedant Agarwal,vedant-agarwal-c-programming-trainer-jaipur-forsk-coding-school.webp,"Vedant Agarwal, C Programming Trainer in Jaipur at Forsk Coding School",Vedant Agarwal - C Programming Trainer Jaipur | Forsk Coding School,Vedant Agarwal – C Programming mentor profile at Forsk Coding School Jaipur,PENDING
FCS-M219,Arjun Patel,arjun-patel-c-programming-trainer-jaipur-forsk-coding-school.webp,"Arjun Patel, C Programming Trainer in Jaipur at Forsk Coding School",Arjun Patel - C Programming Trainer Jaipur | Forsk Coding School,Arjun Patel – C Programming mentor profile at Forsk Coding School Jaipur,PENDING
FCS-M220,Tamanna Anand,tamanna-anand-c-programming-trainer-jaipur-forsk-coding-school.webp,"Tamanna Anand, C Programming Trainer in Jaipur at Forsk Coding School",Tamanna Anand - C Programming Trainer Jaipur | Forsk Coding School,Tamanna Anand – C Programming mentor profile at Forsk Coding School Jaipur,PENDING
FCS-M221,Pranav Mittal,pranav-mittal-c-trainer-jaipur-forsk-coding-school.webp,"Pranav Mittal, C++ Trainer in Jaipur at Forsk Coding School",Pranav Mittal - C++ Trainer Jaipur | Forsk Coding School,Pranav Mittal – C++ Programming mentor profile at Forsk Coding School Jaipur,PENDING
FCS-M222,Drishti Goyal,drishti-goyal-c-trainer-jaipur-forsk-coding-school.webp,"Drishti Goyal, C++ Trainer in Jaipur at Forsk Coding School",Drishti Goyal - C++ Trainer Jaipur | Forsk Coding School,Drishti Goyal – C++ Programming mentor profile at Forsk Coding School Jaipur,PENDING
FCS-M223,Gauri Bose,gauri-bose-c-trainer-jaipur-forsk-coding-school.webp,"Gauri Bose, C++ Trainer in Jaipur at Forsk Coding School",Gauri Bose - C++ Trainer Jaipur | Forsk Coding School,Gauri Bose – C++ Programming mentor profile at Forsk Coding School Jaipur,PENDING
FCS-M224,Ekta Agarwal,ekta-agarwal-c-trainer-jaipur-forsk-coding-school.webp,"Ekta Agarwal, C++ Trainer in Jaipur at Forsk Coding School",Ekta Agarwal - C++ Trainer Jaipur | Forsk Coding School,Ekta Agarwal – C++ Programming mentor profile at Forsk Coding School Jaipur,PENDING
FCS-M225,Mansi Patil,mansi-patil-c-trainer-jaipur-forsk-coding-school.webp,"Mansi Patil, C++ Trainer in Jaipur at Forsk Coding School",Mansi Patil - C++ Trainer Jaipur | Forsk Coding School,Mansi Patil – C++ Programming mentor profile at Forsk Coding School Jaipur,PENDING
FCS-M226,Varun Patel,varun-patel-c-trainer-jaipur-forsk-coding-school.webp,"Varun Patel, C++ Trainer in Jaipur at Forsk Coding School",Varun Patel - C++ Trainer Jaipur | Forsk Coding School,Varun Patel – C++ Programming mentor profile at Forsk Coding School Jaipur,PENDING
FCS-M227,Sonali Joshi,sonali-joshi-c-trainer-jaipur-forsk-coding-school.webp,"Sonali Joshi, C++ Trainer in Jaipur at Forsk Coding School",Sonali Joshi - C++ Trainer Jaipur | Forsk Coding School,Sonali Joshi – C++ Programming mentor profile at Forsk Coding School Jaipur,PENDING
FCS-M228,Rohan Bajaj,rohan-bajaj-c-trainer-jaipur-forsk-coding-school.webp,"Rohan Bajaj, C++ Trainer in Jaipur at Forsk Coding School",Rohan Bajaj - C++ Trainer Jaipur | Forsk Coding School,Rohan Bajaj – C++ Programming mentor profile at Forsk Coding School Jaipur,PENDING
FCS-M229,Harsh Chauhan,harsh-chauhan-c-trainer-jaipur-forsk-coding-school.webp,"Harsh Chauhan, C++ Trainer in Jaipur at Forsk Coding School",Harsh Chauhan - C++ Trainer Jaipur | Forsk Coding School,Harsh Chauhan – C++ Programming mentor profile at Forsk Coding School Jaipur,PENDING
FCS-M230,Kabir Roy,kabir-roy-c-trainer-jaipur-forsk-coding-school.webp,"Kabir Roy, C++ Trainer in Jaipur at Forsk Coding School",Kabir Roy - C++ Trainer Jaipur | Forsk Coding School,Kabir Roy – C++ Programming mentor profile at Forsk Coding School Jaipur,PENDING
FCS-M231,Ritika Goyal,ritika-goyal-dsa-trainer-jaipur-forsk-coding-school.webp,"Ritika Goyal, DSA Trainer in Jaipur at Forsk Coding School",Ritika Goyal - DSA Trainer Jaipur | Forsk Coding School,Ritika Goyal – Data Structures & Algorithms mentor profile at Forsk Coding School Jaipur,PENDING
FCS-M232,Avni Narula,avni-narula-dsa-trainer-jaipur-forsk-coding-school.webp,"Avni Narula, DSA Trainer in Jaipur at Forsk Coding School",Avni Narula - DSA Trainer Jaipur | Forsk Coding School,Avni Narula – Data Structures & Algorithms mentor profile at Forsk Coding School Jaipur,PENDING
FCS-M233,Shruti Thakur,shruti-thakur-dsa-trainer-jaipur-forsk-coding-school.webp,"Shruti Thakur, DSA Trainer in Jaipur at Forsk Coding School",Shruti Thakur - DSA Trainer Jaipur | Forsk Coding School,Shruti Thakur – Data Structures & Algorithms mentor profile at Forsk Coding School Jaipur,PENDING
FCS-M234,Ojasvi Singh,ojasvi-singh-dsa-trainer-jaipur-forsk-coding-school.webp,"Ojasvi Singh, DSA Trainer in Jaipur at Forsk Coding School",Ojasvi Singh - DSA Trainer Jaipur | Forsk Coding School,Ojasvi Singh – Data Structures & Algorithms mentor profile at Forsk Coding School Jaipur,PENDING
FCS-M235,Trisha Pillai,trisha-pillai-dsa-trainer-jaipur-forsk-coding-school.webp,"Trisha Pillai, DSA Trainer in Jaipur at Forsk Coding School",Trisha Pillai - DSA Trainer Jaipur | Forsk Coding School,Trisha Pillai – Data Structures & Algorithms mentor profile at Forsk Coding School Jaipur,PENDING
FCS-M236,Laksh Bhardwaj,laksh-bhardwaj-dsa-trainer-jaipur-forsk-coding-school.webp,"Laksh Bhardwaj, DSA Trainer in Jaipur at Forsk Coding School",Laksh Bhardwaj - DSA Trainer Jaipur | Forsk Coding School,Laksh Bhardwaj – Data Structures & Algorithms mentor profile at Forsk Coding School Jaipur,PENDING
FCS-M237,Muskan Rao,muskan-rao-dsa-trainer-jaipur-forsk-coding-school.webp,"Muskan Rao, DSA Trainer in Jaipur at Forsk Coding School",Muskan Rao - DSA Trainer Jaipur | Forsk Coding School,Muskan Rao – Data Structures & Algorithms mentor profile at Forsk Coding School Jaipur,PENDING
FCS-M238,Dhruv Rathore,dhruv-rathore-dsa-trainer-jaipur-forsk-coding-school.webp,"Dhruv Rathore, DSA Trainer in Jaipur at Forsk Coding School",Dhruv Rathore - DSA Trainer Jaipur | Forsk Coding School,Dhruv Rathore – Data Structures & Algorithms mentor profile at Forsk Coding School Jaipur,PENDING
FCS-M239,Zoya Bose,zoya-bose-dsa-trainer-jaipur-forsk-coding-school.webp,"Zoya Bose, DSA Trainer in Jaipur at Forsk Coding School",Zoya Bose - DSA Trainer Jaipur | Forsk Coding School,Zoya Bose – Data Structures & Algorithms mentor profile at Forsk Coding School Jaipur,PENDING
FCS-M240,Kritika Kohli,kritika-kohli-dsa-trainer-jaipur-forsk-coding-school.webp,"Kritika Kohli, DSA Trainer in Jaipur at Forsk Coding School",Kritika Kohli - DSA Trainer Jaipur | Forsk Coding School,Kritika Kohli – Data Structures & Algorithms mentor profile at Forsk Coding School Jaipur,PENDING
FCS-M241,Swati Kohli,swati-kohli-competitive-programming-mentor-jaipur-forsk-coding-school.webp,"Swati Kohli, Competitive Programming Mentor in Jaipur at Forsk Coding School",Swati Kohli - Competitive Programming Mentor Jaipur | Forsk Coding School,Swati Kohli – Competitive Programming mentor profile at Forsk Coding School Jaipur,PENDING
FCS-M242,Tushar Patel,tushar-patel-competitive-programming-mentor-jaipur-forsk-coding-school.webp,"Tushar Patel, Competitive Programming Mentor in Jaipur at Forsk Coding School",Tushar Patel - Competitive Programming Mentor Jaipur | Forsk Coding School,Tushar Patel – Competitive Programming mentor profile at Forsk Coding School Jaipur,PENDING
FCS-M243,Sonali Singhal,sonali-singhal-competitive-programming-mentor-jaipur-forsk-coding-school.webp,"Sonali Singhal, Competitive Programming Mentor in Jaipur at Forsk Coding School",Sonali Singhal - Competitive Programming Mentor Jaipur | Forsk Coding School,Sonali Singhal – Competitive Programming mentor profile at Forsk Coding School Jaipur,PENDING
FCS-M244,Nandini Das,nandini-das-competitive-programming-mentor-jaipur-forsk-coding-school.webp,"Nandini Das, Competitive Programming Mentor in Jaipur at Forsk Coding School",Nandini Das - Competitive Programming Mentor Jaipur | Forsk Coding School,Nandini Das – Competitive Programming mentor profile at Forsk Coding School Jaipur,PENDING
FCS-M245,Vaishnavi Goyal,vaishnavi-goyal-competitive-programming-mentor-jaipur-forsk-coding-school.webp,"Vaishnavi Goyal, Competitive Programming Mentor in Jaipur at Forsk Coding School",Vaishnavi Goyal - Competitive Programming Mentor Jaipur | Forsk Coding School,Vaishnavi Goyal – Competitive Programming mentor profile at Forsk Coding School Jaipur,PENDING
FCS-M246,Siya Singh,siya-singh-competitive-programming-mentor-jaipur-forsk-coding-school.webp,"Siya Singh, Competitive Programming Mentor in Jaipur at Forsk Coding School",Siya Singh - Competitive Programming Mentor Jaipur | Forsk Coding School,Siya Singh – Competitive Programming mentor profile at Forsk Coding School Jaipur,PENDING
FCS-M247,Sameer Kashyap,sameer-kashyap-competitive-programming-mentor-jaipur-forsk-coding-school.webp,"Sameer Kashyap, Competitive Programming Mentor in Jaipur at Forsk Coding School",Sameer Kashyap - Competitive Programming Mentor Jaipur | Forsk Coding School,Sameer Kashyap – Competitive Programming mentor profile at Forsk Coding School Jaipur,PENDING
FCS-M248,Garima Patil,garima-patil-competitive-programming-mentor-jaipur-forsk-coding-school.webp,"Garima Patil, Competitive Programming Mentor in Jaipur at Forsk Coding School",Garima Patil - Competitive Programming Mentor Jaipur | Forsk Coding School,Garima Patil – Competitive Programming mentor profile at Forsk Coding School Jaipur,PENDING
FCS-M249,Trisha Sharma,trisha-sharma-competitive-programming-mentor-jaipur-forsk-coding-school.webp,"Trisha Sharma, Competitive Programming Mentor in Jaipur at Forsk Coding School",Trisha Sharma - Competitive Programming Mentor Jaipur | Forsk Coding School,Trisha Sharma – Competitive Programming mentor profile at Forsk Coding School Jaipur,PENDING
FCS-M250,Muskan Srivastava,muskan-srivastava-competitive-programming-mentor-jaipur-forsk-coding-school.webp,"Muskan Srivastava, Competitive Programming Mentor in Jaipur at Forsk Coding School",Muskan Srivastava - Competitive Programming Mentor Jaipur | Forsk Coding School,Muskan Srivastava – Competitive Programming mentor profile at Forsk Coding School Jaipur,PENDING
FCS-M251,Hina Ghosh,hina-ghosh-php-laravel-trainer-jaipur-forsk-coding-school.webp,"Hina Ghosh, PHP Laravel Trainer in Jaipur at Forsk Coding School",Hina Ghosh - PHP Laravel Trainer Jaipur | Forsk Coding School,Hina Ghosh – PHP & Laravel mentor profile at Forsk Coding School Jaipur,PENDING
FCS-M252,Uday Juneja,uday-juneja-php-laravel-trainer-jaipur-forsk-coding-school.webp,"Uday Juneja, PHP Laravel Trainer in Jaipur at Forsk Coding School",Uday Juneja - PHP Laravel Trainer Jaipur | Forsk Coding School,Uday Juneja – PHP & Laravel mentor profile at Forsk Coding School Jaipur,PENDING
FCS-M253,Upasana Khanna,upasana-khanna-php-laravel-trainer-jaipur-forsk-coding-school.webp,"Upasana Khanna, PHP Laravel Trainer in Jaipur at Forsk Coding School",Upasana Khanna - PHP Laravel Trainer Jaipur | Forsk Coding School,Upasana Khanna – PHP & Laravel mentor profile at Forsk Coding School Jaipur,PENDING
FCS-M254,Esha Roy,esha-roy-php-laravel-trainer-jaipur-forsk-coding-school.webp,"Esha Roy, PHP Laravel Trainer in Jaipur at Forsk Coding School",Esha Roy - PHP Laravel Trainer Jaipur | Forsk Coding School,Esha Roy – PHP & Laravel mentor profile at Forsk Coding School Jaipur,PENDING
FCS-M255,Trisha Chawla,trisha-chawla-php-laravel-trainer-jaipur-forsk-coding-school.webp,"Trisha Chawla, PHP Laravel Trainer in Jaipur at Forsk Coding School",Trisha Chawla - PHP Laravel Trainer Jaipur | Forsk Coding School,Trisha Chawla – PHP & Laravel mentor profile at Forsk Coding School Jaipur,PENDING
FCS-M256,Piyush Mathur,piyush-mathur-php-laravel-trainer-jaipur-forsk-coding-school.webp,"Piyush Mathur, PHP Laravel Trainer in Jaipur at Forsk Coding School",Piyush Mathur - PHP Laravel Trainer Jaipur | Forsk Coding School,Piyush Mathur – PHP & Laravel mentor profile at Forsk Coding School Jaipur,PENDING
FCS-M257,Yashika Singh,yashika-singh-php-laravel-trainer-jaipur-forsk-coding-school.webp,"Yashika Singh, PHP Laravel Trainer in Jaipur at Forsk Coding School",Yashika Singh - PHP Laravel Trainer Jaipur | Forsk Coding School,Yashika Singh – PHP & Laravel mentor profile at Forsk Coding School Jaipur,PENDING
FCS-M258,Manish Goyal,manish-goyal-php-laravel-trainer-jaipur-forsk-coding-school.webp,"Manish Goyal, PHP Laravel Trainer in Jaipur at Forsk Coding School",Manish Goyal - PHP Laravel Trainer Jaipur | Forsk Coding School,Manish Goyal – PHP & Laravel mentor profile at Forsk Coding School Jaipur,PENDING
FCS-M259,Meera Malhotra,meera-malhotra-php-laravel-trainer-jaipur-forsk-coding-school.webp,"Meera Malhotra, PHP Laravel Trainer in Jaipur at Forsk Coding School",Meera Malhotra - PHP Laravel Trainer Jaipur | Forsk Coding School,Meera Malhotra – PHP & Laravel mentor profile at Forsk Coding School Jaipur,PENDING
FCS-M260,Manish Chauhan,manish-chauhan-php-laravel-trainer-jaipur-forsk-coding-school.webp,"Manish Chauhan, PHP Laravel Trainer in Jaipur at Forsk Coding School",Manish Chauhan - PHP Laravel Trainer Jaipur | Forsk Coding School,Manish Chauhan – PHP & Laravel mentor profile at Forsk Coding School Jaipur,PENDING
FCS-M261,Aarav Khandelwal,aarav-khandelwal-wordpress-trainer-jaipur-forsk-coding-school.webp,"Aarav Khandelwal, WordPress Trainer in Jaipur at Forsk Coding School",Aarav Khandelwal - WordPress Trainer Jaipur | Forsk Coding School,Aarav Khandelwal – WordPress Development mentor profile at Forsk Coding School Jaipur,PENDING
FCS-M262,Parul Gupta,parul-gupta-wordpress-trainer-jaipur-forsk-coding-school.webp,"Parul Gupta, WordPress Trainer in Jaipur at Forsk Coding School",Parul Gupta - WordPress Trainer Jaipur | Forsk Coding School,Parul Gupta – WordPress Development mentor profile at Forsk Coding School Jaipur,PENDING
FCS-M263,Manish Mehta,manish-mehta-wordpress-trainer-jaipur-forsk-coding-school.webp,"Manish Mehta, WordPress Trainer in Jaipur at Forsk Coding School",Manish Mehta - WordPress Trainer Jaipur | Forsk Coding School,Manish Mehta – WordPress Development mentor profile at Forsk Coding School Jaipur,PENDING
FCS-M264,Ekta Menon,ekta-menon-wordpress-trainer-jaipur-forsk-coding-school.webp,"Ekta Menon, WordPress Trainer in Jaipur at Forsk Coding School",Ekta Menon - WordPress Trainer Jaipur | Forsk Coding School,Ekta Menon – WordPress Development mentor profile at Forsk Coding School Jaipur,PENDING
FCS-M265,Kanika Maheshwari,kanika-maheshwari-wordpress-trainer-jaipur-forsk-coding-school.webp,"Kanika Maheshwari, WordPress Trainer in Jaipur at Forsk Coding School",Kanika Maheshwari - WordPress Trainer Jaipur | Forsk Coding School,Kanika Maheshwari – WordPress Development mentor profile at Forsk Coding School Jaipur,PENDING
FCS-M266,Tarun Goel,tarun-goel-wordpress-trainer-jaipur-forsk-coding-school.webp,"Tarun Goel, WordPress Trainer in Jaipur at Forsk Coding School",Tarun Goel - WordPress Trainer Jaipur | Forsk Coding School,Tarun Goel – WordPress Development mentor profile at Forsk Coding School Jaipur,PENDING
FCS-M267,Radhika Chauhan,radhika-chauhan-wordpress-trainer-jaipur-forsk-coding-school.webp,"Radhika Chauhan, WordPress Trainer in Jaipur at Forsk Coding School",Radhika Chauhan - WordPress Trainer Jaipur | Forsk Coding School,Radhika Chauhan – WordPress Development mentor profile at Forsk Coding School Jaipur,PENDING
FCS-M268,Kartik Singh,kartik-singh-wordpress-trainer-jaipur-forsk-coding-school.webp,"Kartik Singh, WordPress Trainer in Jaipur at Forsk Coding School",Kartik Singh - WordPress Trainer Jaipur | Forsk Coding School,Kartik Singh – WordPress Development mentor profile at Forsk Coding School Jaipur,PENDING
FCS-M269,Rajat Mittal,rajat-mittal-wordpress-trainer-jaipur-forsk-coding-school.webp,"Rajat Mittal, WordPress Trainer in Jaipur at Forsk Coding School",Rajat Mittal - WordPress Trainer Jaipur | Forsk Coding School,Rajat Mittal – WordPress Development mentor profile at Forsk Coding School Jaipur,PENDING
FCS-M270,Vedant Joshi,vedant-joshi-wordpress-trainer-jaipur-forsk-coding-school.webp,"Vedant Joshi, WordPress Trainer in Jaipur at Forsk Coding School",Vedant Joshi - WordPress Trainer Jaipur | Forsk Coding School,Vedant Joshi – WordPress Development mentor profile at Forsk Coding School Jaipur,PENDING
FCS-M271,Parul Rao,parul-rao-react-next-js-trainer-jaipur-forsk-coding-school.webp,"Parul Rao, React Next.js Trainer in Jaipur at Forsk Coding School",Parul Rao - React Next.js Trainer Jaipur | Forsk Coding School,Parul Rao – React & Next.js mentor profile at Forsk Coding School Jaipur,PENDING
FCS-M272,Rashmi Prasad,rashmi-prasad-react-next-js-trainer-jaipur-forsk-coding-school.webp,"Rashmi Prasad, React Next.js Trainer in Jaipur at Forsk Coding School",Rashmi Prasad - React Next.js Trainer Jaipur | Forsk Coding School,Rashmi Prasad – React & Next.js mentor profile at Forsk Coding School Jaipur,PENDING
FCS-M273,Radhika Kashyap,radhika-kashyap-react-next-js-trainer-jaipur-forsk-coding-school.webp,"Radhika Kashyap, React Next.js Trainer in Jaipur at Forsk Coding School",Radhika Kashyap - React Next.js Trainer Jaipur | Forsk Coding School,Radhika Kashyap – React & Next.js mentor profile at Forsk Coding School Jaipur,PENDING
FCS-M274,Krishna Verma,krishna-verma-react-next-js-trainer-jaipur-forsk-coding-school.webp,"Krishna Verma, React Next.js Trainer in Jaipur at Forsk Coding School",Krishna Verma - React Next.js Trainer Jaipur | Forsk Coding School,Krishna Verma – React & Next.js mentor profile at Forsk Coding School Jaipur,PENDING
FCS-M275,Arjun Kapoor,arjun-kapoor-react-next-js-trainer-jaipur-forsk-coding-school.webp,"Arjun Kapoor, React Next.js Trainer in Jaipur at Forsk Coding School",Arjun Kapoor - React Next.js Trainer Jaipur | Forsk Coding School,Arjun Kapoor – React & Next.js mentor profile at Forsk Coding School Jaipur,PENDING
FCS-M276,Varun Mehta,varun-mehta-react-next-js-trainer-jaipur-forsk-coding-school.webp,"Varun Mehta, React Next.js Trainer in Jaipur at Forsk Coding School",Varun Mehta - React Next.js Trainer Jaipur | Forsk Coding School,Varun Mehta – React & Next.js mentor profile at Forsk Coding School Jaipur,PENDING
FCS-M277,Sneha Ahuja,sneha-ahuja-react-next-js-trainer-jaipur-forsk-coding-school.webp,"Sneha Ahuja, React Next.js Trainer in Jaipur at Forsk Coding School",Sneha Ahuja - React Next.js Trainer Jaipur | Forsk Coding School,Sneha Ahuja – React & Next.js mentor profile at Forsk Coding School Jaipur,PENDING
FCS-M278,Neha Dubey,neha-dubey-react-next-js-trainer-jaipur-forsk-coding-school.webp,"Neha Dubey, React Next.js Trainer in Jaipur at Forsk Coding School",Neha Dubey - React Next.js Trainer Jaipur | Forsk Coding School,Neha Dubey – React & Next.js mentor profile at Forsk Coding School Jaipur,PENDING
FCS-M279,Mansi Srivastava,mansi-srivastava-react-next-js-trainer-jaipur-forsk-coding-school.webp,"Mansi Srivastava, React Next.js Trainer in Jaipur at Forsk Coding School",Mansi Srivastava - React Next.js Trainer Jaipur | Forsk Coding School,Mansi Srivastava – React & Next.js mentor profile at Forsk Coding School Jaipur,PENDING
FCS-M280,Muskan Roy,muskan-roy-react-next-js-trainer-jaipur-forsk-coding-school.webp,"Muskan Roy, React Next.js Trainer in Jaipur at Forsk Coding School",Muskan Roy - React Next.js Trainer Jaipur | Forsk Coding School,Muskan Roy – React & Next.js mentor profile at Forsk Coding School Jaipur,PENDING
FCS-M281,Priya Sethi,priya-sethi-node-js-trainer-jaipur-forsk-coding-school.webp,"Priya Sethi, Node.js Trainer in Jaipur at Forsk Coding School",Priya Sethi - Node.js Trainer Jaipur | Forsk Coding School,Priya Sethi – Node.js & Express.js mentor profile at Forsk Coding School Jaipur,PENDING
FCS-M282,Lavanya Patil,lavanya-patil-node-js-trainer-jaipur-forsk-coding-school.webp,"Lavanya Patil, Node.js Trainer in Jaipur at Forsk Coding School",Lavanya Patil - Node.js Trainer Jaipur | Forsk Coding School,Lavanya Patil – Node.js & Express.js mentor profile at Forsk Coding School Jaipur,PENDING
FCS-M283,Aman Iyer,aman-iyer-node-js-trainer-jaipur-forsk-coding-school.webp,"Aman Iyer, Node.js Trainer in Jaipur at Forsk Coding School",Aman Iyer - Node.js Trainer Jaipur | Forsk Coding School,Aman Iyer – Node.js & Express.js mentor profile at Forsk Coding School Jaipur,PENDING
FCS-M284,Varun Purohit,varun-purohit-node-js-trainer-jaipur-forsk-coding-school.webp,"Varun Purohit, Node.js Trainer in Jaipur at Forsk Coding School",Varun Purohit - Node.js Trainer Jaipur | Forsk Coding School,Varun Purohit – Node.js & Express.js mentor profile at Forsk Coding School Jaipur,PENDING
FCS-M285,Aman Sodhi,aman-sodhi-node-js-trainer-jaipur-forsk-coding-school.webp,"Aman Sodhi, Node.js Trainer in Jaipur at Forsk Coding School",Aman Sodhi - Node.js Trainer Jaipur | Forsk Coding School,Aman Sodhi – Node.js & Express.js mentor profile at Forsk Coding School Jaipur,PENDING
FCS-M286,Riya Purohit,riya-purohit-node-js-trainer-jaipur-forsk-coding-school.webp,"Riya Purohit, Node.js Trainer in Jaipur at Forsk Coding School",Riya Purohit - Node.js Trainer Jaipur | Forsk Coding School,Riya Purohit – Node.js & Express.js mentor profile at Forsk Coding School Jaipur,PENDING
FCS-M287,Ayaan Mishra,ayaan-mishra-node-js-trainer-jaipur-forsk-coding-school.webp,"Ayaan Mishra, Node.js Trainer in Jaipur at Forsk Coding School",Ayaan Mishra - Node.js Trainer Jaipur | Forsk Coding School,Ayaan Mishra – Node.js & Express.js mentor profile at Forsk Coding School Jaipur,PENDING
FCS-M288,Neeraj Singhal,neeraj-singhal-node-js-trainer-jaipur-forsk-coding-school.webp,"Neeraj Singhal, Node.js Trainer in Jaipur at Forsk Coding School",Neeraj Singhal - Node.js Trainer Jaipur | Forsk Coding School,Neeraj Singhal – Node.js & Express.js mentor profile at Forsk Coding School Jaipur,PENDING
FCS-M289,Vani Menon,vani-menon-node-js-trainer-jaipur-forsk-coding-school.webp,"Vani Menon, Node.js Trainer in Jaipur at Forsk Coding School",Vani Menon - Node.js Trainer Jaipur | Forsk Coding School,Vani Menon – Node.js & Express.js mentor profile at Forsk Coding School Jaipur,PENDING
FCS-M290,Saurabh Prasad,saurabh-prasad-node-js-trainer-jaipur-forsk-coding-school.webp,"Saurabh Prasad, Node.js Trainer in Jaipur at Forsk Coding School",Saurabh Prasad - Node.js Trainer Jaipur | Forsk Coding School,Saurabh Prasad – Node.js & Express.js mentor profile at Forsk Coding School Jaipur,PENDING
FCS-M291,Kartik Singhal,kartik-singhal-flutter-trainer-jaipur-forsk-coding-school.webp,"Kartik Singhal, Flutter Trainer in Jaipur at Forsk Coding School",Kartik Singhal - Flutter Trainer Jaipur | Forsk Coding School,Kartik Singhal – Android & Flutter Development mentor profile at Forsk Coding School Jaipur,PENDING
FCS-M292,Vani Purohit,vani-purohit-flutter-trainer-jaipur-forsk-coding-school.webp,"Vani Purohit, Flutter Trainer in Jaipur at Forsk Coding School",Vani Purohit - Flutter Trainer Jaipur | Forsk Coding School,Vani Purohit – Android & Flutter Development mentor profile at Forsk Coding School Jaipur,PENDING
FCS-M293,Pranav Pandey,pranav-pandey-flutter-trainer-jaipur-forsk-coding-school.webp,"Pranav Pandey, Flutter Trainer in Jaipur at Forsk Coding School",Pranav Pandey - Flutter Trainer Jaipur | Forsk Coding School,Pranav Pandey – Android & Flutter Development mentor profile at Forsk Coding School Jaipur,PENDING
FCS-M294,Aakriti Dutta,aakriti-dutta-flutter-trainer-jaipur-forsk-coding-school.webp,"Aakriti Dutta, Flutter Trainer in Jaipur at Forsk Coding School",Aakriti Dutta - Flutter Trainer Jaipur | Forsk Coding School,Aakriti Dutta – Android & Flutter Development mentor profile at Forsk Coding School Jaipur,PENDING
FCS-M295,Yashika Malhotra,yashika-malhotra-flutter-trainer-jaipur-forsk-coding-school.webp,"Yashika Malhotra, Flutter Trainer in Jaipur at Forsk Coding School",Yashika Malhotra - Flutter Trainer Jaipur | Forsk Coding School,Yashika Malhotra – Android & Flutter Development mentor profile at Forsk Coding School Jaipur,PENDING
FCS-M296,Vani Wadhwa,vani-wadhwa-flutter-trainer-jaipur-forsk-coding-school.webp,"Vani Wadhwa, Flutter Trainer in Jaipur at Forsk Coding School",Vani Wadhwa - Flutter Trainer Jaipur | Forsk Coding School,Vani Wadhwa – Android & Flutter Development mentor profile at Forsk Coding School Jaipur,PENDING
FCS-M297,Sakshi Mehta,sakshi-mehta-flutter-trainer-jaipur-forsk-coding-school.webp,"Sakshi Mehta, Flutter Trainer in Jaipur at Forsk Coding School",Sakshi Mehta - Flutter Trainer Jaipur | Forsk Coding School,Sakshi Mehta – Android & Flutter Development mentor profile at Forsk Coding School Jaipur,PENDING
FCS-M298,Siddharth Mishra,siddharth-mishra-flutter-trainer-jaipur-forsk-coding-school.webp,"Siddharth Mishra, Flutter Trainer in Jaipur at Forsk Coding School",Siddharth Mishra - Flutter Trainer Jaipur | Forsk Coding School,Siddharth Mishra – Android & Flutter Development mentor profile at Forsk Coding School Jaipur,PENDING
FCS-M299,Rashmi Jadhav,rashmi-jadhav-flutter-trainer-jaipur-forsk-coding-school.webp,"Rashmi Jadhav, Flutter Trainer in Jaipur at Forsk Coding School",Rashmi Jadhav - Flutter Trainer Jaipur | Forsk Coding School,Rashmi Jadhav – Android & Flutter Development mentor profile at Forsk Coding School Jaipur,PENDING
FCS-M300,Radhika Ahuja,radhika-ahuja-flutter-trainer-jaipur-forsk-coding-school.webp,"Radhika Ahuja, Flutter Trainer in Jaipur at Forsk Coding School",Radhika Ahuja - Flutter Trainer Jaipur | Forsk Coding School,Radhika Ahuja – Android & Flutter Development mentor profile at Forsk Coding School Jaipur,PENDING
FCS-M301,Isha Mehta,isha-mehta-cyber-security-trainer-jaipur-forsk-coding-school.webp,"Isha Mehta, Cyber Security Trainer in Jaipur at Forsk Coding School",Isha Mehta - Cyber Security Trainer Jaipur | Forsk Coding School,Isha Mehta – Cyber Security & Ethical Hacking mentor profile at Forsk Coding School Jaipur,PENDING
FCS-M302,Vani Saxena,vani-saxena-cyber-security-trainer-jaipur-forsk-coding-school.webp,"Vani Saxena, Cyber Security Trainer in Jaipur at Forsk Coding School",Vani Saxena - Cyber Security Trainer Jaipur | Forsk Coding School,Vani Saxena – Cyber Security & Ethical Hacking mentor profile at Forsk Coding School Jaipur,PENDING
FCS-M303,Vedant Khandelwal,vedant-khandelwal-cyber-security-trainer-jaipur-forsk-coding-school.webp,"Vedant Khandelwal, Cyber Security Trainer in Jaipur at Forsk Coding School",Vedant Khandelwal - Cyber Security Trainer Jaipur | Forsk Coding School,Vedant Khandelwal – Cyber Security & Ethical Hacking mentor profile at Forsk Coding School Jaipur,PENDING
FCS-M304,Esha Menon,esha-menon-cyber-security-trainer-jaipur-forsk-coding-school.webp,"Esha Menon, Cyber Security Trainer in Jaipur at Forsk Coding School",Esha Menon - Cyber Security Trainer Jaipur | Forsk Coding School,Esha Menon – Cyber Security & Ethical Hacking mentor profile at Forsk Coding School Jaipur,PENDING
FCS-M305,Aarohi Patel,aarohi-patel-cyber-security-trainer-jaipur-forsk-coding-school.webp,"Aarohi Patel, Cyber Security Trainer in Jaipur at Forsk Coding School",Aarohi Patel - Cyber Security Trainer Jaipur | Forsk Coding School,Aarohi Patel – Cyber Security & Ethical Hacking mentor profile at Forsk Coding School Jaipur,PENDING
FCS-M306,Harsh Rathore,harsh-rathore-cyber-security-trainer-jaipur-forsk-coding-school.webp,"Harsh Rathore, Cyber Security Trainer in Jaipur at Forsk Coding School",Harsh Rathore - Cyber Security Trainer Jaipur | Forsk Coding School,Harsh Rathore – Cyber Security & Ethical Hacking mentor profile at Forsk Coding School Jaipur,PENDING
FCS-M307,Nikita Kulkarni,nikita-kulkarni-cyber-security-trainer-jaipur-forsk-coding-school.webp,"Nikita Kulkarni, Cyber Security Trainer in Jaipur at Forsk Coding School",Nikita Kulkarni - Cyber Security Trainer Jaipur | Forsk Coding School,Nikita Kulkarni – Cyber Security & Ethical Hacking mentor profile at Forsk Coding School Jaipur,PENDING
FCS-M308,Aman Chawla,aman-chawla-cyber-security-trainer-jaipur-forsk-coding-school.webp,"Aman Chawla, Cyber Security Trainer in Jaipur at Forsk Coding School",Aman Chawla - Cyber Security Trainer Jaipur | Forsk Coding School,Aman Chawla – Cyber Security & Ethical Hacking mentor profile at Forsk Coding School Jaipur,PENDING
FCS-M309,Akash Roy,akash-roy-cyber-security-trainer-jaipur-forsk-coding-school.webp,"Akash Roy, Cyber Security Trainer in Jaipur at Forsk Coding School",Akash Roy - Cyber Security Trainer Jaipur | Forsk Coding School,Akash Roy – Cyber Security & Ethical Hacking mentor profile at Forsk Coding School Jaipur,PENDING
FCS-M310,Akash Singhal,akash-singhal-cyber-security-trainer-jaipur-forsk-coding-school.webp,"Akash Singhal, Cyber Security Trainer in Jaipur at Forsk Coding School",Akash Singhal - Cyber Security Trainer Jaipur | Forsk Coding School,Akash Singhal – Cyber Security & Ethical Hacking mentor profile at Forsk Coding School Jaipur,PENDING
FCS-M311,Pranav Bose,pranav-bose-linux-networking-trainer-jaipur-forsk-coding-school.webp,"Pranav Bose, Linux Networking Trainer in Jaipur at Forsk Coding School",Pranav Bose - Linux Networking Trainer Jaipur | Forsk Coding School,Pranav Bose – Networking & Linux Administration mentor profile at Forsk Coding School Jaipur,PENDING
FCS-M312,Navya Desai,navya-desai-linux-networking-trainer-jaipur-forsk-coding-school.webp,"Navya Desai, Linux Networking Trainer in Jaipur at Forsk Coding School",Navya Desai - Linux Networking Trainer Jaipur | Forsk Coding School,Navya Desai – Networking & Linux Administration mentor profile at Forsk Coding School Jaipur,PENDING
FCS-M313,Palak Narula,palak-narula-linux-networking-trainer-jaipur-forsk-coding-school.webp,"Palak Narula, Linux Networking Trainer in Jaipur at Forsk Coding School",Palak Narula - Linux Networking Trainer Jaipur | Forsk Coding School,Palak Narula – Networking & Linux Administration mentor profile at Forsk Coding School Jaipur,PENDING
FCS-M314,Shruti Mishra,shruti-mishra-linux-networking-trainer-jaipur-forsk-coding-school.webp,"Shruti Mishra, Linux Networking Trainer in Jaipur at Forsk Coding School",Shruti Mishra - Linux Networking Trainer Jaipur | Forsk Coding School,Shruti Mishra – Networking & Linux Administration mentor profile at Forsk Coding School Jaipur,PENDING
FCS-M315,Pooja Ghosh,pooja-ghosh-linux-networking-trainer-jaipur-forsk-coding-school.webp,"Pooja Ghosh, Linux Networking Trainer in Jaipur at Forsk Coding School",Pooja Ghosh - Linux Networking Trainer Jaipur | Forsk Coding School,Pooja Ghosh – Networking & Linux Administration mentor profile at Forsk Coding School Jaipur,PENDING
FCS-M316,Akash Sethi,akash-sethi-linux-networking-trainer-jaipur-forsk-coding-school.webp,"Akash Sethi, Linux Networking Trainer in Jaipur at Forsk Coding School",Akash Sethi - Linux Networking Trainer Jaipur | Forsk Coding School,Akash Sethi – Networking & Linux Administration mentor profile at Forsk Coding School Jaipur,PENDING
FCS-M317,Riya Ghosh,riya-ghosh-linux-networking-trainer-jaipur-forsk-coding-school.webp,"Riya Ghosh, Linux Networking Trainer in Jaipur at Forsk Coding School",Riya Ghosh - Linux Networking Trainer Jaipur | Forsk Coding School,Riya Ghosh – Networking & Linux Administration mentor profile at Forsk Coding School Jaipur,PENDING
FCS-M318,Hina Patil,hina-patil-linux-networking-trainer-jaipur-forsk-coding-school.webp,"Hina Patil, Linux Networking Trainer in Jaipur at Forsk Coding School",Hina Patil - Linux Networking Trainer Jaipur | Forsk Coding School,Hina Patil – Networking & Linux Administration mentor profile at Forsk Coding School Jaipur,PENDING
FCS-M319,Urvashi Srivastava,urvashi-srivastava-linux-networking-trainer-jaipur-forsk-coding-school.webp,"Urvashi Srivastava, Linux Networking Trainer in Jaipur at Forsk Coding School",Urvashi Srivastava - Linux Networking Trainer Jaipur | Forsk Coding School,Urvashi Srivastava – Networking & Linux Administration mentor profile at Forsk Coding School Jaipur,PENDING
FCS-M320,Neeraj Joshi,neeraj-joshi-linux-networking-trainer-jaipur-forsk-coding-school.webp,"Neeraj Joshi, Linux Networking Trainer in Jaipur at Forsk Coding School",Neeraj Joshi - Linux Networking Trainer Jaipur | Forsk Coding School,Neeraj Joshi – Networking & Linux Administration mentor profile at Forsk Coding School Jaipur,PENDING
FCS-M321,Shreya Kashyap,shreya-kashyap-aws-trainer-jaipur-forsk-coding-school.webp,"Shreya Kashyap, AWS Trainer in Jaipur at Forsk Coding School",Shreya Kashyap - AWS Trainer Jaipur | Forsk Coding School,Shreya Kashyap – AWS Cloud Computing mentor profile at Forsk Coding School Jaipur,PENDING
FCS-M322,Aditya Bajaj,aditya-bajaj-aws-trainer-jaipur-forsk-coding-school.webp,"Aditya Bajaj, AWS Trainer in Jaipur at Forsk Coding School",Aditya Bajaj - AWS Trainer Jaipur | Forsk Coding School,Aditya Bajaj – AWS Cloud Computing mentor profile at Forsk Coding School Jaipur,PENDING
FCS-M323,Palak Bajaj,palak-bajaj-aws-trainer-jaipur-forsk-coding-school.webp,"Palak Bajaj, AWS Trainer in Jaipur at Forsk Coding School",Palak Bajaj - AWS Trainer Jaipur | Forsk Coding School,Palak Bajaj – AWS Cloud Computing mentor profile at Forsk Coding School Jaipur,PENDING
FCS-M324,Charu Rajput,charu-rajput-aws-trainer-jaipur-forsk-coding-school.webp,"Charu Rajput, AWS Trainer in Jaipur at Forsk Coding School",Charu Rajput - AWS Trainer Jaipur | Forsk Coding School,Charu Rajput – AWS Cloud Computing mentor profile at Forsk Coding School Jaipur,PENDING
FCS-M325,Nikhil Goel,nikhil-goel-aws-trainer-jaipur-forsk-coding-school.webp,"Nikhil Goel, AWS Trainer in Jaipur at Forsk Coding School",Nikhil Goel - AWS Trainer Jaipur | Forsk Coding School,Nikhil Goel – AWS Cloud Computing mentor profile at Forsk Coding School Jaipur,PENDING
FCS-M326,Mansi Bansal,mansi-bansal-aws-trainer-jaipur-forsk-coding-school.webp,"Mansi Bansal, AWS Trainer in Jaipur at Forsk Coding School",Mansi Bansal - AWS Trainer Jaipur | Forsk Coding School,Mansi Bansal – AWS Cloud Computing mentor profile at Forsk Coding School Jaipur,PENDING
FCS-M327,Isha Choudhary,isha-choudhary-aws-trainer-jaipur-forsk-coding-school.webp,"Isha Choudhary, AWS Trainer in Jaipur at Forsk Coding School",Isha Choudhary - AWS Trainer Jaipur | Forsk Coding School,Isha Choudhary – AWS Cloud Computing mentor profile at Forsk Coding School Jaipur,PENDING
FCS-M328,Vivaan Sodhi,vivaan-sodhi-aws-trainer-jaipur-forsk-coding-school.webp,"Vivaan Sodhi, AWS Trainer in Jaipur at Forsk Coding School",Vivaan Sodhi - AWS Trainer Jaipur | Forsk Coding School,Vivaan Sodhi – AWS Cloud Computing mentor profile at Forsk Coding School Jaipur,PENDING
FCS-M329,Rashmi Wadhwa,rashmi-wadhwa-aws-trainer-jaipur-forsk-coding-school.webp,"Rashmi Wadhwa, AWS Trainer in Jaipur at Forsk Coding School",Rashmi Wadhwa - AWS Trainer Jaipur | Forsk Coding School,Rashmi Wadhwa – AWS Cloud Computing mentor profile at Forsk Coding School Jaipur,PENDING
FCS-M330,Dhruv Tiwari,dhruv-tiwari-aws-trainer-jaipur-forsk-coding-school.webp,"Dhruv Tiwari, AWS Trainer in Jaipur at Forsk Coding School",Dhruv Tiwari - AWS Trainer Jaipur | Forsk Coding School,Dhruv Tiwari – AWS Cloud Computing mentor profile at Forsk Coding School Jaipur,PENDING
FCS-M331,Ekta Vyas,ekta-vyas-azure-trainer-jaipur-forsk-coding-school.webp,"Ekta Vyas, Azure Trainer in Jaipur at Forsk Coding School",Ekta Vyas - Azure Trainer Jaipur | Forsk Coding School,Ekta Vyas – Microsoft Azure mentor profile at Forsk Coding School Jaipur,PENDING
FCS-M332,Simran Jain,simran-jain-azure-trainer-jaipur-forsk-coding-school.webp,"Simran Jain, Azure Trainer in Jaipur at Forsk Coding School",Simran Jain - Azure Trainer Jaipur | Forsk Coding School,Simran Jain – Microsoft Azure mentor profile at Forsk Coding School Jaipur,PENDING
FCS-M333,Aditya Anand,aditya-anand-azure-trainer-jaipur-forsk-coding-school.webp,"Aditya Anand, Azure Trainer in Jaipur at Forsk Coding School",Aditya Anand - Azure Trainer Jaipur | Forsk Coding School,Aditya Anand – Microsoft Azure mentor profile at Forsk Coding School Jaipur,PENDING
FCS-M334,Dhruv Desai,dhruv-desai-azure-trainer-jaipur-forsk-coding-school.webp,"Dhruv Desai, Azure Trainer in Jaipur at Forsk Coding School",Dhruv Desai - Azure Trainer Jaipur | Forsk Coding School,Dhruv Desai – Microsoft Azure mentor profile at Forsk Coding School Jaipur,PENDING
FCS-M335,Gauri Maheshwari,gauri-maheshwari-azure-trainer-jaipur-forsk-coding-school.webp,"Gauri Maheshwari, Azure Trainer in Jaipur at Forsk Coding School",Gauri Maheshwari - Azure Trainer Jaipur | Forsk Coding School,Gauri Maheshwari – Microsoft Azure mentor profile at Forsk Coding School Jaipur,PENDING
FCS-M336,Aditya Purohit,aditya-purohit-azure-trainer-jaipur-forsk-coding-school.webp,"Aditya Purohit, Azure Trainer in Jaipur at Forsk Coding School",Aditya Purohit - Azure Trainer Jaipur | Forsk Coding School,Aditya Purohit – Microsoft Azure mentor profile at Forsk Coding School Jaipur,PENDING
FCS-M337,Kavya Srivastava,kavya-srivastava-azure-trainer-jaipur-forsk-coding-school.webp,"Kavya Srivastava, Azure Trainer in Jaipur at Forsk Coding School",Kavya Srivastava - Azure Trainer Jaipur | Forsk Coding School,Kavya Srivastava – Microsoft Azure mentor profile at Forsk Coding School Jaipur,PENDING
FCS-M338,Aditi Singhal,aditi-singhal-azure-trainer-jaipur-forsk-coding-school.webp,"Aditi Singhal, Azure Trainer in Jaipur at Forsk Coding School",Aditi Singhal - Azure Trainer Jaipur | Forsk Coding School,Aditi Singhal – Microsoft Azure mentor profile at Forsk Coding School Jaipur,PENDING
FCS-M339,Sonali Sharma,sonali-sharma-azure-trainer-jaipur-forsk-coding-school.webp,"Sonali Sharma, Azure Trainer in Jaipur at Forsk Coding School",Sonali Sharma - Azure Trainer Jaipur | Forsk Coding School,Sonali Sharma – Microsoft Azure mentor profile at Forsk Coding School Jaipur,PENDING
FCS-M340,Shreya Khanna,shreya-khanna-azure-trainer-jaipur-forsk-coding-school.webp,"Shreya Khanna, Azure Trainer in Jaipur at Forsk Coding School",Shreya Khanna - Azure Trainer Jaipur | Forsk Coding School,Shreya Khanna – Microsoft Azure mentor profile at Forsk Coding School Jaipur,PENDING
FCS-M341,Sonali Menon,sonali-menon-devops-trainer-jaipur-forsk-coding-school.webp,"Sonali Menon, DevOps Trainer in Jaipur at Forsk Coding School",Sonali Menon - DevOps Trainer Jaipur | Forsk Coding School,Sonali Menon – DevOps & CI/CD mentor profile at Forsk Coding School Jaipur,PENDING
FCS-M342,Vivaan Singhal,vivaan-singhal-devops-trainer-jaipur-forsk-coding-school.webp,"Vivaan Singhal, DevOps Trainer in Jaipur at Forsk Coding School",Vivaan Singhal - DevOps Trainer Jaipur | Forsk Coding School,Vivaan Singhal – DevOps & CI/CD mentor profile at Forsk Coding School Jaipur,PENDING
FCS-M343,Sakshi Purohit,sakshi-purohit-devops-trainer-jaipur-forsk-coding-school.webp,"Sakshi Purohit, DevOps Trainer in Jaipur at Forsk Coding School",Sakshi Purohit - DevOps Trainer Jaipur | Forsk Coding School,Sakshi Purohit – DevOps & CI/CD mentor profile at Forsk Coding School Jaipur,PENDING
FCS-M344,Sonali Chauhan,sonali-chauhan-devops-trainer-jaipur-forsk-coding-school.webp,"Sonali Chauhan, DevOps Trainer in Jaipur at Forsk Coding School",Sonali Chauhan - DevOps Trainer Jaipur | Forsk Coding School,Sonali Chauhan – DevOps & CI/CD mentor profile at Forsk Coding School Jaipur,PENDING
FCS-M345,Siya Narula,siya-narula-devops-trainer-jaipur-forsk-coding-school.webp,"Siya Narula, DevOps Trainer in Jaipur at Forsk Coding School",Siya Narula - DevOps Trainer Jaipur | Forsk Coding School,Siya Narula – DevOps & CI/CD mentor profile at Forsk Coding School Jaipur,PENDING
FCS-M346,Swati Srivastava,swati-srivastava-devops-trainer-jaipur-forsk-coding-school.webp,"Swati Srivastava, DevOps Trainer in Jaipur at Forsk Coding School",Swati Srivastava - DevOps Trainer Jaipur | Forsk Coding School,Swati Srivastava – DevOps & CI/CD mentor profile at Forsk Coding School Jaipur,PENDING
FCS-M347,Aman Vyas,aman-vyas-devops-trainer-jaipur-forsk-coding-school.webp,"Aman Vyas, DevOps Trainer in Jaipur at Forsk Coding School",Aman Vyas - DevOps Trainer Jaipur | Forsk Coding School,Aman Vyas – DevOps & CI/CD mentor profile at Forsk Coding School Jaipur,PENDING
FCS-M348,Kunal Khanna,kunal-khanna-devops-trainer-jaipur-forsk-coding-school.webp,"Kunal Khanna, DevOps Trainer in Jaipur at Forsk Coding School",Kunal Khanna - DevOps Trainer Jaipur | Forsk Coding School,Kunal Khanna – DevOps & CI/CD mentor profile at Forsk Coding School Jaipur,PENDING
FCS-M349,Kritika Thakur,kritika-thakur-devops-trainer-jaipur-forsk-coding-school.webp,"Kritika Thakur, DevOps Trainer in Jaipur at Forsk Coding School",Kritika Thakur - DevOps Trainer Jaipur | Forsk Coding School,Kritika Thakur – DevOps & CI/CD mentor profile at Forsk Coding School Jaipur,PENDING
FCS-M350,Kunal Wadhwa,kunal-wadhwa-devops-trainer-jaipur-forsk-coding-school.webp,"Kunal Wadhwa, DevOps Trainer in Jaipur at Forsk Coding School",Kunal Wadhwa - DevOps Trainer Jaipur | Forsk Coding School,Kunal Wadhwa – DevOps & CI/CD mentor profile at Forsk Coding School Jaipur,PENDING
FCS-M351,Khushi Wadhwa,khushi-wadhwa-software-testing-trainer-jaipur-forsk-coding-school.webp,"Khushi Wadhwa, Software Testing Trainer in Jaipur at Forsk Coding School",Khushi Wadhwa - Software Testing Trainer Jaipur | Forsk Coding School,Khushi Wadhwa – Software Testing & QA mentor profile at Forsk Coding School Jaipur,PENDING
FCS-M352,Kanika Menon,kanika-menon-software-testing-trainer-jaipur-forsk-coding-school.webp,"Kanika Menon, Software Testing Trainer in Jaipur at Forsk Coding School",Kanika Menon - Software Testing Trainer Jaipur | Forsk Coding School,Kanika Menon – Software Testing & QA mentor profile at Forsk Coding School Jaipur,PENDING
FCS-M353,Saanvi Kashyap,saanvi-kashyap-software-testing-trainer-jaipur-forsk-coding-school.webp,"Saanvi Kashyap, Software Testing Trainer in Jaipur at Forsk Coding School",Saanvi Kashyap - Software Testing Trainer Jaipur | Forsk Coding School,Saanvi Kashyap – Software Testing & QA mentor profile at Forsk Coding School Jaipur,PENDING
FCS-M354,Urvashi Reddy,urvashi-reddy-software-testing-trainer-jaipur-forsk-coding-school.webp,"Urvashi Reddy, Software Testing Trainer in Jaipur at Forsk Coding School",Urvashi Reddy - Software Testing Trainer Jaipur | Forsk Coding School,Urvashi Reddy – Software Testing & QA mentor profile at Forsk Coding School Jaipur,PENDING
FCS-M355,Kabir Bansal,kabir-bansal-software-testing-trainer-jaipur-forsk-coding-school.webp,"Kabir Bansal, Software Testing Trainer in Jaipur at Forsk Coding School",Kabir Bansal - Software Testing Trainer Jaipur | Forsk Coding School,Kabir Bansal – Software Testing & QA mentor profile at Forsk Coding School Jaipur,PENDING
FCS-M356,Upasana Bhatia,upasana-bhatia-software-testing-trainer-jaipur-forsk-coding-school.webp,"Upasana Bhatia, Software Testing Trainer in Jaipur at Forsk Coding School",Upasana Bhatia - Software Testing Trainer Jaipur | Forsk Coding School,Upasana Bhatia – Software Testing & QA mentor profile at Forsk Coding School Jaipur,PENDING
FCS-M357,Siddharth Agarwal,siddharth-agarwal-software-testing-trainer-jaipur-forsk-coding-school.webp,"Siddharth Agarwal, Software Testing Trainer in Jaipur at Forsk Coding School",Siddharth Agarwal - Software Testing Trainer Jaipur | Forsk Coding School,Siddharth Agarwal – Software Testing & QA mentor profile at Forsk Coding School Jaipur,PENDING
FCS-M358,Gauri Mehta,gauri-mehta-software-testing-trainer-jaipur-forsk-coding-school.webp,"Gauri Mehta, Software Testing Trainer in Jaipur at Forsk Coding School",Gauri Mehta - Software Testing Trainer Jaipur | Forsk Coding School,Gauri Mehta – Software Testing & QA mentor profile at Forsk Coding School Jaipur,PENDING
FCS-M359,Aditi Sodhi,aditi-sodhi-software-testing-trainer-jaipur-forsk-coding-school.webp,"Aditi Sodhi, Software Testing Trainer in Jaipur at Forsk Coding School",Aditi Sodhi - Software Testing Trainer Jaipur | Forsk Coding School,Aditi Sodhi – Software Testing & QA mentor profile at Forsk Coding School Jaipur,PENDING
FCS-M360,Aarav Sodhi,aarav-sodhi-software-testing-trainer-jaipur-forsk-coding-school.webp,"Aarav Sodhi, Software Testing Trainer in Jaipur at Forsk Coding School",Aarav Sodhi - Software Testing Trainer Jaipur | Forsk Coding School,Aarav Sodhi – Software Testing & QA mentor profile at Forsk Coding School Jaipur,PENDING
FCS-M361,Dhruv Maheshwari,dhruv-maheshwari-automation-testing-trainer-jaipur-forsk-coding-school.webp,"Dhruv Maheshwari, Automation Testing Trainer in Jaipur at Forsk Coding School",Dhruv Maheshwari - Automation Testing Trainer Jaipur | Forsk Coding School,Dhruv Maheshwari – Test Automation mentor profile at Forsk Coding School Jaipur,PENDING
FCS-M362,Isha Arora,isha-arora-automation-testing-trainer-jaipur-forsk-coding-school.webp,"Isha Arora, Automation Testing Trainer in Jaipur at Forsk Coding School",Isha Arora - Automation Testing Trainer Jaipur | Forsk Coding School,Isha Arora – Test Automation mentor profile at Forsk Coding School Jaipur,PENDING
FCS-M363,Neeraj Mittal,neeraj-mittal-automation-testing-trainer-jaipur-forsk-coding-school.webp,"Neeraj Mittal, Automation Testing Trainer in Jaipur at Forsk Coding School",Neeraj Mittal - Automation Testing Trainer Jaipur | Forsk Coding School,Neeraj Mittal – Test Automation mentor profile at Forsk Coding School Jaipur,PENDING
FCS-M364,Rishi Joshi,rishi-joshi-automation-testing-trainer-jaipur-forsk-coding-school.webp,"Rishi Joshi, Automation Testing Trainer in Jaipur at Forsk Coding School",Rishi Joshi - Automation Testing Trainer Jaipur | Forsk Coding School,Rishi Joshi – Test Automation mentor profile at Forsk Coding School Jaipur,PENDING
FCS-M365,Piyush Sethi,piyush-sethi-automation-testing-trainer-jaipur-forsk-coding-school.webp,"Piyush Sethi, Automation Testing Trainer in Jaipur at Forsk Coding School",Piyush Sethi - Automation Testing Trainer Jaipur | Forsk Coding School,Piyush Sethi – Test Automation mentor profile at Forsk Coding School Jaipur,PENDING
FCS-M366,Neeraj Mathur,neeraj-mathur-automation-testing-trainer-jaipur-forsk-coding-school.webp,"Neeraj Mathur, Automation Testing Trainer in Jaipur at Forsk Coding School",Neeraj Mathur - Automation Testing Trainer Jaipur | Forsk Coding School,Neeraj Mathur – Test Automation mentor profile at Forsk Coding School Jaipur,PENDING
FCS-M367,Shubham Juneja,shubham-juneja-automation-testing-trainer-jaipur-forsk-coding-school.webp,"Shubham Juneja, Automation Testing Trainer in Jaipur at Forsk Coding School",Shubham Juneja - Automation Testing Trainer Jaipur | Forsk Coding School,Shubham Juneja – Test Automation mentor profile at Forsk Coding School Jaipur,PENDING
FCS-M368,Tamanna Verma,tamanna-verma-automation-testing-trainer-jaipur-forsk-coding-school.webp,"Tamanna Verma, Automation Testing Trainer in Jaipur at Forsk Coding School",Tamanna Verma - Automation Testing Trainer Jaipur | Forsk Coding School,Tamanna Verma – Test Automation mentor profile at Forsk Coding School Jaipur,PENDING
FCS-M369,Sameer Joshi,sameer-joshi-automation-testing-trainer-jaipur-forsk-coding-school.webp,"Sameer Joshi, Automation Testing Trainer in Jaipur at Forsk Coding School",Sameer Joshi - Automation Testing Trainer Jaipur | Forsk Coding School,Sameer Joshi – Test Automation mentor profile at Forsk Coding School Jaipur,PENDING
FCS-M370,Isha Dubey,isha-dubey-automation-testing-trainer-jaipur-forsk-coding-school.webp,"Isha Dubey, Automation Testing Trainer in Jaipur at Forsk Coding School",Isha Dubey - Automation Testing Trainer Jaipur | Forsk Coding School,Isha Dubey – Test Automation mentor profile at Forsk Coding School Jaipur,PENDING
FCS-M371,Ojasvi Agarwal,ojasvi-agarwal-ui-ux-trainer-jaipur-forsk-coding-school.webp,"Ojasvi Agarwal, UI UX Trainer in Jaipur at Forsk Coding School",Ojasvi Agarwal - UI UX Trainer Jaipur | Forsk Coding School,Ojasvi Agarwal – UI/UX & Web Design mentor profile at Forsk Coding School Jaipur,PENDING
FCS-M372,Ojasvi Malhotra,ojasvi-malhotra-ui-ux-trainer-jaipur-forsk-coding-school.webp,"Ojasvi Malhotra, UI UX Trainer in Jaipur at Forsk Coding School",Ojasvi Malhotra - UI UX Trainer Jaipur | Forsk Coding School,Ojasvi Malhotra – UI/UX & Web Design mentor profile at Forsk Coding School Jaipur,PENDING
FCS-M373,Rashmi Verma,rashmi-verma-ui-ux-trainer-jaipur-forsk-coding-school.webp,"Rashmi Verma, UI UX Trainer in Jaipur at Forsk Coding School",Rashmi Verma - UI UX Trainer Jaipur | Forsk Coding School,Rashmi Verma – UI/UX & Web Design mentor profile at Forsk Coding School Jaipur,PENDING
FCS-M374,Aarohi Bose,aarohi-bose-ui-ux-trainer-jaipur-forsk-coding-school.webp,"Aarohi Bose, UI UX Trainer in Jaipur at Forsk Coding School",Aarohi Bose - UI UX Trainer Jaipur | Forsk Coding School,Aarohi Bose – UI/UX & Web Design mentor profile at Forsk Coding School Jaipur,PENDING
FCS-M375,Ojasvi Desai,ojasvi-desai-ui-ux-trainer-jaipur-forsk-coding-school.webp,"Ojasvi Desai, UI UX Trainer in Jaipur at Forsk Coding School",Ojasvi Desai - UI UX Trainer Jaipur | Forsk Coding School,Ojasvi Desai – UI/UX & Web Design mentor profile at Forsk Coding School Jaipur,PENDING
FCS-M376,Saanvi Kapoor,saanvi-kapoor-ui-ux-trainer-jaipur-forsk-coding-school.webp,"Saanvi Kapoor, UI UX Trainer in Jaipur at Forsk Coding School",Saanvi Kapoor - UI UX Trainer Jaipur | Forsk Coding School,Saanvi Kapoor – UI/UX & Web Design mentor profile at Forsk Coding School Jaipur,PENDING
FCS-M377,Avni Patil,avni-patil-ui-ux-trainer-jaipur-forsk-coding-school.webp,"Avni Patil, UI UX Trainer in Jaipur at Forsk Coding School",Avni Patil - UI UX Trainer Jaipur | Forsk Coding School,Avni Patil – UI/UX & Web Design mentor profile at Forsk Coding School Jaipur,PENDING
FCS-M378,Aman Rao,aman-rao-ui-ux-trainer-jaipur-forsk-coding-school.webp,"Aman Rao, UI UX Trainer in Jaipur at Forsk Coding School",Aman Rao - UI UX Trainer Jaipur | Forsk Coding School,Aman Rao – UI/UX & Web Design mentor profile at Forsk Coding School Jaipur,PENDING
FCS-M379,Vaishnavi Kashyap,vaishnavi-kashyap-ui-ux-trainer-jaipur-forsk-coding-school.webp,"Vaishnavi Kashyap, UI UX Trainer in Jaipur at Forsk Coding School",Vaishnavi Kashyap - UI UX Trainer Jaipur | Forsk Coding School,Vaishnavi Kashyap – UI/UX & Web Design mentor profile at Forsk Coding School Jaipur,PENDING
FCS-M380,Naina Dutta,naina-dutta-ui-ux-trainer-jaipur-forsk-coding-school.webp,"Naina Dutta, UI UX Trainer in Jaipur at Forsk Coding School",Naina Dutta - UI UX Trainer Jaipur | Forsk Coding School,Naina Dutta – UI/UX & Web Design mentor profile at Forsk Coding School Jaipur,PENDING
FCS-M381,Khushi Chawla,khushi-chawla-digital-marketing-trainer-jaipur-forsk-coding-school.webp,"Khushi Chawla, Digital Marketing Trainer in Jaipur at Forsk Coding School",Khushi Chawla - Digital Marketing Trainer Jaipur | Forsk Coding School,Khushi Chawla – Digital Marketing & SEO mentor profile at Forsk Coding School Jaipur,PENDING
FCS-M382,Nikhil Gill,nikhil-gill-digital-marketing-trainer-jaipur-forsk-coding-school.webp,"Nikhil Gill, Digital Marketing Trainer in Jaipur at Forsk Coding School",Nikhil Gill - Digital Marketing Trainer Jaipur | Forsk Coding School,Nikhil Gill – Digital Marketing & SEO mentor profile at Forsk Coding School Jaipur,PENDING
FCS-M383,Yashika Bansal,yashika-bansal-digital-marketing-trainer-jaipur-forsk-coding-school.webp,"Yashika Bansal, Digital Marketing Trainer in Jaipur at Forsk Coding School",Yashika Bansal - Digital Marketing Trainer Jaipur | Forsk Coding School,Yashika Bansal – Digital Marketing & SEO mentor profile at Forsk Coding School Jaipur,PENDING
FCS-M384,Vani Chawla,vani-chawla-digital-marketing-trainer-jaipur-forsk-coding-school.webp,"Vani Chawla, Digital Marketing Trainer in Jaipur at Forsk Coding School",Vani Chawla - Digital Marketing Trainer Jaipur | Forsk Coding School,Vani Chawla – Digital Marketing & SEO mentor profile at Forsk Coding School Jaipur,PENDING
FCS-M385,Mohit Bhatia,mohit-bhatia-digital-marketing-trainer-jaipur-forsk-coding-school.webp,"Mohit Bhatia, Digital Marketing Trainer in Jaipur at Forsk Coding School",Mohit Bhatia - Digital Marketing Trainer Jaipur | Forsk Coding School,Mohit Bhatia – Digital Marketing & SEO mentor profile at Forsk Coding School Jaipur,PENDING
FCS-M386,Uday Vyas,uday-vyas-digital-marketing-trainer-jaipur-forsk-coding-school.webp,"Uday Vyas, Digital Marketing Trainer in Jaipur at Forsk Coding School",Uday Vyas - Digital Marketing Trainer Jaipur | Forsk Coding School,Uday Vyas – Digital Marketing & SEO mentor profile at Forsk Coding School Jaipur,PENDING
FCS-M387,Ishaan Jain,ishaan-jain-digital-marketing-trainer-jaipur-forsk-coding-school.webp,"Ishaan Jain, Digital Marketing Trainer in Jaipur at Forsk Coding School",Ishaan Jain - Digital Marketing Trainer Jaipur | Forsk Coding School,Ishaan Jain – Digital Marketing & SEO mentor profile at Forsk Coding School Jaipur,PENDING
FCS-M388,Swati Mishra,swati-mishra-digital-marketing-trainer-jaipur-forsk-coding-school.webp,"Swati Mishra, Digital Marketing Trainer in Jaipur at Forsk Coding School",Swati Mishra - Digital Marketing Trainer Jaipur | Forsk Coding School,Swati Mishra – Digital Marketing & SEO mentor profile at Forsk Coding School Jaipur,PENDING
FCS-M389,Ekta Juneja,ekta-juneja-digital-marketing-trainer-jaipur-forsk-coding-school.webp,"Ekta Juneja, Digital Marketing Trainer in Jaipur at Forsk Coding School",Ekta Juneja - Digital Marketing Trainer Jaipur | Forsk Coding School,Ekta Juneja – Digital Marketing & SEO mentor profile at Forsk Coding School Jaipur,PENDING
FCS-M390,Naina Jain,naina-jain-digital-marketing-trainer-jaipur-forsk-coding-school.webp,"Naina Jain, Digital Marketing Trainer in Jaipur at Forsk Coding School",Naina Jain - Digital Marketing Trainer Jaipur | Forsk Coding School,Naina Jain – Digital Marketing & SEO mentor profile at Forsk Coding School Jaipur,PENDING
FCS-M391,Aman Ghosh,aman-ghosh-git-github-mentor-jaipur-forsk-coding-school.webp,"Aman Ghosh, Git GitHub Mentor in Jaipur at Forsk Coding School",Aman Ghosh - Git GitHub Mentor Jaipur | Forsk Coding School,Aman Ghosh – Git/GitHub & Software Engineering mentor profile at Forsk Coding School Jaipur,PENDING
FCS-M392,Kanika Kohli,kanika-kohli-git-github-mentor-jaipur-forsk-coding-school.webp,"Kanika Kohli, Git GitHub Mentor in Jaipur at Forsk Coding School",Kanika Kohli - Git GitHub Mentor Jaipur | Forsk Coding School,Kanika Kohli – Git/GitHub & Software Engineering mentor profile at Forsk Coding School Jaipur,PENDING
FCS-M393,Parul Tiwari,parul-tiwari-git-github-mentor-jaipur-forsk-coding-school.webp,"Parul Tiwari, Git GitHub Mentor in Jaipur at Forsk Coding School",Parul Tiwari - Git GitHub Mentor Jaipur | Forsk Coding School,Parul Tiwari – Git/GitHub & Software Engineering mentor profile at Forsk Coding School Jaipur,PENDING
FCS-M394,Kartik Reddy,kartik-reddy-git-github-mentor-jaipur-forsk-coding-school.webp,"Kartik Reddy, Git GitHub Mentor in Jaipur at Forsk Coding School",Kartik Reddy - Git GitHub Mentor Jaipur | Forsk Coding School,Kartik Reddy – Git/GitHub & Software Engineering mentor profile at Forsk Coding School Jaipur,PENDING
FCS-M395,Sameer Malhotra,sameer-malhotra-git-github-mentor-jaipur-forsk-coding-school.webp,"Sameer Malhotra, Git GitHub Mentor in Jaipur at Forsk Coding School",Sameer Malhotra - Git GitHub Mentor Jaipur | Forsk Coding School,Sameer Malhotra – Git/GitHub & Software Engineering mentor profile at Forsk Coding School Jaipur,PENDING
FCS-M396,Pooja Iyer,pooja-iyer-git-github-mentor-jaipur-forsk-coding-school.webp,"Pooja Iyer, Git GitHub Mentor in Jaipur at Forsk Coding School",Pooja Iyer - Git GitHub Mentor Jaipur | Forsk Coding School,Pooja Iyer – Git/GitHub & Software Engineering mentor profile at Forsk Coding School Jaipur,PENDING
FCS-M397,Manish Thakur,manish-thakur-git-github-mentor-jaipur-forsk-coding-school.webp,"Manish Thakur, Git GitHub Mentor in Jaipur at Forsk Coding School",Manish Thakur - Git GitHub Mentor Jaipur | Forsk Coding School,Manish Thakur – Git/GitHub & Software Engineering mentor profile at Forsk Coding School Jaipur,PENDING
FCS-M398,Pranav Malhotra,pranav-malhotra-git-github-mentor-jaipur-forsk-coding-school.webp,"Pranav Malhotra, Git GitHub Mentor in Jaipur at Forsk Coding School",Pranav Malhotra - Git GitHub Mentor Jaipur | Forsk Coding School,Pranav Malhotra – Git/GitHub & Software Engineering mentor profile at Forsk Coding School Jaipur,PENDING
FCS-M399,Naina Joshi,naina-joshi-git-github-mentor-jaipur-forsk-coding-school.webp,"Naina Joshi, Git GitHub Mentor in Jaipur at Forsk Coding School",Naina Joshi - Git GitHub Mentor Jaipur | Forsk Coding School,Naina Joshi – Git/GitHub & Software Engineering mentor profile at Forsk Coding School Jaipur,PENDING
FCS-M400,Ojasvi Patel,ojasvi-patel-git-github-mentor-jaipur-forsk-coding-school.webp,"Ojasvi Patel, Git GitHub Mentor in Jaipur at Forsk Coding School",Ojasvi Patel - Git GitHub Mentor Jaipur | Forsk Coding School,Ojasvi Patel – Git/GitHub & Software Engineering mentor profile at Forsk Coding School Jaipur,PENDING
FCS-M401,Reyansh Yadav,reyansh-yadav-salesforce-trainer-jaipur-forsk-coding-school.webp,"Reyansh Yadav, Salesforce Trainer in Jaipur at Forsk Coding School",Reyansh Yadav - Salesforce Trainer Jaipur | Forsk Coding School,Reyansh Yadav – Salesforce & CRM Development mentor profile at Forsk Coding School Jaipur,PENDING
FCS-M402,Shreya Yadav,shreya-yadav-salesforce-trainer-jaipur-forsk-coding-school.webp,"Shreya Yadav, Salesforce Trainer in Jaipur at Forsk Coding School",Shreya Yadav - Salesforce Trainer Jaipur | Forsk Coding School,Shreya Yadav – Salesforce & CRM Development mentor profile at Forsk Coding School Jaipur,PENDING
FCS-M403,Kunal Anand,kunal-anand-salesforce-trainer-jaipur-forsk-coding-school.webp,"Kunal Anand, Salesforce Trainer in Jaipur at Forsk Coding School",Kunal Anand - Salesforce Trainer Jaipur | Forsk Coding School,Kunal Anand – Salesforce & CRM Development mentor profile at Forsk Coding School Jaipur,PENDING
FCS-M404,Nandini Maheshwari,nandini-maheshwari-salesforce-trainer-jaipur-forsk-coding-school.webp,"Nandini Maheshwari, Salesforce Trainer in Jaipur at Forsk Coding School",Nandini Maheshwari - Salesforce Trainer Jaipur | Forsk Coding School,Nandini Maheshwari – Salesforce & CRM Development mentor profile at Forsk Coding School Jaipur,PENDING
FCS-M405,Deepika Rajput,deepika-rajput-salesforce-trainer-jaipur-forsk-coding-school.webp,"Deepika Rajput, Salesforce Trainer in Jaipur at Forsk Coding School",Deepika Rajput - Salesforce Trainer Jaipur | Forsk Coding School,Deepika Rajput – Salesforce & CRM Development mentor profile at Forsk Coding School Jaipur,PENDING
FCS-M406,Neha Bhatia,neha-bhatia-salesforce-trainer-jaipur-forsk-coding-school.webp,"Neha Bhatia, Salesforce Trainer in Jaipur at Forsk Coding School",Neha Bhatia - Salesforce Trainer Jaipur | Forsk Coding School,Neha Bhatia – Salesforce & CRM Development mentor profile at Forsk Coding School Jaipur,PENDING
FCS-M407,Kanika Bajaj,kanika-bajaj-salesforce-trainer-jaipur-forsk-coding-school.webp,"Kanika Bajaj, Salesforce Trainer in Jaipur at Forsk Coding School",Kanika Bajaj - Salesforce Trainer Jaipur | Forsk Coding School,Kanika Bajaj – Salesforce & CRM Development mentor profile at Forsk Coding School Jaipur,PENDING
FCS-M408,Vaishnavi Juneja,vaishnavi-juneja-salesforce-trainer-jaipur-forsk-coding-school.webp,"Vaishnavi Juneja, Salesforce Trainer in Jaipur at Forsk Coding School",Vaishnavi Juneja - Salesforce Trainer Jaipur | Forsk Coding School,Vaishnavi Juneja – Salesforce & CRM Development mentor profile at Forsk Coding School Jaipur,PENDING
FCS-M409,Swati Pawar,swati-pawar-salesforce-trainer-jaipur-forsk-coding-school.webp,"Swati Pawar, Salesforce Trainer in Jaipur at Forsk Coding School",Swati Pawar - Salesforce Trainer Jaipur | Forsk Coding School,Swati Pawar – Salesforce & CRM Development mentor profile at Forsk Coding School Jaipur,PENDING
FCS-M410,Mahima Bhatia,mahima-bhatia-salesforce-trainer-jaipur-forsk-coding-school.webp,"Mahima Bhatia, Salesforce Trainer in Jaipur at Forsk Coding School",Mahima Bhatia - Salesforce Trainer Jaipur | Forsk Coding School,Mahima Bhatia – Salesforce & CRM Development mentor profile at Forsk Coding School Jaipur,PENDING
FCS-M411,Jhanvi Bose,jhanvi-bose-r-programming-trainer-jaipur-forsk-coding-school.webp,"Jhanvi Bose, R Programming Trainer in Jaipur at Forsk Coding School",Jhanvi Bose - R Programming Trainer Jaipur | Forsk Coding School,Jhanvi Bose – R Programming & Analytics mentor profile at Forsk Coding School Jaipur,PENDING
FCS-M412,Shubham Wadhwa,shubham-wadhwa-r-programming-trainer-jaipur-forsk-coding-school.webp,"Shubham Wadhwa, R Programming Trainer in Jaipur at Forsk Coding School",Shubham Wadhwa - R Programming Trainer Jaipur | Forsk Coding School,Shubham Wadhwa – R Programming & Analytics mentor profile at Forsk Coding School Jaipur,PENDING
FCS-M413,Akash Bose,akash-bose-r-programming-trainer-jaipur-forsk-coding-school.webp,"Akash Bose, R Programming Trainer in Jaipur at Forsk Coding School",Akash Bose - R Programming Trainer Jaipur | Forsk Coding School,Akash Bose – R Programming & Analytics mentor profile at Forsk Coding School Jaipur,PENDING
FCS-M414,Vishal Kapoor,vishal-kapoor-r-programming-trainer-jaipur-forsk-coding-school.webp,"Vishal Kapoor, R Programming Trainer in Jaipur at Forsk Coding School",Vishal Kapoor - R Programming Trainer Jaipur | Forsk Coding School,Vishal Kapoor – R Programming & Analytics mentor profile at Forsk Coding School Jaipur,PENDING
FCS-M415,Yash Shah,yash-shah-r-programming-trainer-jaipur-forsk-coding-school.webp,"Yash Shah, R Programming Trainer in Jaipur at Forsk Coding School",Yash Shah - R Programming Trainer Jaipur | Forsk Coding School,Yash Shah – R Programming & Analytics mentor profile at Forsk Coding School Jaipur,PENDING
FCS-M416,Kritika Bhatia,kritika-bhatia-r-programming-trainer-jaipur-forsk-coding-school.webp,"Kritika Bhatia, R Programming Trainer in Jaipur at Forsk Coding School",Kritika Bhatia - R Programming Trainer Jaipur | Forsk Coding School,Kritika Bhatia – R Programming & Analytics mentor profile at Forsk Coding School Jaipur,PENDING
FCS-M417,Kanika Saini,kanika-saini-r-programming-trainer-jaipur-forsk-coding-school.webp,"Kanika Saini, R Programming Trainer in Jaipur at Forsk Coding School",Kanika Saini - R Programming Trainer Jaipur | Forsk Coding School,Kanika Saini – R Programming & Analytics mentor profile at Forsk Coding School Jaipur,PENDING
FCS-M418,Palak Joshi,palak-joshi-r-programming-trainer-jaipur-forsk-coding-school.webp,"Palak Joshi, R Programming Trainer in Jaipur at Forsk Coding School",Palak Joshi - R Programming Trainer Jaipur | Forsk Coding School,Palak Joshi – R Programming & Analytics mentor profile at Forsk Coding School Jaipur,PENDING
FCS-M419,Mohit Juneja,mohit-juneja-r-programming-trainer-jaipur-forsk-coding-school.webp,"Mohit Juneja, R Programming Trainer in Jaipur at Forsk Coding School",Mohit Juneja - R Programming Trainer Jaipur | Forsk Coding School,Mohit Juneja – R Programming & Analytics mentor profile at Forsk Coding School Jaipur,PENDING
FCS-M420,Krishna Ahuja,krishna-ahuja-r-programming-trainer-jaipur-forsk-coding-school.webp,"Krishna Ahuja, R Programming Trainer in Jaipur at Forsk Coding School",Krishna Ahuja - R Programming Trainer Jaipur | Forsk Coding School,Krishna Ahuja – R Programming & Analytics mentor profile at Forsk Coding School Jaipur,PENDING
FCS-M421,Aarohi Mishra,aarohi-mishra-computer-vision-trainer-jaipur-forsk-coding-school.webp,"Aarohi Mishra, Computer Vision Trainer in Jaipur at Forsk Coding School",Aarohi Mishra - Computer Vision Trainer Jaipur | Forsk Coding School,Aarohi Mishra – Computer Vision mentor profile at Forsk Coding School Jaipur,PENDING
FCS-M422,Uday Kapoor,uday-kapoor-computer-vision-trainer-jaipur-forsk-coding-school.webp,"Uday Kapoor, Computer Vision Trainer in Jaipur at Forsk Coding School",Uday Kapoor - Computer Vision Trainer Jaipur | Forsk Coding School,Uday Kapoor – Computer Vision mentor profile at Forsk Coding School Jaipur,PENDING
FCS-M423,Lavanya Vyas,lavanya-vyas-computer-vision-trainer-jaipur-forsk-coding-school.webp,"Lavanya Vyas, Computer Vision Trainer in Jaipur at Forsk Coding School",Lavanya Vyas - Computer Vision Trainer Jaipur | Forsk Coding School,Lavanya Vyas – Computer Vision mentor profile at Forsk Coding School Jaipur,PENDING
FCS-M424,Piyush Goyal,piyush-goyal-computer-vision-trainer-jaipur-forsk-coding-school.webp,"Piyush Goyal, Computer Vision Trainer in Jaipur at Forsk Coding School",Piyush Goyal - Computer Vision Trainer Jaipur | Forsk Coding School,Piyush Goyal – Computer Vision mentor profile at Forsk Coding School Jaipur,PENDING
FCS-M425,Varun Mathur,varun-mathur-computer-vision-trainer-jaipur-forsk-coding-school.webp,"Varun Mathur, Computer Vision Trainer in Jaipur at Forsk Coding School",Varun Mathur - Computer Vision Trainer Jaipur | Forsk Coding School,Varun Mathur – Computer Vision mentor profile at Forsk Coding School Jaipur,PENDING
FCS-M426,Vaishnavi Jadhav,vaishnavi-jadhav-computer-vision-trainer-jaipur-forsk-coding-school.webp,"Vaishnavi Jadhav, Computer Vision Trainer in Jaipur at Forsk Coding School",Vaishnavi Jadhav - Computer Vision Trainer Jaipur | Forsk Coding School,Vaishnavi Jadhav – Computer Vision mentor profile at Forsk Coding School Jaipur,PENDING
FCS-M427,Deepika Narula,deepika-narula-computer-vision-trainer-jaipur-forsk-coding-school.webp,"Deepika Narula, Computer Vision Trainer in Jaipur at Forsk Coding School",Deepika Narula - Computer Vision Trainer Jaipur | Forsk Coding School,Deepika Narula – Computer Vision mentor profile at Forsk Coding School Jaipur,PENDING
FCS-M428,Vaishnavi Gill,vaishnavi-gill-computer-vision-trainer-jaipur-forsk-coding-school.webp,"Vaishnavi Gill, Computer Vision Trainer in Jaipur at Forsk Coding School",Vaishnavi Gill - Computer Vision Trainer Jaipur | Forsk Coding School,Vaishnavi Gill – Computer Vision mentor profile at Forsk Coding School Jaipur,PENDING
FCS-M429,Dhruv Ahuja,dhruv-ahuja-computer-vision-trainer-jaipur-forsk-coding-school.webp,"Dhruv Ahuja, Computer Vision Trainer in Jaipur at Forsk Coding School",Dhruv Ahuja - Computer Vision Trainer Jaipur | Forsk Coding School,Dhruv Ahuja – Computer Vision mentor profile at Forsk Coding School Jaipur,PENDING
FCS-M430,Dhruv Goyal,dhruv-goyal-computer-vision-trainer-jaipur-forsk-coding-school.webp,"Dhruv Goyal, Computer Vision Trainer in Jaipur at Forsk Coding School",Dhruv Goyal - Computer Vision Trainer Jaipur | Forsk Coding School,Dhruv Goyal – Computer Vision mentor profile at Forsk Coding School Jaipur,PENDING
FCS-M431,Tamanna Pillai,tamanna-pillai-nlp-deep-learning-trainer-jaipur-forsk-coding-school.webp,"Tamanna Pillai, NLP Deep Learning Trainer in Jaipur at Forsk Coding School",Tamanna Pillai - NLP Deep Learning Trainer Jaipur | Forsk Coding School,Tamanna Pillai – NLP & Deep Learning mentor profile at Forsk Coding School Jaipur,PENDING
FCS-M432,Parul Maheshwari,parul-maheshwari-nlp-deep-learning-trainer-jaipur-forsk-coding-school.webp,"Parul Maheshwari, NLP Deep Learning Trainer in Jaipur at Forsk Coding School",Parul Maheshwari - NLP Deep Learning Trainer Jaipur | Forsk Coding School,Parul Maheshwari – NLP & Deep Learning mentor profile at Forsk Coding School Jaipur,PENDING
FCS-M433,Vedant Reddy,vedant-reddy-nlp-deep-learning-trainer-jaipur-forsk-coding-school.webp,"Vedant Reddy, NLP Deep Learning Trainer in Jaipur at Forsk Coding School",Vedant Reddy - NLP Deep Learning Trainer Jaipur | Forsk Coding School,Vedant Reddy – NLP & Deep Learning mentor profile at Forsk Coding School Jaipur,PENDING
FCS-M434,Shreya Tripathi,shreya-tripathi-nlp-deep-learning-trainer-jaipur-forsk-coding-school.webp,"Shreya Tripathi, NLP Deep Learning Trainer in Jaipur at Forsk Coding School",Shreya Tripathi - NLP Deep Learning Trainer Jaipur | Forsk Coding School,Shreya Tripathi – NLP & Deep Learning mentor profile at Forsk Coding School Jaipur,PENDING
FCS-M435,Harsh Kohli,harsh-kohli-nlp-deep-learning-trainer-jaipur-forsk-coding-school.webp,"Harsh Kohli, NLP Deep Learning Trainer in Jaipur at Forsk Coding School",Harsh Kohli - NLP Deep Learning Trainer Jaipur | Forsk Coding School,Harsh Kohli – NLP & Deep Learning mentor profile at Forsk Coding School Jaipur,PENDING
FCS-M436,Mahima Singh,mahima-singh-nlp-deep-learning-trainer-jaipur-forsk-coding-school.webp,"Mahima Singh, NLP Deep Learning Trainer in Jaipur at Forsk Coding School",Mahima Singh - NLP Deep Learning Trainer Jaipur | Forsk Coding School,Mahima Singh – NLP & Deep Learning mentor profile at Forsk Coding School Jaipur,PENDING
FCS-M437,Avni Singh,avni-singh-nlp-deep-learning-trainer-jaipur-forsk-coding-school.webp,"Avni Singh, NLP Deep Learning Trainer in Jaipur at Forsk Coding School",Avni Singh - NLP Deep Learning Trainer Jaipur | Forsk Coding School,Avni Singh – NLP & Deep Learning mentor profile at Forsk Coding School Jaipur,PENDING
FCS-M438,Kartik Pandey,kartik-pandey-nlp-deep-learning-trainer-jaipur-forsk-coding-school.webp,"Kartik Pandey, NLP Deep Learning Trainer in Jaipur at Forsk Coding School",Kartik Pandey - NLP Deep Learning Trainer Jaipur | Forsk Coding School,Kartik Pandey – NLP & Deep Learning mentor profile at Forsk Coding School Jaipur,PENDING
FCS-M439,Swati Kashyap,swati-kashyap-nlp-deep-learning-trainer-jaipur-forsk-coding-school.webp,"Swati Kashyap, NLP Deep Learning Trainer in Jaipur at Forsk Coding School",Swati Kashyap - NLP Deep Learning Trainer Jaipur | Forsk Coding School,Swati Kashyap – NLP & Deep Learning mentor profile at Forsk Coding School Jaipur,PENDING
FCS-M440,Manish Anand,manish-anand-nlp-deep-learning-trainer-jaipur-forsk-coding-school.webp,"Manish Anand, NLP Deep Learning Trainer in Jaipur at Forsk Coding School",Manish Anand - NLP Deep Learning Trainer Jaipur | Forsk Coding School,Manish Anand – NLP & Deep Learning mentor profile at Forsk Coding School Jaipur,PENDING
FCS-M441,Nandini Arora,nandini-arora-mlops-trainer-jaipur-forsk-coding-school.webp,"Nandini Arora, MLOps Trainer in Jaipur at Forsk Coding School",Nandini Arora - MLOps Trainer Jaipur | Forsk Coding School,Nandini Arora – MLOps & AI Deployment mentor profile at Forsk Coding School Jaipur,PENDING
FCS-M442,Parul Chawla,parul-chawla-mlops-trainer-jaipur-forsk-coding-school.webp,"Parul Chawla, MLOps Trainer in Jaipur at Forsk Coding School",Parul Chawla - MLOps Trainer Jaipur | Forsk Coding School,Parul Chawla – MLOps & AI Deployment mentor profile at Forsk Coding School Jaipur,PENDING
FCS-M443,Kanika Singhal,kanika-singhal-mlops-trainer-jaipur-forsk-coding-school.webp,"Kanika Singhal, MLOps Trainer in Jaipur at Forsk Coding School",Kanika Singhal - MLOps Trainer Jaipur | Forsk Coding School,Kanika Singhal – MLOps & AI Deployment mentor profile at Forsk Coding School Jaipur,PENDING
FCS-M444,Tarun Menon,tarun-menon-mlops-trainer-jaipur-forsk-coding-school.webp,"Tarun Menon, MLOps Trainer in Jaipur at Forsk Coding School",Tarun Menon - MLOps Trainer Jaipur | Forsk Coding School,Tarun Menon – MLOps & AI Deployment mentor profile at Forsk Coding School Jaipur,PENDING
FCS-M445,Trisha Prasad,trisha-prasad-mlops-trainer-jaipur-forsk-coding-school.webp,"Trisha Prasad, MLOps Trainer in Jaipur at Forsk Coding School",Trisha Prasad - MLOps Trainer Jaipur | Forsk Coding School,Trisha Prasad – MLOps & AI Deployment mentor profile at Forsk Coding School Jaipur,PENDING
FCS-M446,Kartik Sodhi,kartik-sodhi-mlops-trainer-jaipur-forsk-coding-school.webp,"Kartik Sodhi, MLOps Trainer in Jaipur at Forsk Coding School",Kartik Sodhi - MLOps Trainer Jaipur | Forsk Coding School,Kartik Sodhi – MLOps & AI Deployment mentor profile at Forsk Coding School Jaipur,PENDING
FCS-M447,Varun Kohli,varun-kohli-mlops-trainer-jaipur-forsk-coding-school.webp,"Varun Kohli, MLOps Trainer in Jaipur at Forsk Coding School",Varun Kohli - MLOps Trainer Jaipur | Forsk Coding School,Varun Kohli – MLOps & AI Deployment mentor profile at Forsk Coding School Jaipur,PENDING
FCS-M448,Laksh Pawar,laksh-pawar-mlops-trainer-jaipur-forsk-coding-school.webp,"Laksh Pawar, MLOps Trainer in Jaipur at Forsk Coding School",Laksh Pawar - MLOps Trainer Jaipur | Forsk Coding School,Laksh Pawar – MLOps & AI Deployment mentor profile at Forsk Coding School Jaipur,PENDING
FCS-M449,Muskan Vyas,muskan-vyas-mlops-trainer-jaipur-forsk-coding-school.webp,"Muskan Vyas, MLOps Trainer in Jaipur at Forsk Coding School",Muskan Vyas - MLOps Trainer Jaipur | Forsk Coding School,Muskan Vyas – MLOps & AI Deployment mentor profile at Forsk Coding School Jaipur,PENDING
FCS-M450,Avni Jain,avni-jain-mlops-trainer-jaipur-forsk-coding-school.webp,"Avni Jain, MLOps Trainer in Jaipur at Forsk Coding School",Avni Jain - MLOps Trainer Jaipur | Forsk Coding School,Avni Jain – MLOps & AI Deployment mentor profile at Forsk Coding School Jaipur,PENDING
FCS-M451,Kavya Patil,kavya-patil-database-trainer-jaipur-forsk-coding-school.webp,"Kavya Patil, Database Trainer in Jaipur at Forsk Coding School",Kavya Patil - Database Trainer Jaipur | Forsk Coding School,Kavya Patil – Database Administration & MySQL/PostgreSQL mentor profile at Forsk Coding School Jaipur,PENDING
FCS-M452,Radhika Reddy,radhika-reddy-database-trainer-jaipur-forsk-coding-school.webp,"Radhika Reddy, Database Trainer in Jaipur at Forsk Coding School",Radhika Reddy - Database Trainer Jaipur | Forsk Coding School,Radhika Reddy – Database Administration & MySQL/PostgreSQL mentor profile at Forsk Coding School Jaipur,PENDING
FCS-M453,Charu Yadav,charu-yadav-database-trainer-jaipur-forsk-coding-school.webp,"Charu Yadav, Database Trainer in Jaipur at Forsk Coding School",Charu Yadav - Database Trainer Jaipur | Forsk Coding School,Charu Yadav – Database Administration & MySQL/PostgreSQL mentor profile at Forsk Coding School Jaipur,PENDING
FCS-M454,Mahima Maheshwari,mahima-maheshwari-database-trainer-jaipur-forsk-coding-school.webp,"Mahima Maheshwari, Database Trainer in Jaipur at Forsk Coding School",Mahima Maheshwari - Database Trainer Jaipur | Forsk Coding School,Mahima Maheshwari – Database Administration & MySQL/PostgreSQL mentor profile at Forsk Coding School Jaipur,PENDING
FCS-M455,Manish Malhotra,manish-malhotra-database-trainer-jaipur-forsk-coding-school.webp,"Manish Malhotra, Database Trainer in Jaipur at Forsk Coding School",Manish Malhotra - Database Trainer Jaipur | Forsk Coding School,Manish Malhotra – Database Administration & MySQL/PostgreSQL mentor profile at Forsk Coding School Jaipur,PENDING
FCS-M456,Swati Mittal,swati-mittal-database-trainer-jaipur-forsk-coding-school.webp,"Swati Mittal, Database Trainer in Jaipur at Forsk Coding School",Swati Mittal - Database Trainer Jaipur | Forsk Coding School,Swati Mittal – Database Administration & MySQL/PostgreSQL mentor profile at Forsk Coding School Jaipur,PENDING
FCS-M457,Sameer Tripathi,sameer-tripathi-database-trainer-jaipur-forsk-coding-school.webp,"Sameer Tripathi, Database Trainer in Jaipur at Forsk Coding School",Sameer Tripathi - Database Trainer Jaipur | Forsk Coding School,Sameer Tripathi – Database Administration & MySQL/PostgreSQL mentor profile at Forsk Coding School Jaipur,PENDING
FCS-M458,Diya Iyer,diya-iyer-database-trainer-jaipur-forsk-coding-school.webp,"Diya Iyer, Database Trainer in Jaipur at Forsk Coding School",Diya Iyer - Database Trainer Jaipur | Forsk Coding School,Diya Iyer – Database Administration & MySQL/PostgreSQL mentor profile at Forsk Coding School Jaipur,PENDING
FCS-M459,Manish Desai,manish-desai-database-trainer-jaipur-forsk-coding-school.webp,"Manish Desai, Database Trainer in Jaipur at Forsk Coding School",Manish Desai - Database Trainer Jaipur | Forsk Coding School,Manish Desai – Database Administration & MySQL/PostgreSQL mentor profile at Forsk Coding School Jaipur,PENDING
FCS-M460,Ishita Kashyap,ishita-kashyap-database-trainer-jaipur-forsk-coding-school.webp,"Ishita Kashyap, Database Trainer in Jaipur at Forsk Coding School",Ishita Kashyap - Database Trainer Jaipur | Forsk Coding School,Ishita Kashyap – Database Administration & MySQL/PostgreSQL mentor profile at Forsk Coding School Jaipur,PENDING
FCS-M461,Ananya Kohli,ananya-kohli-python-automation-trainer-jaipur-forsk-coding-school.webp,"Ananya Kohli, Python Automation Trainer in Jaipur at Forsk Coding School",Ananya Kohli - Python Automation Trainer Jaipur | Forsk Coding School,Ananya Kohli – Web Scraping & Automation mentor profile at Forsk Coding School Jaipur,PENDING
FCS-M462,Saanvi Mishra,saanvi-mishra-python-automation-trainer-jaipur-forsk-coding-school.webp,"Saanvi Mishra, Python Automation Trainer in Jaipur at Forsk Coding School",Saanvi Mishra - Python Automation Trainer Jaipur | Forsk Coding School,Saanvi Mishra – Web Scraping & Automation mentor profile at Forsk Coding School Jaipur,PENDING
FCS-M463,Krishna Das,krishna-das-python-automation-trainer-jaipur-forsk-coding-school.webp,"Krishna Das, Python Automation Trainer in Jaipur at Forsk Coding School",Krishna Das - Python Automation Trainer Jaipur | Forsk Coding School,Krishna Das – Web Scraping & Automation mentor profile at Forsk Coding School Jaipur,PENDING
FCS-M464,Vivaan Choudhary,vivaan-choudhary-python-automation-trainer-jaipur-forsk-coding-school.webp,"Vivaan Choudhary, Python Automation Trainer in Jaipur at Forsk Coding School",Vivaan Choudhary - Python Automation Trainer Jaipur | Forsk Coding School,Vivaan Choudhary – Web Scraping & Automation mentor profile at Forsk Coding School Jaipur,PENDING
FCS-M465,Muskan Ahuja,muskan-ahuja-python-automation-trainer-jaipur-forsk-coding-school.webp,"Muskan Ahuja, Python Automation Trainer in Jaipur at Forsk Coding School",Muskan Ahuja - Python Automation Trainer Jaipur | Forsk Coding School,Muskan Ahuja – Web Scraping & Automation mentor profile at Forsk Coding School Jaipur,PENDING
FCS-M466,Reyansh Chauhan,reyansh-chauhan-python-automation-trainer-jaipur-forsk-coding-school.webp,"Reyansh Chauhan, Python Automation Trainer in Jaipur at Forsk Coding School",Reyansh Chauhan - Python Automation Trainer Jaipur | Forsk Coding School,Reyansh Chauhan – Web Scraping & Automation mentor profile at Forsk Coding School Jaipur,PENDING
FCS-M467,Vishal Malhotra,vishal-malhotra-python-automation-trainer-jaipur-forsk-coding-school.webp,"Vishal Malhotra, Python Automation Trainer in Jaipur at Forsk Coding School",Vishal Malhotra - Python Automation Trainer Jaipur | Forsk Coding School,Vishal Malhotra – Web Scraping & Automation mentor profile at Forsk Coding School Jaipur,PENDING
FCS-M468,Avni Rao,avni-rao-python-automation-trainer-jaipur-forsk-coding-school.webp,"Avni Rao, Python Automation Trainer in Jaipur at Forsk Coding School",Avni Rao - Python Automation Trainer Jaipur | Forsk Coding School,Avni Rao – Web Scraping & Automation mentor profile at Forsk Coding School Jaipur,PENDING
FCS-M469,Vani Tiwari,vani-tiwari-python-automation-trainer-jaipur-forsk-coding-school.webp,"Vani Tiwari, Python Automation Trainer in Jaipur at Forsk Coding School",Vani Tiwari - Python Automation Trainer Jaipur | Forsk Coding School,Vani Tiwari – Web Scraping & Automation mentor profile at Forsk Coding School Jaipur,PENDING
FCS-M470,Nikita Rao,nikita-rao-python-automation-trainer-jaipur-forsk-coding-school.webp,"Nikita Rao, Python Automation Trainer in Jaipur at Forsk Coding School",Nikita Rao - Python Automation Trainer Jaipur | Forsk Coding School,Nikita Rao – Web Scraping & Automation mentor profile at Forsk Coding School Jaipur,PENDING
FCS-M471,Palak Ghosh,palak-ghosh-interview-preparation-mentor-jaipur-forsk-coding-school.webp,"Palak Ghosh, Interview Preparation Mentor in Jaipur at Forsk Coding School",Palak Ghosh - Interview Preparation Mentor Jaipur | Forsk Coding School,Palak Ghosh – Aptitude & Technical Interview Prep mentor profile at Forsk Coding School Jaipur,PENDING
FCS-M472,Kritika Vyas,kritika-vyas-interview-preparation-mentor-jaipur-forsk-coding-school.webp,"Kritika Vyas, Interview Preparation Mentor in Jaipur at Forsk Coding School",Kritika Vyas - Interview Preparation Mentor Jaipur | Forsk Coding School,Kritika Vyas – Aptitude & Technical Interview Prep mentor profile at Forsk Coding School Jaipur,PENDING
FCS-M473,Tanvi Sodhi,tanvi-sodhi-interview-preparation-mentor-jaipur-forsk-coding-school.webp,"Tanvi Sodhi, Interview Preparation Mentor in Jaipur at Forsk Coding School",Tanvi Sodhi - Interview Preparation Mentor Jaipur | Forsk Coding School,Tanvi Sodhi – Aptitude & Technical Interview Prep mentor profile at Forsk Coding School Jaipur,PENDING
FCS-M474,Radhika Sodhi,radhika-sodhi-interview-preparation-mentor-jaipur-forsk-coding-school.webp,"Radhika Sodhi, Interview Preparation Mentor in Jaipur at Forsk Coding School",Radhika Sodhi - Interview Preparation Mentor Jaipur | Forsk Coding School,Radhika Sodhi – Aptitude & Technical Interview Prep mentor profile at Forsk Coding School Jaipur,PENDING
FCS-M475,Siya Tripathi,siya-tripathi-interview-preparation-mentor-jaipur-forsk-coding-school.webp,"Siya Tripathi, Interview Preparation Mentor in Jaipur at Forsk Coding School",Siya Tripathi - Interview Preparation Mentor Jaipur | Forsk Coding School,Siya Tripathi – Aptitude & Technical Interview Prep mentor profile at Forsk Coding School Jaipur,PENDING
FCS-M476,Urvashi Yadav,urvashi-yadav-interview-preparation-mentor-jaipur-forsk-coding-school.webp,"Urvashi Yadav, Interview Preparation Mentor in Jaipur at Forsk Coding School",Urvashi Yadav - Interview Preparation Mentor Jaipur | Forsk Coding School,Urvashi Yadav – Aptitude & Technical Interview Prep mentor profile at Forsk Coding School Jaipur,PENDING
FCS-M477,Yash Chawla,yash-chawla-interview-preparation-mentor-jaipur-forsk-coding-school.webp,"Yash Chawla, Interview Preparation Mentor in Jaipur at Forsk Coding School",Yash Chawla - Interview Preparation Mentor Jaipur | Forsk Coding School,Yash Chawla – Aptitude & Technical Interview Prep mentor profile at Forsk Coding School Jaipur,PENDING
FCS-M478,Kavya Desai,kavya-desai-interview-preparation-mentor-jaipur-forsk-coding-school.webp,"Kavya Desai, Interview Preparation Mentor in Jaipur at Forsk Coding School",Kavya Desai - Interview Preparation Mentor Jaipur | Forsk Coding School,Kavya Desai – Aptitude & Technical Interview Prep mentor profile at Forsk Coding School Jaipur,PENDING
FCS-M479,Naina Gill,naina-gill-interview-preparation-mentor-jaipur-forsk-coding-school.webp,"Naina Gill, Interview Preparation Mentor in Jaipur at Forsk Coding School",Naina Gill - Interview Preparation Mentor Jaipur | Forsk Coding School,Naina Gill – Aptitude & Technical Interview Prep mentor profile at Forsk Coding School Jaipur,PENDING
FCS-M480,Piyush Wadhwa,piyush-wadhwa-interview-preparation-mentor-jaipur-forsk-coding-school.webp,"Piyush Wadhwa, Interview Preparation Mentor in Jaipur at Forsk Coding School",Piyush Wadhwa - Interview Preparation Mentor Jaipur | Forsk Coding School,Piyush Wadhwa – Aptitude & Technical Interview Prep mentor profile at Forsk Coding School Jaipur,PENDING
FCS-M481,Vishal Goel,vishal-goel-computer-fundamentals-trainer-jaipur-forsk-coding-school.webp,"Vishal Goel, Computer Fundamentals Trainer in Jaipur at Forsk Coding School",Vishal Goel - Computer Fundamentals Trainer Jaipur | Forsk Coding School,Vishal Goel – Computer Fundamentals & IT Skills mentor profile at Forsk Coding School Jaipur,PENDING
FCS-M482,Nikhil Iyer,nikhil-iyer-computer-fundamentals-trainer-jaipur-forsk-coding-school.webp,"Nikhil Iyer, Computer Fundamentals Trainer in Jaipur at Forsk Coding School",Nikhil Iyer - Computer Fundamentals Trainer Jaipur | Forsk Coding School,Nikhil Iyer – Computer Fundamentals & IT Skills mentor profile at Forsk Coding School Jaipur,PENDING
FCS-M483,Vidhi Pandey,vidhi-pandey-computer-fundamentals-trainer-jaipur-forsk-coding-school.webp,"Vidhi Pandey, Computer Fundamentals Trainer in Jaipur at Forsk Coding School",Vidhi Pandey - Computer Fundamentals Trainer Jaipur | Forsk Coding School,Vidhi Pandey – Computer Fundamentals & IT Skills mentor profile at Forsk Coding School Jaipur,PENDING
FCS-M484,Ekta Ghosh,ekta-ghosh-computer-fundamentals-trainer-jaipur-forsk-coding-school.webp,"Ekta Ghosh, Computer Fundamentals Trainer in Jaipur at Forsk Coding School",Ekta Ghosh - Computer Fundamentals Trainer Jaipur | Forsk Coding School,Ekta Ghosh – Computer Fundamentals & IT Skills mentor profile at Forsk Coding School Jaipur,PENDING
FCS-M485,Neha Rathore,neha-rathore-computer-fundamentals-trainer-jaipur-forsk-coding-school.webp,"Neha Rathore, Computer Fundamentals Trainer in Jaipur at Forsk Coding School",Neha Rathore - Computer Fundamentals Trainer Jaipur | Forsk Coding School,Neha Rathore – Computer Fundamentals & IT Skills mentor profile at Forsk Coding School Jaipur,PENDING
FCS-M486,Hina Chauhan,hina-chauhan-computer-fundamentals-trainer-jaipur-forsk-coding-school.webp,"Hina Chauhan, Computer Fundamentals Trainer in Jaipur at Forsk Coding School",Hina Chauhan - Computer Fundamentals Trainer Jaipur | Forsk Coding School,Hina Chauhan – Computer Fundamentals & IT Skills mentor profile at Forsk Coding School Jaipur,PENDING
FCS-M487,Kritika Mishra,kritika-mishra-computer-fundamentals-trainer-jaipur-forsk-coding-school.webp,"Kritika Mishra, Computer Fundamentals Trainer in Jaipur at Forsk Coding School",Kritika Mishra - Computer Fundamentals Trainer Jaipur | Forsk Coding School,Kritika Mishra – Computer Fundamentals & IT Skills mentor profile at Forsk Coding School Jaipur,PENDING
FCS-M488,Sneha Pandey,sneha-pandey-computer-fundamentals-trainer-jaipur-forsk-coding-school.webp,"Sneha Pandey, Computer Fundamentals Trainer in Jaipur at Forsk Coding School",Sneha Pandey - Computer Fundamentals Trainer Jaipur | Forsk Coding School,Sneha Pandey – Computer Fundamentals & IT Skills mentor profile at Forsk Coding School Jaipur,PENDING
FCS-M489,Ojasvi Nair,ojasvi-nair-computer-fundamentals-trainer-jaipur-forsk-coding-school.webp,"Ojasvi Nair, Computer Fundamentals Trainer in Jaipur at Forsk Coding School",Ojasvi Nair - Computer Fundamentals Trainer Jaipur | Forsk Coding School,Ojasvi Nair – Computer Fundamentals & IT Skills mentor profile at Forsk Coding School Jaipur,PENDING
FCS-M490,Deepika Wadhwa,deepika-wadhwa-computer-fundamentals-trainer-jaipur-forsk-coding-school.webp,"Deepika Wadhwa, Computer Fundamentals Trainer in Jaipur at Forsk Coding School",Deepika Wadhwa - Computer Fundamentals Trainer Jaipur | Forsk Coding School,Deepika Wadhwa – Computer Fundamentals & IT Skills mentor profile at Forsk Coding School Jaipur,PENDING
FCS-M491,Urvashi Joshi,urvashi-joshi-data-visualization-trainer-jaipur-forsk-coding-school.webp,"Urvashi Joshi, Data Visualization Trainer in Jaipur at Forsk Coding School",Urvashi Joshi - Data Visualization Trainer Jaipur | Forsk Coding School,Urvashi Joshi – Data Visualization & Reporting mentor profile at Forsk Coding School Jaipur,PENDING
FCS-M492,Vani Sodhi,vani-sodhi-data-visualization-trainer-jaipur-forsk-coding-school.webp,"Vani Sodhi, Data Visualization Trainer in Jaipur at Forsk Coding School",Vani Sodhi - Data Visualization Trainer Jaipur | Forsk Coding School,Vani Sodhi – Data Visualization & Reporting mentor profile at Forsk Coding School Jaipur,PENDING
FCS-M493,Isha Bajaj,isha-bajaj-data-visualization-trainer-jaipur-forsk-coding-school.webp,"Isha Bajaj, Data Visualization Trainer in Jaipur at Forsk Coding School",Isha Bajaj - Data Visualization Trainer Jaipur | Forsk Coding School,Isha Bajaj – Data Visualization & Reporting mentor profile at Forsk Coding School Jaipur,PENDING
FCS-M494,Dhruv Vyas,dhruv-vyas-data-visualization-trainer-jaipur-forsk-coding-school.webp,"Dhruv Vyas, Data Visualization Trainer in Jaipur at Forsk Coding School",Dhruv Vyas - Data Visualization Trainer Jaipur | Forsk Coding School,Dhruv Vyas – Data Visualization & Reporting mentor profile at Forsk Coding School Jaipur,PENDING
FCS-M495,Sakshi Prasad,sakshi-prasad-data-visualization-trainer-jaipur-forsk-coding-school.webp,"Sakshi Prasad, Data Visualization Trainer in Jaipur at Forsk Coding School",Sakshi Prasad - Data Visualization Trainer Jaipur | Forsk Coding School,Sakshi Prasad – Data Visualization & Reporting mentor profile at Forsk Coding School Jaipur,PENDING
FCS-M496,Ankit Goyal,ankit-goyal-data-visualization-trainer-jaipur-forsk-coding-school.webp,"Ankit Goyal, Data Visualization Trainer in Jaipur at Forsk Coding School",Ankit Goyal - Data Visualization Trainer Jaipur | Forsk Coding School,Ankit Goyal – Data Visualization & Reporting mentor profile at Forsk Coding School Jaipur,PENDING
FCS-M497,Tushar Dutta,tushar-dutta-data-visualization-trainer-jaipur-forsk-coding-school.webp,"Tushar Dutta, Data Visualization Trainer in Jaipur at Forsk Coding School",Tushar Dutta - Data Visualization Trainer Jaipur | Forsk Coding School,Tushar Dutta – Data Visualization & Reporting mentor profile at Forsk Coding School Jaipur,PENDING
FCS-M498,Kavya Bhardwaj,kavya-bhardwaj-data-visualization-trainer-jaipur-forsk-coding-school.webp,"Kavya Bhardwaj, Data Visualization Trainer in Jaipur at Forsk Coding School",Kavya Bhardwaj - Data Visualization Trainer Jaipur | Forsk Coding School,Kavya Bhardwaj – Data Visualization & Reporting mentor profile at Forsk Coding School Jaipur,PENDING
FCS-M499,Piyush Rathore,piyush-rathore-data-visualization-trainer-jaipur-forsk-coding-school.webp,"Piyush Rathore, Data Visualization Trainer in Jaipur at Forsk Coding School",Piyush Rathore - Data Visualization Trainer Jaipur | Forsk Coding School,Piyush Rathore – Data Visualization & Reporting mentor profile at Forsk Coding School Jaipur,PENDING
FCS-M500,Saanvi Goel,saanvi-goel-data-visualization-trainer-jaipur-forsk-coding-school.webp,"Saanvi Goel, Data Visualization Trainer in Jaipur at Forsk Coding School",Saanvi Goel - Data Visualization Trainer Jaipur | Forsk Coding School,Saanvi Goel – Data Visualization & Reporting mentor profile at Forsk Coding School Jaipur,PENDING
