Mentor ID,Mentor Name,Primary Domain,Role Title,Profile URL,Page Slug,Expected Image Filename,Image Status,Publishing Status
FCS-M001,Vivaan Srivastava,Data Analytics,Data Analytics Trainer,https://forskcodingschool.com/mentors/vivaan-srivastava-data-analytics-trainer-jaipur/,vivaan-srivastava-data-analytics-trainer-jaipur,vivaan-srivastava-data-analytics-trainer-jaipur-forsk-coding-school.webp,AVAILABLE,DEMO – VERIFY BEFORE PUBLISH
FCS-M002,Vaishnavi Prasad,Data Analytics,Data Analytics Trainer,https://forskcodingschool.com/mentors/vaishnavi-prasad-data-analytics-trainer-jaipur/,vaishnavi-prasad-data-analytics-trainer-jaipur,vaishnavi-prasad-data-analytics-trainer-jaipur-forsk-coding-school.webp,AVAILABLE,DEMO – VERIFY BEFORE PUBLISH
FCS-M003,Garima Ahuja,Data Analytics,Data Analytics Trainer,https://forskcodingschool.com/mentors/garima-ahuja-data-analytics-trainer-jaipur/,garima-ahuja-data-analytics-trainer-jaipur,garima-ahuja-data-analytics-trainer-jaipur-forsk-coding-school.webp,AVAILABLE,DEMO – VERIFY BEFORE PUBLISH
FCS-M004,Charu Rathore,Data Analytics,Data Analytics Trainer,https://forskcodingschool.com/mentors/charu-rathore-data-analytics-trainer-jaipur/,charu-rathore-data-analytics-trainer-jaipur,charu-rathore-data-analytics-trainer-jaipur-forsk-coding-school.webp,AVAILABLE,DEMO – VERIFY BEFORE PUBLISH
FCS-M005,Akash Das,Data Analytics,Data Analytics Trainer,https://forskcodingschool.com/mentors/akash-das-data-analytics-trainer-jaipur/,akash-das-data-analytics-trainer-jaipur,akash-das-data-analytics-trainer-jaipur-forsk-coding-school.webp,AVAILABLE,DEMO – VERIFY BEFORE PUBLISH
FCS-M006,Kritika Iyer,Data Analytics,Data Analytics Trainer,https://forskcodingschool.com/mentors/kritika-iyer-data-analytics-trainer-jaipur/,kritika-iyer-data-analytics-trainer-jaipur,kritika-iyer-data-analytics-trainer-jaipur-forsk-coding-school.webp,AVAILABLE,DEMO – VERIFY BEFORE PUBLISH
FCS-M007,Naina Menon,Data Analytics,Data Analytics Trainer,https://forskcodingschool.com/mentors/naina-menon-data-analytics-trainer-jaipur/,naina-menon-data-analytics-trainer-jaipur,naina-menon-data-analytics-trainer-jaipur-forsk-coding-school.webp,AVAILABLE,DEMO – VERIFY BEFORE PUBLISH
FCS-M008,Manish Iyer,Data Analytics,Data Analytics Trainer,https://forskcodingschool.com/mentors/manish-iyer-data-analytics-trainer-jaipur/,manish-iyer-data-analytics-trainer-jaipur,manish-iyer-data-analytics-trainer-jaipur-forsk-coding-school.webp,AVAILABLE,DEMO – VERIFY BEFORE PUBLISH
FCS-M009,Rajat Saini,Data Analytics,Data Analytics Trainer,https://forskcodingschool.com/mentors/rajat-saini-data-analytics-trainer-jaipur/,rajat-saini-data-analytics-trainer-jaipur,rajat-saini-data-analytics-trainer-jaipur-forsk-coding-school.webp,AVAILABLE,DEMO – VERIFY BEFORE PUBLISH
FCS-M010,Aditi Pandey,Data Analytics,Data Analytics Trainer,https://forskcodingschool.com/mentors/aditi-pandey-data-analytics-trainer-jaipur/,aditi-pandey-data-analytics-trainer-jaipur,aditi-pandey-data-analytics-trainer-jaipur-forsk-coding-school.webp,AVAILABLE,DEMO – VERIFY BEFORE PUBLISH
FCS-M011,Lavanya Roy,Data Science,Data Science Trainer,https://forskcodingschool.com/mentors/lavanya-roy-data-science-trainer-jaipur/,lavanya-roy-data-science-trainer-jaipur,lavanya-roy-data-science-trainer-jaipur-forsk-coding-school.webp,AVAILABLE,DEMO – VERIFY BEFORE PUBLISH
FCS-M012,Vivaan Maheshwari,Data Science,Data Science Trainer,https://forskcodingschool.com/mentors/vivaan-maheshwari-data-science-trainer-jaipur/,vivaan-maheshwari-data-science-trainer-jaipur,vivaan-maheshwari-data-science-trainer-jaipur-forsk-coding-school.webp,AVAILABLE,DEMO – VERIFY BEFORE PUBLISH
FCS-M013,Vedant Gupta,Data Science,Data Science Trainer,https://forskcodingschool.com/mentors/vedant-gupta-data-science-trainer-jaipur/,vedant-gupta-data-science-trainer-jaipur,vedant-gupta-data-science-trainer-jaipur-forsk-coding-school.webp,AVAILABLE,DEMO – VERIFY BEFORE PUBLISH
FCS-M014,Krishna Saxena,Data Science,Data Science Trainer,https://forskcodingschool.com/mentors/krishna-saxena-data-science-trainer-jaipur/,krishna-saxena-data-science-trainer-jaipur,krishna-saxena-data-science-trainer-jaipur-forsk-coding-school.webp,AVAILABLE,DEMO – VERIFY BEFORE PUBLISH
FCS-M015,Aditya Patel,Data Science,Data Science Trainer,https://forskcodingschool.com/mentors/aditya-patel-data-science-trainer-jaipur/,aditya-patel-data-science-trainer-jaipur,aditya-patel-data-science-trainer-jaipur-forsk-coding-school.webp,AVAILABLE,DEMO – VERIFY BEFORE PUBLISH
FCS-M016,Piyush Maheshwari,Data Science,Data Science Trainer,https://forskcodingschool.com/mentors/piyush-maheshwari-data-science-trainer-jaipur/,piyush-maheshwari-data-science-trainer-jaipur,piyush-maheshwari-data-science-trainer-jaipur-forsk-coding-school.webp,AVAILABLE,DEMO – VERIFY BEFORE PUBLISH
FCS-M017,Laksh Menon,Data Science,Data Science Trainer,https://forskcodingschool.com/mentors/laksh-menon-data-science-trainer-jaipur/,laksh-menon-data-science-trainer-jaipur,laksh-menon-data-science-trainer-jaipur-forsk-coding-school.webp,AVAILABLE,DEMO – VERIFY BEFORE PUBLISH
FCS-M018,Garima Wadhwa,Data Science,Data Science Trainer,https://forskcodingschool.com/mentors/garima-wadhwa-data-science-trainer-jaipur/,garima-wadhwa-data-science-trainer-jaipur,garima-wadhwa-data-science-trainer-jaipur-forsk-coding-school.webp,AVAILABLE,DEMO – VERIFY BEFORE PUBLISH
FCS-M019,Shubham Singhal,Data Science,Data Science Trainer,https://forskcodingschool.com/mentors/shubham-singhal-data-science-trainer-jaipur/,shubham-singhal-data-science-trainer-jaipur,shubham-singhal-data-science-trainer-jaipur-forsk-coding-school.webp,AVAILABLE,DEMO – VERIFY BEFORE PUBLISH
FCS-M020,Ekta Bose,Data Science,Data Science Trainer,https://forskcodingschool.com/mentors/ekta-bose-data-science-trainer-jaipur/,ekta-bose-data-science-trainer-jaipur,ekta-bose-data-science-trainer-jaipur-forsk-coding-school.webp,AVAILABLE,DEMO – VERIFY BEFORE PUBLISH
FCS-M021,Siddharth Joshi,Machine Learning,Machine Learning Trainer,https://forskcodingschool.com/mentors/siddharth-joshi-machine-learning-trainer-jaipur/,siddharth-joshi-machine-learning-trainer-jaipur,siddharth-joshi-machine-learning-trainer-jaipur-forsk-coding-school.webp,PENDING,DEMO – VERIFY BEFORE PUBLISH
FCS-M022,Lavanya Anand,Machine Learning,Machine Learning Trainer,https://forskcodingschool.com/mentors/lavanya-anand-machine-learning-trainer-jaipur/,lavanya-anand-machine-learning-trainer-jaipur,lavanya-anand-machine-learning-trainer-jaipur-forsk-coding-school.webp,PENDING,DEMO – VERIFY BEFORE PUBLISH
FCS-M023,Yash Jadhav,Machine Learning,Machine Learning Trainer,https://forskcodingschool.com/mentors/yash-jadhav-machine-learning-trainer-jaipur/,yash-jadhav-machine-learning-trainer-jaipur,yash-jadhav-machine-learning-trainer-jaipur-forsk-coding-school.webp,PENDING,DEMO – VERIFY BEFORE PUBLISH
FCS-M024,Sameer Jain,Machine Learning,Machine Learning Trainer,https://forskcodingschool.com/mentors/sameer-jain-machine-learning-trainer-jaipur/,sameer-jain-machine-learning-trainer-jaipur,sameer-jain-machine-learning-trainer-jaipur-forsk-coding-school.webp,PENDING,DEMO – VERIFY BEFORE PUBLISH
FCS-M025,Dev Khandelwal,Machine Learning,Machine Learning Trainer,https://forskcodingschool.com/mentors/dev-khandelwal-machine-learning-trainer-jaipur/,dev-khandelwal-machine-learning-trainer-jaipur,dev-khandelwal-machine-learning-trainer-jaipur-forsk-coding-school.webp,PENDING,DEMO – VERIFY BEFORE PUBLISH
FCS-M026,Aarav Chawla,Machine Learning,Machine Learning Trainer,https://forskcodingschool.com/mentors/aarav-chawla-machine-learning-trainer-jaipur/,aarav-chawla-machine-learning-trainer-jaipur,aarav-chawla-machine-learning-trainer-jaipur-forsk-coding-school.webp,PENDING,DEMO – VERIFY BEFORE PUBLISH
FCS-M027,Sameer Vyas,Machine Learning,Machine Learning Trainer,https://forskcodingschool.com/mentors/sameer-vyas-machine-learning-trainer-jaipur/,sameer-vyas-machine-learning-trainer-jaipur,sameer-vyas-machine-learning-trainer-jaipur-forsk-coding-school.webp,PENDING,DEMO – VERIFY BEFORE PUBLISH
FCS-M028,Manish Patil,Machine Learning,Machine Learning Trainer,https://forskcodingschool.com/mentors/manish-patil-machine-learning-trainer-jaipur/,manish-patil-machine-learning-trainer-jaipur,manish-patil-machine-learning-trainer-jaipur-forsk-coding-school.webp,PENDING,DEMO – VERIFY BEFORE PUBLISH
FCS-M029,Tanvi Iyer,Machine Learning,Machine Learning Trainer,https://forskcodingschool.com/mentors/tanvi-iyer-machine-learning-trainer-jaipur/,tanvi-iyer-machine-learning-trainer-jaipur,tanvi-iyer-machine-learning-trainer-jaipur-forsk-coding-school.webp,PENDING,DEMO – VERIFY BEFORE PUBLISH
FCS-M030,Aarohi Roy,Machine Learning,Machine Learning Trainer,https://forskcodingschool.com/mentors/aarohi-roy-machine-learning-trainer-jaipur/,aarohi-roy-machine-learning-trainer-jaipur,aarohi-roy-machine-learning-trainer-jaipur-forsk-coding-school.webp,PENDING,DEMO – VERIFY BEFORE PUBLISH
FCS-M031,Tanvi Choudhary,Artificial Intelligence,AI Trainer,https://forskcodingschool.com/mentors/tanvi-choudhary-ai-trainer-jaipur/,tanvi-choudhary-ai-trainer-jaipur,tanvi-choudhary-ai-trainer-jaipur-forsk-coding-school.webp,PENDING,DEMO – VERIFY BEFORE PUBLISH
FCS-M032,Meera Bhardwaj,Artificial Intelligence,AI Trainer,https://forskcodingschool.com/mentors/meera-bhardwaj-ai-trainer-jaipur/,meera-bhardwaj-ai-trainer-jaipur,meera-bhardwaj-ai-trainer-jaipur-forsk-coding-school.webp,PENDING,DEMO – VERIFY BEFORE PUBLISH
FCS-M033,Ananya Choudhary,Artificial Intelligence,AI Trainer,https://forskcodingschool.com/mentors/ananya-choudhary-ai-trainer-jaipur/,ananya-choudhary-ai-trainer-jaipur,ananya-choudhary-ai-trainer-jaipur-forsk-coding-school.webp,PENDING,DEMO – VERIFY BEFORE PUBLISH
FCS-M034,Vishal Menon,Artificial Intelligence,AI Trainer,https://forskcodingschool.com/mentors/vishal-menon-ai-trainer-jaipur/,vishal-menon-ai-trainer-jaipur,vishal-menon-ai-trainer-jaipur-forsk-coding-school.webp,PENDING,DEMO – VERIFY BEFORE PUBLISH
FCS-M035,Tushar Saxena,Artificial Intelligence,AI Trainer,https://forskcodingschool.com/mentors/tushar-saxena-ai-trainer-jaipur/,tushar-saxena-ai-trainer-jaipur,tushar-saxena-ai-trainer-jaipur-forsk-coding-school.webp,PENDING,DEMO – VERIFY BEFORE PUBLISH
FCS-M036,Pooja Tiwari,Artificial Intelligence,AI Trainer,https://forskcodingschool.com/mentors/pooja-tiwari-ai-trainer-jaipur/,pooja-tiwari-ai-trainer-jaipur,pooja-tiwari-ai-trainer-jaipur-forsk-coding-school.webp,PENDING,DEMO – VERIFY BEFORE PUBLISH
FCS-M037,Diya Narula,Artificial Intelligence,AI Trainer,https://forskcodingschool.com/mentors/diya-narula-ai-trainer-jaipur/,diya-narula-ai-trainer-jaipur,diya-narula-ai-trainer-jaipur-forsk-coding-school.webp,PENDING,DEMO – VERIFY BEFORE PUBLISH
FCS-M038,Nikita Reddy,Artificial Intelligence,AI Trainer,https://forskcodingschool.com/mentors/nikita-reddy-ai-trainer-jaipur/,nikita-reddy-ai-trainer-jaipur,nikita-reddy-ai-trainer-jaipur-forsk-coding-school.webp,PENDING,DEMO – VERIFY BEFORE PUBLISH
FCS-M039,Yashika Jain,Artificial Intelligence,AI Trainer,https://forskcodingschool.com/mentors/yashika-jain-ai-trainer-jaipur/,yashika-jain-ai-trainer-jaipur,yashika-jain-ai-trainer-jaipur-forsk-coding-school.webp,PENDING,DEMO – VERIFY BEFORE PUBLISH
FCS-M040,Ankit Khanna,Artificial Intelligence,AI Trainer,https://forskcodingschool.com/mentors/ankit-khanna-ai-trainer-jaipur/,ankit-khanna-ai-trainer-jaipur,ankit-khanna-ai-trainer-jaipur-forsk-coding-school.webp,PENDING,DEMO – VERIFY BEFORE PUBLISH
FCS-M041,Gauri Kohli,Generative AI & LLMs,Generative AI Trainer,https://forskcodingschool.com/mentors/gauri-kohli-generative-ai-trainer-jaipur/,gauri-kohli-generative-ai-trainer-jaipur,gauri-kohli-generative-ai-trainer-jaipur-forsk-coding-school.webp,PENDING,DEMO – VERIFY BEFORE PUBLISH
FCS-M042,Harsh Anand,Generative AI & LLMs,Generative AI Trainer,https://forskcodingschool.com/mentors/harsh-anand-generative-ai-trainer-jaipur/,harsh-anand-generative-ai-trainer-jaipur,harsh-anand-generative-ai-trainer-jaipur-forsk-coding-school.webp,PENDING,DEMO – VERIFY BEFORE PUBLISH
FCS-M043,Saurabh Mittal,Generative AI & LLMs,Generative AI Trainer,https://forskcodingschool.com/mentors/saurabh-mittal-generative-ai-trainer-jaipur/,saurabh-mittal-generative-ai-trainer-jaipur,saurabh-mittal-generative-ai-trainer-jaipur-forsk-coding-school.webp,PENDING,DEMO – VERIFY BEFORE PUBLISH
FCS-M044,Diya Shah,Generative AI & LLMs,Generative AI Trainer,https://forskcodingschool.com/mentors/diya-shah-generative-ai-trainer-jaipur/,diya-shah-generative-ai-trainer-jaipur,diya-shah-generative-ai-trainer-jaipur-forsk-coding-school.webp,PENDING,DEMO – VERIFY BEFORE PUBLISH
FCS-M045,Vaishnavi Mittal,Generative AI & LLMs,Generative AI Trainer,https://forskcodingschool.com/mentors/vaishnavi-mittal-generative-ai-trainer-jaipur/,vaishnavi-mittal-generative-ai-trainer-jaipur,vaishnavi-mittal-generative-ai-trainer-jaipur-forsk-coding-school.webp,PENDING,DEMO – VERIFY BEFORE PUBLISH
FCS-M046,Ishita Purohit,Generative AI & LLMs,Generative AI Trainer,https://forskcodingschool.com/mentors/ishita-purohit-generative-ai-trainer-jaipur/,ishita-purohit-generative-ai-trainer-jaipur,ishita-purohit-generative-ai-trainer-jaipur-forsk-coding-school.webp,PENDING,DEMO – VERIFY BEFORE PUBLISH
FCS-M047,Vedant Pandey,Generative AI & LLMs,Generative AI Trainer,https://forskcodingschool.com/mentors/vedant-pandey-generative-ai-trainer-jaipur/,vedant-pandey-generative-ai-trainer-jaipur,vedant-pandey-generative-ai-trainer-jaipur-forsk-coding-school.webp,PENDING,DEMO – VERIFY BEFORE PUBLISH
FCS-M048,Kanika Tiwari,Generative AI & LLMs,Generative AI Trainer,https://forskcodingschool.com/mentors/kanika-tiwari-generative-ai-trainer-jaipur/,kanika-tiwari-generative-ai-trainer-jaipur,kanika-tiwari-generative-ai-trainer-jaipur-forsk-coding-school.webp,PENDING,DEMO – VERIFY BEFORE PUBLISH
FCS-M049,Siddharth Arora,Generative AI & LLMs,Generative AI Trainer,https://forskcodingschool.com/mentors/siddharth-arora-generative-ai-trainer-jaipur/,siddharth-arora-generative-ai-trainer-jaipur,siddharth-arora-generative-ai-trainer-jaipur-forsk-coding-school.webp,PENDING,DEMO – VERIFY BEFORE PUBLISH
FCS-M050,Shruti Prasad,Generative AI & LLMs,Generative AI Trainer,https://forskcodingschool.com/mentors/shruti-prasad-generative-ai-trainer-jaipur/,shruti-prasad-generative-ai-trainer-jaipur,shruti-prasad-generative-ai-trainer-jaipur-forsk-coding-school.webp,PENDING,DEMO – VERIFY BEFORE PUBLISH
FCS-M051,Priya Rao,Python Programming,Python Trainer,https://forskcodingschool.com/mentors/priya-rao-python-trainer-jaipur/,priya-rao-python-trainer-jaipur,priya-rao-python-trainer-jaipur-forsk-coding-school.webp,PENDING,DEMO – VERIFY BEFORE PUBLISH
FCS-M052,Kabir Bose,Python Programming,Python Trainer,https://forskcodingschool.com/mentors/kabir-bose-python-trainer-jaipur/,kabir-bose-python-trainer-jaipur,kabir-bose-python-trainer-jaipur-forsk-coding-school.webp,PENDING,DEMO – VERIFY BEFORE PUBLISH
FCS-M053,Siya Mathur,Python Programming,Python Trainer,https://forskcodingschool.com/mentors/siya-mathur-python-trainer-jaipur/,siya-mathur-python-trainer-jaipur,siya-mathur-python-trainer-jaipur-forsk-coding-school.webp,PENDING,DEMO – VERIFY BEFORE PUBLISH
FCS-M054,Shubham Saxena,Python Programming,Python Trainer,https://forskcodingschool.com/mentors/shubham-saxena-python-trainer-jaipur/,shubham-saxena-python-trainer-jaipur,shubham-saxena-python-trainer-jaipur-forsk-coding-school.webp,PENDING,DEMO – VERIFY BEFORE PUBLISH
FCS-M055,Akash Jain,Python Programming,Python Trainer,https://forskcodingschool.com/mentors/akash-jain-python-trainer-jaipur/,akash-jain-python-trainer-jaipur,akash-jain-python-trainer-jaipur-forsk-coding-school.webp,PENDING,DEMO – VERIFY BEFORE PUBLISH
FCS-M056,Aditya Bhardwaj,Python Programming,Python Trainer,https://forskcodingschool.com/mentors/aditya-bhardwaj-python-trainer-jaipur/,aditya-bhardwaj-python-trainer-jaipur,aditya-bhardwaj-python-trainer-jaipur-forsk-coding-school.webp,PENDING,DEMO – VERIFY BEFORE PUBLISH
FCS-M057,Diya Yadav,Python Programming,Python Trainer,https://forskcodingschool.com/mentors/diya-yadav-python-trainer-jaipur/,diya-yadav-python-trainer-jaipur,diya-yadav-python-trainer-jaipur-forsk-coding-school.webp,PENDING,DEMO – VERIFY BEFORE PUBLISH
FCS-M058,Manish Purohit,Python Programming,Python Trainer,https://forskcodingschool.com/mentors/manish-purohit-python-trainer-jaipur/,manish-purohit-python-trainer-jaipur,manish-purohit-python-trainer-jaipur-forsk-coding-school.webp,PENDING,DEMO – VERIFY BEFORE PUBLISH
FCS-M059,Aarohi Yadav,Python Programming,Python Trainer,https://forskcodingschool.com/mentors/aarohi-yadav-python-trainer-jaipur/,aarohi-yadav-python-trainer-jaipur,aarohi-yadav-python-trainer-jaipur-forsk-coding-school.webp,PENDING,DEMO – VERIFY BEFORE PUBLISH
FCS-M060,Khushi Goyal,Python Programming,Python Trainer,https://forskcodingschool.com/mentors/khushi-goyal-python-trainer-jaipur/,khushi-goyal-python-trainer-jaipur,khushi-goyal-python-trainer-jaipur-forsk-coding-school.webp,PENDING,DEMO – VERIFY BEFORE PUBLISH
FCS-M061,Aditi Dutta,SQL & Database Development,SQL Trainer,https://forskcodingschool.com/mentors/aditi-dutta-sql-trainer-jaipur/,aditi-dutta-sql-trainer-jaipur,aditi-dutta-sql-trainer-jaipur-forsk-coding-school.webp,PENDING,DEMO – VERIFY BEFORE PUBLISH
FCS-M062,Sameer Arora,SQL & Database Development,SQL Trainer,https://forskcodingschool.com/mentors/sameer-arora-sql-trainer-jaipur/,sameer-arora-sql-trainer-jaipur,sameer-arora-sql-trainer-jaipur-forsk-coding-school.webp,PENDING,DEMO – VERIFY BEFORE PUBLISH
FCS-M063,Dhruv Iyer,SQL & Database Development,SQL Trainer,https://forskcodingschool.com/mentors/dhruv-iyer-sql-trainer-jaipur/,dhruv-iyer-sql-trainer-jaipur,dhruv-iyer-sql-trainer-jaipur-forsk-coding-school.webp,PENDING,DEMO – VERIFY BEFORE PUBLISH
FCS-M064,Ishita Yadav,SQL & Database Development,SQL Trainer,https://forskcodingschool.com/mentors/ishita-yadav-sql-trainer-jaipur/,ishita-yadav-sql-trainer-jaipur,ishita-yadav-sql-trainer-jaipur-forsk-coding-school.webp,PENDING,DEMO – VERIFY BEFORE PUBLISH
FCS-M065,Rohan Vyas,SQL & Database Development,SQL Trainer,https://forskcodingschool.com/mentors/rohan-vyas-sql-trainer-jaipur/,rohan-vyas-sql-trainer-jaipur,rohan-vyas-sql-trainer-jaipur-forsk-coding-school.webp,PENDING,DEMO – VERIFY BEFORE PUBLISH
FCS-M066,Pranav Shah,SQL & Database Development,SQL Trainer,https://forskcodingschool.com/mentors/pranav-shah-sql-trainer-jaipur/,pranav-shah-sql-trainer-jaipur,pranav-shah-sql-trainer-jaipur-forsk-coding-school.webp,PENDING,DEMO – VERIFY BEFORE PUBLISH
FCS-M067,Harsh Mathur,SQL & Database Development,SQL Trainer,https://forskcodingschool.com/mentors/harsh-mathur-sql-trainer-jaipur/,harsh-mathur-sql-trainer-jaipur,harsh-mathur-sql-trainer-jaipur-forsk-coding-school.webp,PENDING,DEMO – VERIFY BEFORE PUBLISH
FCS-M068,Ojasvi Goel,SQL & Database Development,SQL Trainer,https://forskcodingschool.com/mentors/ojasvi-goel-sql-trainer-jaipur/,ojasvi-goel-sql-trainer-jaipur,ojasvi-goel-sql-trainer-jaipur-forsk-coding-school.webp,PENDING,DEMO – VERIFY BEFORE PUBLISH
FCS-M069,Vani Saini,SQL & Database Development,SQL Trainer,https://forskcodingschool.com/mentors/vani-saini-sql-trainer-jaipur/,vani-saini-sql-trainer-jaipur,vani-saini-sql-trainer-jaipur-forsk-coding-school.webp,PENDING,DEMO – VERIFY BEFORE PUBLISH
FCS-M070,Meera Pawar,SQL & Database Development,SQL Trainer,https://forskcodingschool.com/mentors/meera-pawar-sql-trainer-jaipur/,meera-pawar-sql-trainer-jaipur,meera-pawar-sql-trainer-jaipur-forsk-coding-school.webp,PENDING,DEMO – VERIFY BEFORE PUBLISH
FCS-M071,Riya Jadhav,Excel & Advanced Excel,Advanced Excel Trainer,https://forskcodingschool.com/mentors/riya-jadhav-advanced-excel-trainer-jaipur/,riya-jadhav-advanced-excel-trainer-jaipur,riya-jadhav-advanced-excel-trainer-jaipur-forsk-coding-school.webp,PENDING,DEMO – VERIFY BEFORE PUBLISH
FCS-M072,Mohit Iyer,Excel & Advanced Excel,Advanced Excel Trainer,https://forskcodingschool.com/mentors/mohit-iyer-advanced-excel-trainer-jaipur/,mohit-iyer-advanced-excel-trainer-jaipur,mohit-iyer-advanced-excel-trainer-jaipur-forsk-coding-school.webp,PENDING,DEMO – VERIFY BEFORE PUBLISH
FCS-M073,Palak Maheshwari,Excel & Advanced Excel,Advanced Excel Trainer,https://forskcodingschool.com/mentors/palak-maheshwari-advanced-excel-trainer-jaipur/,palak-maheshwari-advanced-excel-trainer-jaipur,palak-maheshwari-advanced-excel-trainer-jaipur-forsk-coding-school.webp,PENDING,DEMO – VERIFY BEFORE PUBLISH
FCS-M074,Tamanna Chawla,Excel & Advanced Excel,Advanced Excel Trainer,https://forskcodingschool.com/mentors/tamanna-chawla-advanced-excel-trainer-jaipur/,tamanna-chawla-advanced-excel-trainer-jaipur,tamanna-chawla-advanced-excel-trainer-jaipur-forsk-coding-school.webp,PENDING,DEMO – VERIFY BEFORE PUBLISH
FCS-M075,Uday Khandelwal,Excel & Advanced Excel,Advanced Excel Trainer,https://forskcodingschool.com/mentors/uday-khandelwal-advanced-excel-trainer-jaipur/,uday-khandelwal-advanced-excel-trainer-jaipur,uday-khandelwal-advanced-excel-trainer-jaipur-forsk-coding-school.webp,PENDING,DEMO – VERIFY BEFORE PUBLISH
FCS-M076,Riya Kashyap,Excel & Advanced Excel,Advanced Excel Trainer,https://forskcodingschool.com/mentors/riya-kashyap-advanced-excel-trainer-jaipur/,riya-kashyap-advanced-excel-trainer-jaipur,riya-kashyap-advanced-excel-trainer-jaipur-forsk-coding-school.webp,PENDING,DEMO – VERIFY BEFORE PUBLISH
FCS-M077,Tarun Jain,Excel & Advanced Excel,Advanced Excel Trainer,https://forskcodingschool.com/mentors/tarun-jain-advanced-excel-trainer-jaipur/,tarun-jain-advanced-excel-trainer-jaipur,tarun-jain-advanced-excel-trainer-jaipur-forsk-coding-school.webp,PENDING,DEMO – VERIFY BEFORE PUBLISH
FCS-M078,Sameer Roy,Excel & Advanced Excel,Advanced Excel Trainer,https://forskcodingschool.com/mentors/sameer-roy-advanced-excel-trainer-jaipur/,sameer-roy-advanced-excel-trainer-jaipur,sameer-roy-advanced-excel-trainer-jaipur-forsk-coding-school.webp,PENDING,DEMO – VERIFY BEFORE PUBLISH
FCS-M079,Vaishnavi Roy,Excel & Advanced Excel,Advanced Excel Trainer,https://forskcodingschool.com/mentors/vaishnavi-roy-advanced-excel-trainer-jaipur/,vaishnavi-roy-advanced-excel-trainer-jaipur,vaishnavi-roy-advanced-excel-trainer-jaipur-forsk-coding-school.webp,PENDING,DEMO – VERIFY BEFORE PUBLISH
FCS-M080,Ananya Bajaj,Excel & Advanced Excel,Advanced Excel Trainer,https://forskcodingschool.com/mentors/ananya-bajaj-advanced-excel-trainer-jaipur/,ananya-bajaj-advanced-excel-trainer-jaipur,ananya-bajaj-advanced-excel-trainer-jaipur-forsk-coding-school.webp,PENDING,DEMO – VERIFY BEFORE PUBLISH
FCS-M081,Manish Bhardwaj,Power BI,Power BI Trainer,https://forskcodingschool.com/mentors/manish-bhardwaj-power-bi-trainer-jaipur/,manish-bhardwaj-power-bi-trainer-jaipur,manish-bhardwaj-power-bi-trainer-jaipur-forsk-coding-school.webp,PENDING,DEMO – VERIFY BEFORE PUBLISH
FCS-M082,Shubham Menon,Power BI,Power BI Trainer,https://forskcodingschool.com/mentors/shubham-menon-power-bi-trainer-jaipur/,shubham-menon-power-bi-trainer-jaipur,shubham-menon-power-bi-trainer-jaipur-forsk-coding-school.webp,PENDING,DEMO – VERIFY BEFORE PUBLISH
FCS-M083,Jhanvi Saxena,Power BI,Power BI Trainer,https://forskcodingschool.com/mentors/jhanvi-saxena-power-bi-trainer-jaipur/,jhanvi-saxena-power-bi-trainer-jaipur,jhanvi-saxena-power-bi-trainer-jaipur-forsk-coding-school.webp,PENDING,DEMO – VERIFY BEFORE PUBLISH
FCS-M084,Ankit Anand,Power BI,Power BI Trainer,https://forskcodingschool.com/mentors/ankit-anand-power-bi-trainer-jaipur/,ankit-anand-power-bi-trainer-jaipur,ankit-anand-power-bi-trainer-jaipur-forsk-coding-school.webp,PENDING,DEMO – VERIFY BEFORE PUBLISH
FCS-M085,Vivaan Bose,Power BI,Power BI Trainer,https://forskcodingschool.com/mentors/vivaan-bose-power-bi-trainer-jaipur/,vivaan-bose-power-bi-trainer-jaipur,vivaan-bose-power-bi-trainer-jaipur-forsk-coding-school.webp,PENDING,DEMO – VERIFY BEFORE PUBLISH
FCS-M086,Tarun Saxena,Power BI,Power BI Trainer,https://forskcodingschool.com/mentors/tarun-saxena-power-bi-trainer-jaipur/,tarun-saxena-power-bi-trainer-jaipur,tarun-saxena-power-bi-trainer-jaipur-forsk-coding-school.webp,PENDING,DEMO – VERIFY BEFORE PUBLISH
FCS-M087,Upasana Arora,Power BI,Power BI Trainer,https://forskcodingschool.com/mentors/upasana-arora-power-bi-trainer-jaipur/,upasana-arora-power-bi-trainer-jaipur,upasana-arora-power-bi-trainer-jaipur-forsk-coding-school.webp,PENDING,DEMO – VERIFY BEFORE PUBLISH
FCS-M088,Aarav Desai,Power BI,Power BI Trainer,https://forskcodingschool.com/mentors/aarav-desai-power-bi-trainer-jaipur/,aarav-desai-power-bi-trainer-jaipur,aarav-desai-power-bi-trainer-jaipur-forsk-coding-school.webp,PENDING,DEMO – VERIFY BEFORE PUBLISH
FCS-M089,Diya Mathur,Power BI,Power BI Trainer,https://forskcodingschool.com/mentors/diya-mathur-power-bi-trainer-jaipur/,diya-mathur-power-bi-trainer-jaipur,diya-mathur-power-bi-trainer-jaipur-forsk-coding-school.webp,PENDING,DEMO – VERIFY BEFORE PUBLISH
FCS-M090,Parul Desai,Power BI,Power BI Trainer,https://forskcodingschool.com/mentors/parul-desai-power-bi-trainer-jaipur/,parul-desai-power-bi-trainer-jaipur,parul-desai-power-bi-trainer-jaipur-forsk-coding-school.webp,PENDING,DEMO – VERIFY BEFORE PUBLISH
FCS-M091,Tarun Bajaj,Tableau & Business Intelligence,Tableau & BI Trainer,https://forskcodingschool.com/mentors/tarun-bajaj-tableau-and-bi-trainer-jaipur/,tarun-bajaj-tableau-and-bi-trainer-jaipur,tarun-bajaj-tableau-and-bi-trainer-jaipur-forsk-coding-school.webp,PENDING,DEMO – VERIFY BEFORE PUBLISH
FCS-M092,Kabir Bhardwaj,Tableau & Business Intelligence,Tableau & BI Trainer,https://forskcodingschool.com/mentors/kabir-bhardwaj-tableau-and-bi-trainer-jaipur/,kabir-bhardwaj-tableau-and-bi-trainer-jaipur,kabir-bhardwaj-tableau-and-bi-trainer-jaipur-forsk-coding-school.webp,PENDING,DEMO – VERIFY BEFORE PUBLISH
FCS-M093,Kritika Narula,Tableau & Business Intelligence,Tableau & BI Trainer,https://forskcodingschool.com/mentors/kritika-narula-tableau-and-bi-trainer-jaipur/,kritika-narula-tableau-and-bi-trainer-jaipur,kritika-narula-tableau-and-bi-trainer-jaipur-forsk-coding-school.webp,PENDING,DEMO – VERIFY BEFORE PUBLISH
FCS-M094,Varun Bajaj,Tableau & Business Intelligence,Tableau & BI Trainer,https://forskcodingschool.com/mentors/varun-bajaj-tableau-and-bi-trainer-jaipur/,varun-bajaj-tableau-and-bi-trainer-jaipur,varun-bajaj-tableau-and-bi-trainer-jaipur-forsk-coding-school.webp,PENDING,DEMO – VERIFY BEFORE PUBLISH
FCS-M095,Tarun Ghosh,Tableau & Business Intelligence,Tableau & BI Trainer,https://forskcodingschool.com/mentors/tarun-ghosh-tableau-and-bi-trainer-jaipur/,tarun-ghosh-tableau-and-bi-trainer-jaipur,tarun-ghosh-tableau-and-bi-trainer-jaipur-forsk-coding-school.webp,PENDING,DEMO – VERIFY BEFORE PUBLISH
FCS-M096,Vaishnavi Khandelwal,Tableau & Business Intelligence,Tableau & BI Trainer,https://forskcodingschool.com/mentors/vaishnavi-khandelwal-tableau-and-bi-trainer-jaipur/,vaishnavi-khandelwal-tableau-and-bi-trainer-jaipur,vaishnavi-khandelwal-tableau-and-bi-trainer-jaipur-forsk-coding-school.webp,PENDING,DEMO – VERIFY BEFORE PUBLISH
FCS-M097,Tarun Reddy,Tableau & Business Intelligence,Tableau & BI Trainer,https://forskcodingschool.com/mentors/tarun-reddy-tableau-and-bi-trainer-jaipur/,tarun-reddy-tableau-and-bi-trainer-jaipur,tarun-reddy-tableau-and-bi-trainer-jaipur-forsk-coding-school.webp,PENDING,DEMO – VERIFY BEFORE PUBLISH
FCS-M098,Rajat Iyer,Tableau & Business Intelligence,Tableau & BI Trainer,https://forskcodingschool.com/mentors/rajat-iyer-tableau-and-bi-trainer-jaipur/,rajat-iyer-tableau-and-bi-trainer-jaipur,rajat-iyer-tableau-and-bi-trainer-jaipur-forsk-coding-school.webp,PENDING,DEMO – VERIFY BEFORE PUBLISH
FCS-M099,Siya Reddy,Tableau & Business Intelligence,Tableau & BI Trainer,https://forskcodingschool.com/mentors/siya-reddy-tableau-and-bi-trainer-jaipur/,siya-reddy-tableau-and-bi-trainer-jaipur,siya-reddy-tableau-and-bi-trainer-jaipur-forsk-coding-school.webp,PENDING,DEMO – VERIFY BEFORE PUBLISH
FCS-M100,Priya Singhal,Tableau & Business Intelligence,Tableau & BI Trainer,https://forskcodingschool.com/mentors/priya-singhal-tableau-and-bi-trainer-jaipur/,priya-singhal-tableau-and-bi-trainer-jaipur,priya-singhal-tableau-and-bi-trainer-jaipur-forsk-coding-school.webp,PENDING,DEMO – VERIFY BEFORE PUBLISH
FCS-M101,Urvashi Patil,Business Analytics,Business Analytics Trainer,https://forskcodingschool.com/mentors/urvashi-patil-business-analytics-trainer-jaipur/,urvashi-patil-business-analytics-trainer-jaipur,urvashi-patil-business-analytics-trainer-jaipur-forsk-coding-school.webp,PENDING,DEMO – VERIFY BEFORE PUBLISH
FCS-M102,Nikita Joshi,Business Analytics,Business Analytics Trainer,https://forskcodingschool.com/mentors/nikita-joshi-business-analytics-trainer-jaipur/,nikita-joshi-business-analytics-trainer-jaipur,nikita-joshi-business-analytics-trainer-jaipur-forsk-coding-school.webp,PENDING,DEMO – VERIFY BEFORE PUBLISH
FCS-M103,Pooja Reddy,Business Analytics,Business Analytics Trainer,https://forskcodingschool.com/mentors/pooja-reddy-business-analytics-trainer-jaipur/,pooja-reddy-business-analytics-trainer-jaipur,pooja-reddy-business-analytics-trainer-jaipur-forsk-coding-school.webp,PENDING,DEMO – VERIFY BEFORE PUBLISH
FCS-M104,Upasana Tiwari,Business Analytics,Business Analytics Trainer,https://forskcodingschool.com/mentors/upasana-tiwari-business-analytics-trainer-jaipur/,upasana-tiwari-business-analytics-trainer-jaipur,upasana-tiwari-business-analytics-trainer-jaipur-forsk-coding-school.webp,PENDING,DEMO – VERIFY BEFORE PUBLISH
FCS-M105,Manish Goel,Business Analytics,Business Analytics Trainer,https://forskcodingschool.com/mentors/manish-goel-business-analytics-trainer-jaipur/,manish-goel-business-analytics-trainer-jaipur,manish-goel-business-analytics-trainer-jaipur-forsk-coding-school.webp,PENDING,DEMO – VERIFY BEFORE PUBLISH
FCS-M106,Zoya Prasad,Business Analytics,Business Analytics Trainer,https://forskcodingschool.com/mentors/zoya-prasad-business-analytics-trainer-jaipur/,zoya-prasad-business-analytics-trainer-jaipur,zoya-prasad-business-analytics-trainer-jaipur-forsk-coding-school.webp,PENDING,DEMO – VERIFY BEFORE PUBLISH
FCS-M107,Ishaan Prasad,Business Analytics,Business Analytics Trainer,https://forskcodingschool.com/mentors/ishaan-prasad-business-analytics-trainer-jaipur/,ishaan-prasad-business-analytics-trainer-jaipur,ishaan-prasad-business-analytics-trainer-jaipur-forsk-coding-school.webp,PENDING,DEMO – VERIFY BEFORE PUBLISH
FCS-M108,Vani Pandey,Business Analytics,Business Analytics Trainer,https://forskcodingschool.com/mentors/vani-pandey-business-analytics-trainer-jaipur/,vani-pandey-business-analytics-trainer-jaipur,vani-pandey-business-analytics-trainer-jaipur-forsk-coding-school.webp,PENDING,DEMO – VERIFY BEFORE PUBLISH
FCS-M109,Aditi Desai,Business Analytics,Business Analytics Trainer,https://forskcodingschool.com/mentors/aditi-desai-business-analytics-trainer-jaipur/,aditi-desai-business-analytics-trainer-jaipur,aditi-desai-business-analytics-trainer-jaipur-forsk-coding-school.webp,PENDING,DEMO – VERIFY BEFORE PUBLISH
FCS-M110,Isha Khandelwal,Business Analytics,Business Analytics Trainer,https://forskcodingschool.com/mentors/isha-khandelwal-business-analytics-trainer-jaipur/,isha-khandelwal-business-analytics-trainer-jaipur,isha-khandelwal-business-analytics-trainer-jaipur-forsk-coding-school.webp,PENDING,DEMO – VERIFY BEFORE PUBLISH
FCS-M111,Kartik Desai,Data Engineering,Data Engineering Trainer,https://forskcodingschool.com/mentors/kartik-desai-data-engineering-trainer-jaipur/,kartik-desai-data-engineering-trainer-jaipur,kartik-desai-data-engineering-trainer-jaipur-forsk-coding-school.webp,PENDING,DEMO – VERIFY BEFORE PUBLISH
FCS-M112,Isha Joshi,Data Engineering,Data Engineering Trainer,https://forskcodingschool.com/mentors/isha-joshi-data-engineering-trainer-jaipur/,isha-joshi-data-engineering-trainer-jaipur,isha-joshi-data-engineering-trainer-jaipur-forsk-coding-school.webp,PENDING,DEMO – VERIFY BEFORE PUBLISH
FCS-M113,Mohit Malhotra,Data Engineering,Data Engineering Trainer,https://forskcodingschool.com/mentors/mohit-malhotra-data-engineering-trainer-jaipur/,mohit-malhotra-data-engineering-trainer-jaipur,mohit-malhotra-data-engineering-trainer-jaipur-forsk-coding-school.webp,PENDING,DEMO – VERIFY BEFORE PUBLISH
FCS-M114,Ritika Kohli,Data Engineering,Data Engineering Trainer,https://forskcodingschool.com/mentors/ritika-kohli-data-engineering-trainer-jaipur/,ritika-kohli-data-engineering-trainer-jaipur,ritika-kohli-data-engineering-trainer-jaipur-forsk-coding-school.webp,PENDING,DEMO – VERIFY BEFORE PUBLISH
FCS-M115,Vidhi Bansal,Data Engineering,Data Engineering Trainer,https://forskcodingschool.com/mentors/vidhi-bansal-data-engineering-trainer-jaipur/,vidhi-bansal-data-engineering-trainer-jaipur,vidhi-bansal-data-engineering-trainer-jaipur-forsk-coding-school.webp,PENDING,DEMO – VERIFY BEFORE PUBLISH
FCS-M116,Sonali Kashyap,Data Engineering,Data Engineering Trainer,https://forskcodingschool.com/mentors/sonali-kashyap-data-engineering-trainer-jaipur/,sonali-kashyap-data-engineering-trainer-jaipur,sonali-kashyap-data-engineering-trainer-jaipur-forsk-coding-school.webp,PENDING,DEMO – VERIFY BEFORE PUBLISH
FCS-M117,Kanika Khanna,Data Engineering,Data Engineering Trainer,https://forskcodingschool.com/mentors/kanika-khanna-data-engineering-trainer-jaipur/,kanika-khanna-data-engineering-trainer-jaipur,kanika-khanna-data-engineering-trainer-jaipur-forsk-coding-school.webp,PENDING,DEMO – VERIFY BEFORE PUBLISH
FCS-M118,Aarav Maheshwari,Data Engineering,Data Engineering Trainer,https://forskcodingschool.com/mentors/aarav-maheshwari-data-engineering-trainer-jaipur/,aarav-maheshwari-data-engineering-trainer-jaipur,aarav-maheshwari-data-engineering-trainer-jaipur-forsk-coding-school.webp,PENDING,DEMO – VERIFY BEFORE PUBLISH
FCS-M119,Rashmi Dubey,Data Engineering,Data Engineering Trainer,https://forskcodingschool.com/mentors/rashmi-dubey-data-engineering-trainer-jaipur/,rashmi-dubey-data-engineering-trainer-jaipur,rashmi-dubey-data-engineering-trainer-jaipur-forsk-coding-school.webp,PENDING,DEMO – VERIFY BEFORE PUBLISH
FCS-M120,Kanika Khandelwal,Data Engineering,Data Engineering Trainer,https://forskcodingschool.com/mentors/kanika-khandelwal-data-engineering-trainer-jaipur/,kanika-khandelwal-data-engineering-trainer-jaipur,kanika-khandelwal-data-engineering-trainer-jaipur-forsk-coding-school.webp,PENDING,DEMO – VERIFY BEFORE PUBLISH
FCS-M121,Muskan Pillai,Big Data & Spark,Big Data Trainer,https://forskcodingschool.com/mentors/muskan-pillai-big-data-trainer-jaipur/,muskan-pillai-big-data-trainer-jaipur,muskan-pillai-big-data-trainer-jaipur-forsk-coding-school.webp,PENDING,DEMO – VERIFY BEFORE PUBLISH
FCS-M122,Mansi Desai,Big Data & Spark,Big Data Trainer,https://forskcodingschool.com/mentors/mansi-desai-big-data-trainer-jaipur/,mansi-desai-big-data-trainer-jaipur,mansi-desai-big-data-trainer-jaipur-forsk-coding-school.webp,PENDING,DEMO – VERIFY BEFORE PUBLISH
FCS-M123,Mahima Sethi,Big Data & Spark,Big Data Trainer,https://forskcodingschool.com/mentors/mahima-sethi-big-data-trainer-jaipur/,mahima-sethi-big-data-trainer-jaipur,mahima-sethi-big-data-trainer-jaipur-forsk-coding-school.webp,PENDING,DEMO – VERIFY BEFORE PUBLISH
FCS-M124,Kunal Goel,Big Data & Spark,Big Data Trainer,https://forskcodingschool.com/mentors/kunal-goel-big-data-trainer-jaipur/,kunal-goel-big-data-trainer-jaipur,kunal-goel-big-data-trainer-jaipur-forsk-coding-school.webp,PENDING,DEMO – VERIFY BEFORE PUBLISH
FCS-M125,Jhanvi Khanna,Big Data & Spark,Big Data Trainer,https://forskcodingschool.com/mentors/jhanvi-khanna-big-data-trainer-jaipur/,jhanvi-khanna-big-data-trainer-jaipur,jhanvi-khanna-big-data-trainer-jaipur-forsk-coding-school.webp,PENDING,DEMO – VERIFY BEFORE PUBLISH
FCS-M126,Parul Dutta,Big Data & Spark,Big Data Trainer,https://forskcodingschool.com/mentors/parul-dutta-big-data-trainer-jaipur/,parul-dutta-big-data-trainer-jaipur,parul-dutta-big-data-trainer-jaipur-forsk-coding-school.webp,PENDING,DEMO – VERIFY BEFORE PUBLISH
FCS-M127,Aman Bhardwaj,Big Data & Spark,Big Data Trainer,https://forskcodingschool.com/mentors/aman-bhardwaj-big-data-trainer-jaipur/,aman-bhardwaj-big-data-trainer-jaipur,aman-bhardwaj-big-data-trainer-jaipur-forsk-coding-school.webp,PENDING,DEMO – VERIFY BEFORE PUBLISH
FCS-M128,Palak Verma,Big Data & Spark,Big Data Trainer,https://forskcodingschool.com/mentors/palak-verma-big-data-trainer-jaipur/,palak-verma-big-data-trainer-jaipur,palak-verma-big-data-trainer-jaipur-forsk-coding-school.webp,PENDING,DEMO – VERIFY BEFORE PUBLISH
FCS-M129,Sneha Reddy,Big Data & Spark,Big Data Trainer,https://forskcodingschool.com/mentors/sneha-reddy-big-data-trainer-jaipur/,sneha-reddy-big-data-trainer-jaipur,sneha-reddy-big-data-trainer-jaipur-forsk-coding-school.webp,PENDING,DEMO – VERIFY BEFORE PUBLISH
FCS-M130,Manish Dubey,Big Data & Spark,Big Data Trainer,https://forskcodingschool.com/mentors/manish-dubey-big-data-trainer-jaipur/,manish-dubey-big-data-trainer-jaipur,manish-dubey-big-data-trainer-jaipur-forsk-coding-school.webp,PENDING,DEMO – VERIFY BEFORE PUBLISH
FCS-M131,Deepika Agarwal,Statistics for Data Science,Statistics Trainer,https://forskcodingschool.com/mentors/deepika-agarwal-statistics-trainer-jaipur/,deepika-agarwal-statistics-trainer-jaipur,deepika-agarwal-statistics-trainer-jaipur-forsk-coding-school.webp,PENDING,DEMO – VERIFY BEFORE PUBLISH
FCS-M132,Shubham Bose,Statistics for Data Science,Statistics Trainer,https://forskcodingschool.com/mentors/shubham-bose-statistics-trainer-jaipur/,shubham-bose-statistics-trainer-jaipur,shubham-bose-statistics-trainer-jaipur-forsk-coding-school.webp,PENDING,DEMO – VERIFY BEFORE PUBLISH
FCS-M133,Harsh Kashyap,Statistics for Data Science,Statistics Trainer,https://forskcodingschool.com/mentors/harsh-kashyap-statistics-trainer-jaipur/,harsh-kashyap-statistics-trainer-jaipur,harsh-kashyap-statistics-trainer-jaipur-forsk-coding-school.webp,PENDING,DEMO – VERIFY BEFORE PUBLISH
FCS-M134,Bhavya Bansal,Statistics for Data Science,Statistics Trainer,https://forskcodingschool.com/mentors/bhavya-bansal-statistics-trainer-jaipur/,bhavya-bansal-statistics-trainer-jaipur,bhavya-bansal-statistics-trainer-jaipur-forsk-coding-school.webp,PENDING,DEMO – VERIFY BEFORE PUBLISH
FCS-M135,Riya Bhatia,Statistics for Data Science,Statistics Trainer,https://forskcodingschool.com/mentors/riya-bhatia-statistics-trainer-jaipur/,riya-bhatia-statistics-trainer-jaipur,riya-bhatia-statistics-trainer-jaipur-forsk-coding-school.webp,PENDING,DEMO – VERIFY BEFORE PUBLISH
FCS-M136,Shubham Rajput,Statistics for Data Science,Statistics Trainer,https://forskcodingschool.com/mentors/shubham-rajput-statistics-trainer-jaipur/,shubham-rajput-statistics-trainer-jaipur,shubham-rajput-statistics-trainer-jaipur-forsk-coding-school.webp,PENDING,DEMO – VERIFY BEFORE PUBLISH
FCS-M137,Kavya Das,Statistics for Data Science,Statistics Trainer,https://forskcodingschool.com/mentors/kavya-das-statistics-trainer-jaipur/,kavya-das-statistics-trainer-jaipur,kavya-das-statistics-trainer-jaipur-forsk-coding-school.webp,PENDING,DEMO – VERIFY BEFORE PUBLISH
FCS-M138,Rohan Prasad,Statistics for Data Science,Statistics Trainer,https://forskcodingschool.com/mentors/rohan-prasad-statistics-trainer-jaipur/,rohan-prasad-statistics-trainer-jaipur,rohan-prasad-statistics-trainer-jaipur-forsk-coding-school.webp,PENDING,DEMO – VERIFY BEFORE PUBLISH
FCS-M139,Ananya Shah,Statistics for Data Science,Statistics Trainer,https://forskcodingschool.com/mentors/ananya-shah-statistics-trainer-jaipur/,ananya-shah-statistics-trainer-jaipur,ananya-shah-statistics-trainer-jaipur-forsk-coding-school.webp,PENDING,DEMO – VERIFY BEFORE PUBLISH
FCS-M140,Neeraj Pawar,Statistics for Data Science,Statistics Trainer,https://forskcodingschool.com/mentors/neeraj-pawar-statistics-trainer-jaipur/,neeraj-pawar-statistics-trainer-jaipur,neeraj-pawar-statistics-trainer-jaipur-forsk-coding-school.webp,PENDING,DEMO – VERIFY BEFORE PUBLISH
FCS-M141,Parul Das,MERN Full Stack Development,MERN Stack Trainer,https://forskcodingschool.com/mentors/parul-das-mern-stack-trainer-jaipur/,parul-das-mern-stack-trainer-jaipur,parul-das-mern-stack-trainer-jaipur-forsk-coding-school.webp,PENDING,DEMO – VERIFY BEFORE PUBLISH
FCS-M142,Rishi Ahuja,MERN Full Stack Development,MERN Stack Trainer,https://forskcodingschool.com/mentors/rishi-ahuja-mern-stack-trainer-jaipur/,rishi-ahuja-mern-stack-trainer-jaipur,rishi-ahuja-mern-stack-trainer-jaipur-forsk-coding-school.webp,PENDING,DEMO – VERIFY BEFORE PUBLISH
FCS-M143,Krishna Choudhary,MERN Full Stack Development,MERN Stack Trainer,https://forskcodingschool.com/mentors/krishna-choudhary-mern-stack-trainer-jaipur/,krishna-choudhary-mern-stack-trainer-jaipur,krishna-choudhary-mern-stack-trainer-jaipur-forsk-coding-school.webp,PENDING,DEMO – VERIFY BEFORE PUBLISH
FCS-M144,Krishna Jain,MERN Full Stack Development,MERN Stack Trainer,https://forskcodingschool.com/mentors/krishna-jain-mern-stack-trainer-jaipur/,krishna-jain-mern-stack-trainer-jaipur,krishna-jain-mern-stack-trainer-jaipur-forsk-coding-school.webp,PENDING,DEMO – VERIFY BEFORE PUBLISH
FCS-M145,Siya Bansal,MERN Full Stack Development,MERN Stack Trainer,https://forskcodingschool.com/mentors/siya-bansal-mern-stack-trainer-jaipur/,siya-bansal-mern-stack-trainer-jaipur,siya-bansal-mern-stack-trainer-jaipur-forsk-coding-school.webp,PENDING,DEMO – VERIFY BEFORE PUBLISH
FCS-M146,Rishi Jain,MERN Full Stack Development,MERN Stack Trainer,https://forskcodingschool.com/mentors/rishi-jain-mern-stack-trainer-jaipur/,rishi-jain-mern-stack-trainer-jaipur,rishi-jain-mern-stack-trainer-jaipur-forsk-coding-school.webp,PENDING,DEMO – VERIFY BEFORE PUBLISH
FCS-M147,Gauri Verma,MERN Full Stack Development,MERN Stack Trainer,https://forskcodingschool.com/mentors/gauri-verma-mern-stack-trainer-jaipur/,gauri-verma-mern-stack-trainer-jaipur,gauri-verma-mern-stack-trainer-jaipur-forsk-coding-school.webp,PENDING,DEMO – VERIFY BEFORE PUBLISH
FCS-M148,Trisha Pawar,MERN Full Stack Development,MERN Stack Trainer,https://forskcodingschool.com/mentors/trisha-pawar-mern-stack-trainer-jaipur/,trisha-pawar-mern-stack-trainer-jaipur,trisha-pawar-mern-stack-trainer-jaipur-forsk-coding-school.webp,PENDING,DEMO – VERIFY BEFORE PUBLISH
FCS-M149,Nandini Mathur,MERN Full Stack Development,MERN Stack Trainer,https://forskcodingschool.com/mentors/nandini-mathur-mern-stack-trainer-jaipur/,nandini-mathur-mern-stack-trainer-jaipur,nandini-mathur-mern-stack-trainer-jaipur-forsk-coding-school.webp,PENDING,DEMO – VERIFY BEFORE PUBLISH
FCS-M150,Deepika Ahuja,MERN Full Stack Development,MERN Stack Trainer,https://forskcodingschool.com/mentors/deepika-ahuja-mern-stack-trainer-jaipur/,deepika-ahuja-mern-stack-trainer-jaipur,deepika-ahuja-mern-stack-trainer-jaipur-forsk-coding-school.webp,PENDING,DEMO – VERIFY BEFORE PUBLISH
FCS-M151,Upasana Mehta,Python Full Stack Development,Python Full Stack Trainer,https://forskcodingschool.com/mentors/upasana-mehta-python-full-stack-trainer-jaipur/,upasana-mehta-python-full-stack-trainer-jaipur,upasana-mehta-python-full-stack-trainer-jaipur-forsk-coding-school.webp,PENDING,DEMO – VERIFY BEFORE PUBLISH
FCS-M152,Shubham Gupta,Python Full Stack Development,Python Full Stack Trainer,https://forskcodingschool.com/mentors/shubham-gupta-python-full-stack-trainer-jaipur/,shubham-gupta-python-full-stack-trainer-jaipur,shubham-gupta-python-full-stack-trainer-jaipur-forsk-coding-school.webp,PENDING,DEMO – VERIFY BEFORE PUBLISH
FCS-M153,Nikita Malhotra,Python Full Stack Development,Python Full Stack Trainer,https://forskcodingschool.com/mentors/nikita-malhotra-python-full-stack-trainer-jaipur/,nikita-malhotra-python-full-stack-trainer-jaipur,nikita-malhotra-python-full-stack-trainer-jaipur-forsk-coding-school.webp,PENDING,DEMO – VERIFY BEFORE PUBLISH
FCS-M154,Piyush Narula,Python Full Stack Development,Python Full Stack Trainer,https://forskcodingschool.com/mentors/piyush-narula-python-full-stack-trainer-jaipur/,piyush-narula-python-full-stack-trainer-jaipur,piyush-narula-python-full-stack-trainer-jaipur-forsk-coding-school.webp,PENDING,DEMO – VERIFY BEFORE PUBLISH
FCS-M155,Kritika Choudhary,Python Full Stack Development,Python Full Stack Trainer,https://forskcodingschool.com/mentors/kritika-choudhary-python-full-stack-trainer-jaipur/,kritika-choudhary-python-full-stack-trainer-jaipur,kritika-choudhary-python-full-stack-trainer-jaipur-forsk-coding-school.webp,PENDING,DEMO – VERIFY BEFORE PUBLISH
FCS-M156,Priya Mishra,Python Full Stack Development,Python Full Stack Trainer,https://forskcodingschool.com/mentors/priya-mishra-python-full-stack-trainer-jaipur/,priya-mishra-python-full-stack-trainer-jaipur,priya-mishra-python-full-stack-trainer-jaipur-forsk-coding-school.webp,PENDING,DEMO – VERIFY BEFORE PUBLISH
FCS-M157,Ishita Chawla,Python Full Stack Development,Python Full Stack Trainer,https://forskcodingschool.com/mentors/ishita-chawla-python-full-stack-trainer-jaipur/,ishita-chawla-python-full-stack-trainer-jaipur,ishita-chawla-python-full-stack-trainer-jaipur-forsk-coding-school.webp,PENDING,DEMO – VERIFY BEFORE PUBLISH
FCS-M158,Nikita Ghosh,Python Full Stack Development,Python Full Stack Trainer,https://forskcodingschool.com/mentors/nikita-ghosh-python-full-stack-trainer-jaipur/,nikita-ghosh-python-full-stack-trainer-jaipur,nikita-ghosh-python-full-stack-trainer-jaipur-forsk-coding-school.webp,PENDING,DEMO – VERIFY BEFORE PUBLISH
FCS-M159,Dev Desai,Python Full Stack Development,Python Full Stack Trainer,https://forskcodingschool.com/mentors/dev-desai-python-full-stack-trainer-jaipur/,dev-desai-python-full-stack-trainer-jaipur,dev-desai-python-full-stack-trainer-jaipur-forsk-coding-school.webp,PENDING,DEMO – VERIFY BEFORE PUBLISH
FCS-M160,Aakriti Mathur,Python Full Stack Development,Python Full Stack Trainer,https://forskcodingschool.com/mentors/aakriti-mathur-python-full-stack-trainer-jaipur/,aakriti-mathur-python-full-stack-trainer-jaipur,aakriti-mathur-python-full-stack-trainer-jaipur-forsk-coding-school.webp,PENDING,DEMO – VERIFY BEFORE PUBLISH
FCS-M161,Pooja Saini,Java Full Stack Development,Java Full Stack Trainer,https://forskcodingschool.com/mentors/pooja-saini-java-full-stack-trainer-jaipur/,pooja-saini-java-full-stack-trainer-jaipur,pooja-saini-java-full-stack-trainer-jaipur-forsk-coding-school.webp,PENDING,DEMO – VERIFY BEFORE PUBLISH
FCS-M162,Neha Mittal,Java Full Stack Development,Java Full Stack Trainer,https://forskcodingschool.com/mentors/neha-mittal-java-full-stack-trainer-jaipur/,neha-mittal-java-full-stack-trainer-jaipur,neha-mittal-java-full-stack-trainer-jaipur-forsk-coding-school.webp,PENDING,DEMO – VERIFY BEFORE PUBLISH
FCS-M163,Ishaan Rajput,Java Full Stack Development,Java Full Stack Trainer,https://forskcodingschool.com/mentors/ishaan-rajput-java-full-stack-trainer-jaipur/,ishaan-rajput-java-full-stack-trainer-jaipur,ishaan-rajput-java-full-stack-trainer-jaipur-forsk-coding-school.webp,PENDING,DEMO – VERIFY BEFORE PUBLISH
FCS-M164,Nandini Bose,Java Full Stack Development,Java Full Stack Trainer,https://forskcodingschool.com/mentors/nandini-bose-java-full-stack-trainer-jaipur/,nandini-bose-java-full-stack-trainer-jaipur,nandini-bose-java-full-stack-trainer-jaipur-forsk-coding-school.webp,PENDING,DEMO – VERIFY BEFORE PUBLISH
FCS-M165,Zoya Das,Java Full Stack Development,Java Full Stack Trainer,https://forskcodingschool.com/mentors/zoya-das-java-full-stack-trainer-jaipur/,zoya-das-java-full-stack-trainer-jaipur,zoya-das-java-full-stack-trainer-jaipur-forsk-coding-school.webp,PENDING,DEMO – VERIFY BEFORE PUBLISH
FCS-M166,Vivaan Desai,Java Full Stack Development,Java Full Stack Trainer,https://forskcodingschool.com/mentors/vivaan-desai-java-full-stack-trainer-jaipur/,vivaan-desai-java-full-stack-trainer-jaipur,vivaan-desai-java-full-stack-trainer-jaipur-forsk-coding-school.webp,PENDING,DEMO – VERIFY BEFORE PUBLISH
FCS-M167,Sonali Gill,Java Full Stack Development,Java Full Stack Trainer,https://forskcodingschool.com/mentors/sonali-gill-java-full-stack-trainer-jaipur/,sonali-gill-java-full-stack-trainer-jaipur,sonali-gill-java-full-stack-trainer-jaipur-forsk-coding-school.webp,PENDING,DEMO – VERIFY BEFORE PUBLISH
FCS-M168,Kavya Goyal,Java Full Stack Development,Java Full Stack Trainer,https://forskcodingschool.com/mentors/kavya-goyal-java-full-stack-trainer-jaipur/,kavya-goyal-java-full-stack-trainer-jaipur,kavya-goyal-java-full-stack-trainer-jaipur-forsk-coding-school.webp,PENDING,DEMO – VERIFY BEFORE PUBLISH
FCS-M169,Abhishek Joshi,Java Full Stack Development,Java Full Stack Trainer,https://forskcodingschool.com/mentors/abhishek-joshi-java-full-stack-trainer-jaipur/,abhishek-joshi-java-full-stack-trainer-jaipur,abhishek-joshi-java-full-stack-trainer-jaipur-forsk-coding-school.webp,PENDING,DEMO – VERIFY BEFORE PUBLISH
FCS-M170,Trisha Agarwal,Java Full Stack Development,Java Full Stack Trainer,https://forskcodingschool.com/mentors/trisha-agarwal-java-full-stack-trainer-jaipur/,trisha-agarwal-java-full-stack-trainer-jaipur,trisha-agarwal-java-full-stack-trainer-jaipur-forsk-coding-school.webp,PENDING,DEMO – VERIFY BEFORE PUBLISH
FCS-M171,Priya Sodhi,Front-End Web Development,Front-End Trainer,https://forskcodingschool.com/mentors/priya-sodhi-front-end-trainer-jaipur/,priya-sodhi-front-end-trainer-jaipur,priya-sodhi-front-end-trainer-jaipur-forsk-coding-school.webp,PENDING,DEMO – VERIFY BEFORE PUBLISH
FCS-M172,Zoya Kapoor,Front-End Web Development,Front-End Trainer,https://forskcodingschool.com/mentors/zoya-kapoor-front-end-trainer-jaipur/,zoya-kapoor-front-end-trainer-jaipur,zoya-kapoor-front-end-trainer-jaipur-forsk-coding-school.webp,PENDING,DEMO – VERIFY BEFORE PUBLISH
FCS-M173,Dhruv Mishra,Front-End Web Development,Front-End Trainer,https://forskcodingschool.com/mentors/dhruv-mishra-front-end-trainer-jaipur/,dhruv-mishra-front-end-trainer-jaipur,dhruv-mishra-front-end-trainer-jaipur-forsk-coding-school.webp,PENDING,DEMO – VERIFY BEFORE PUBLISH
FCS-M174,Yashika Agarwal,Front-End Web Development,Front-End Trainer,https://forskcodingschool.com/mentors/yashika-agarwal-front-end-trainer-jaipur/,yashika-agarwal-front-end-trainer-jaipur,yashika-agarwal-front-end-trainer-jaipur-forsk-coding-school.webp,PENDING,DEMO – VERIFY BEFORE PUBLISH
FCS-M175,Saurabh Gupta,Front-End Web Development,Front-End Trainer,https://forskcodingschool.com/mentors/saurabh-gupta-front-end-trainer-jaipur/,saurabh-gupta-front-end-trainer-jaipur,saurabh-gupta-front-end-trainer-jaipur-forsk-coding-school.webp,PENDING,DEMO – VERIFY BEFORE PUBLISH
FCS-M176,Tanvi Tripathi,Front-End Web Development,Front-End Trainer,https://forskcodingschool.com/mentors/tanvi-tripathi-front-end-trainer-jaipur/,tanvi-tripathi-front-end-trainer-jaipur,tanvi-tripathi-front-end-trainer-jaipur-forsk-coding-school.webp,PENDING,DEMO – VERIFY BEFORE PUBLISH
FCS-M177,Vishal Roy,Front-End Web Development,Front-End Trainer,https://forskcodingschool.com/mentors/vishal-roy-front-end-trainer-jaipur/,vishal-roy-front-end-trainer-jaipur,vishal-roy-front-end-trainer-jaipur-forsk-coding-school.webp,PENDING,DEMO – VERIFY BEFORE PUBLISH
FCS-M178,Deepika Yadav,Front-End Web Development,Front-End Trainer,https://forskcodingschool.com/mentors/deepika-yadav-front-end-trainer-jaipur/,deepika-yadav-front-end-trainer-jaipur,deepika-yadav-front-end-trainer-jaipur-forsk-coding-school.webp,PENDING,DEMO – VERIFY BEFORE PUBLISH
FCS-M179,Khushi Sodhi,Front-End Web Development,Front-End Trainer,https://forskcodingschool.com/mentors/khushi-sodhi-front-end-trainer-jaipur/,khushi-sodhi-front-end-trainer-jaipur,khushi-sodhi-front-end-trainer-jaipur-forsk-coding-school.webp,PENDING,DEMO – VERIFY BEFORE PUBLISH
FCS-M180,Yash Kapoor,Front-End Web Development,Front-End Trainer,https://forskcodingschool.com/mentors/yash-kapoor-front-end-trainer-jaipur/,yash-kapoor-front-end-trainer-jaipur,yash-kapoor-front-end-trainer-jaipur-forsk-coding-school.webp,PENDING,DEMO – VERIFY BEFORE PUBLISH
FCS-M181,Meera Gupta,Backend & REST API Development,Backend Development Trainer,https://forskcodingschool.com/mentors/meera-gupta-backend-development-trainer-jaipur/,meera-gupta-backend-development-trainer-jaipur,meera-gupta-backend-development-trainer-jaipur-forsk-coding-school.webp,PENDING,DEMO – VERIFY BEFORE PUBLISH
FCS-M182,Piyush Khanna,Backend & REST API Development,Backend Development Trainer,https://forskcodingschool.com/mentors/piyush-khanna-backend-development-trainer-jaipur/,piyush-khanna-backend-development-trainer-jaipur,piyush-khanna-backend-development-trainer-jaipur-forsk-coding-school.webp,PENDING,DEMO – VERIFY BEFORE PUBLISH
FCS-M183,Piyush Roy,Backend & REST API Development,Backend Development Trainer,https://forskcodingschool.com/mentors/piyush-roy-backend-development-trainer-jaipur/,piyush-roy-backend-development-trainer-jaipur,piyush-roy-backend-development-trainer-jaipur-forsk-coding-school.webp,PENDING,DEMO – VERIFY BEFORE PUBLISH
FCS-M184,Radhika Thakur,Backend & REST API Development,Backend Development Trainer,https://forskcodingschool.com/mentors/radhika-thakur-backend-development-trainer-jaipur/,radhika-thakur-backend-development-trainer-jaipur,radhika-thakur-backend-development-trainer-jaipur-forsk-coding-school.webp,PENDING,DEMO – VERIFY BEFORE PUBLISH
FCS-M185,Reyansh Reddy,Backend & REST API Development,Backend Development Trainer,https://forskcodingschool.com/mentors/reyansh-reddy-backend-development-trainer-jaipur/,reyansh-reddy-backend-development-trainer-jaipur,reyansh-reddy-backend-development-trainer-jaipur-forsk-coding-school.webp,PENDING,DEMO – VERIFY BEFORE PUBLISH
FCS-M186,Kunal Khandelwal,Backend & REST API Development,Backend Development Trainer,https://forskcodingschool.com/mentors/kunal-khandelwal-backend-development-trainer-jaipur/,kunal-khandelwal-backend-development-trainer-jaipur,kunal-khandelwal-backend-development-trainer-jaipur-forsk-coding-school.webp,PENDING,DEMO – VERIFY BEFORE PUBLISH
FCS-M187,Hina Saxena,Backend & REST API Development,Backend Development Trainer,https://forskcodingschool.com/mentors/hina-saxena-backend-development-trainer-jaipur/,hina-saxena-backend-development-trainer-jaipur,hina-saxena-backend-development-trainer-jaipur-forsk-coding-school.webp,PENDING,DEMO – VERIFY BEFORE PUBLISH
FCS-M188,Nikhil Mishra,Backend & REST API Development,Backend Development Trainer,https://forskcodingschool.com/mentors/nikhil-mishra-backend-development-trainer-jaipur/,nikhil-mishra-backend-development-trainer-jaipur,nikhil-mishra-backend-development-trainer-jaipur-forsk-coding-school.webp,PENDING,DEMO – VERIFY BEFORE PUBLISH
FCS-M189,Swati Das,Backend & REST API Development,Backend Development Trainer,https://forskcodingschool.com/mentors/swati-das-backend-development-trainer-jaipur/,swati-das-backend-development-trainer-jaipur,swati-das-backend-development-trainer-jaipur-forsk-coding-school.webp,PENDING,DEMO – VERIFY BEFORE PUBLISH
FCS-M190,Ayaan Yadav,Backend & REST API Development,Backend Development Trainer,https://forskcodingschool.com/mentors/ayaan-yadav-backend-development-trainer-jaipur/,ayaan-yadav-backend-development-trainer-jaipur,ayaan-yadav-backend-development-trainer-jaipur-forsk-coding-school.webp,PENDING,DEMO – VERIFY BEFORE PUBLISH
FCS-M191,Charu Singhal,Core Java & Advanced Java,Java Trainer,https://forskcodingschool.com/mentors/charu-singhal-java-trainer-jaipur/,charu-singhal-java-trainer-jaipur,charu-singhal-java-trainer-jaipur-forsk-coding-school.webp,PENDING,DEMO – VERIFY BEFORE PUBLISH
FCS-M192,Tushar Joshi,Core Java & Advanced Java,Java Trainer,https://forskcodingschool.com/mentors/tushar-joshi-java-trainer-jaipur/,tushar-joshi-java-trainer-jaipur,tushar-joshi-java-trainer-jaipur-forsk-coding-school.webp,PENDING,DEMO – VERIFY BEFORE PUBLISH
FCS-M193,Aakriti Bose,Core Java & Advanced Java,Java Trainer,https://forskcodingschool.com/mentors/aakriti-bose-java-trainer-jaipur/,aakriti-bose-java-trainer-jaipur,aakriti-bose-java-trainer-jaipur-forsk-coding-school.webp,PENDING,DEMO – VERIFY BEFORE PUBLISH
FCS-M194,Mahima Thakur,Core Java & Advanced Java,Java Trainer,https://forskcodingschool.com/mentors/mahima-thakur-java-trainer-jaipur/,mahima-thakur-java-trainer-jaipur,mahima-thakur-java-trainer-jaipur-forsk-coding-school.webp,PENDING,DEMO – VERIFY BEFORE PUBLISH
FCS-M195,Tarun Mishra,Core Java & Advanced Java,Java Trainer,https://forskcodingschool.com/mentors/tarun-mishra-java-trainer-jaipur/,tarun-mishra-java-trainer-jaipur,tarun-mishra-java-trainer-jaipur-forsk-coding-school.webp,PENDING,DEMO – VERIFY BEFORE PUBLISH
FCS-M196,Pooja Bhardwaj,Core Java & Advanced Java,Java Trainer,https://forskcodingschool.com/mentors/pooja-bhardwaj-java-trainer-jaipur/,pooja-bhardwaj-java-trainer-jaipur,pooja-bhardwaj-java-trainer-jaipur-forsk-coding-school.webp,PENDING,DEMO – VERIFY BEFORE PUBLISH
FCS-M197,Urvashi Mehta,Core Java & Advanced Java,Java Trainer,https://forskcodingschool.com/mentors/urvashi-mehta-java-trainer-jaipur/,urvashi-mehta-java-trainer-jaipur,urvashi-mehta-java-trainer-jaipur-forsk-coding-school.webp,PENDING,DEMO – VERIFY BEFORE PUBLISH
FCS-M198,Neeraj Vyas,Core Java & Advanced Java,Java Trainer,https://forskcodingschool.com/mentors/neeraj-vyas-java-trainer-jaipur/,neeraj-vyas-java-trainer-jaipur,neeraj-vyas-java-trainer-jaipur-forsk-coding-school.webp,PENDING,DEMO – VERIFY BEFORE PUBLISH
FCS-M199,Ananya Kashyap,Core Java & Advanced Java,Java Trainer,https://forskcodingschool.com/mentors/ananya-kashyap-java-trainer-jaipur/,ananya-kashyap-java-trainer-jaipur,ananya-kashyap-java-trainer-jaipur-forsk-coding-school.webp,PENDING,DEMO – VERIFY BEFORE PUBLISH
FCS-M200,Pooja Goel,Core Java & Advanced Java,Java Trainer,https://forskcodingschool.com/mentors/pooja-goel-java-trainer-jaipur/,pooja-goel-java-trainer-jaipur,pooja-goel-java-trainer-jaipur-forsk-coding-school.webp,PENDING,DEMO – VERIFY BEFORE PUBLISH
FCS-M201,Rishi Singhal,Spring Boot & Microservices,Spring Boot Trainer,https://forskcodingschool.com/mentors/rishi-singhal-spring-boot-trainer-jaipur/,rishi-singhal-spring-boot-trainer-jaipur,rishi-singhal-spring-boot-trainer-jaipur-forsk-coding-school.webp,PENDING,DEMO – VERIFY BEFORE PUBLISH
FCS-M202,Khushi Maheshwari,Spring Boot & Microservices,Spring Boot Trainer,https://forskcodingschool.com/mentors/khushi-maheshwari-spring-boot-trainer-jaipur/,khushi-maheshwari-spring-boot-trainer-jaipur,khushi-maheshwari-spring-boot-trainer-jaipur-forsk-coding-school.webp,PENDING,DEMO – VERIFY BEFORE PUBLISH
FCS-M203,Rishi Dutta,Spring Boot & Microservices,Spring Boot Trainer,https://forskcodingschool.com/mentors/rishi-dutta-spring-boot-trainer-jaipur/,rishi-dutta-spring-boot-trainer-jaipur,rishi-dutta-spring-boot-trainer-jaipur-forsk-coding-school.webp,PENDING,DEMO – VERIFY BEFORE PUBLISH
FCS-M204,Meera Sethi,Spring Boot & Microservices,Spring Boot Trainer,https://forskcodingschool.com/mentors/meera-sethi-spring-boot-trainer-jaipur/,meera-sethi-spring-boot-trainer-jaipur,meera-sethi-spring-boot-trainer-jaipur-forsk-coding-school.webp,PENDING,DEMO – VERIFY BEFORE PUBLISH
FCS-M205,Charu Goyal,Spring Boot & Microservices,Spring Boot Trainer,https://forskcodingschool.com/mentors/charu-goyal-spring-boot-trainer-jaipur/,charu-goyal-spring-boot-trainer-jaipur,charu-goyal-spring-boot-trainer-jaipur-forsk-coding-school.webp,PENDING,DEMO – VERIFY BEFORE PUBLISH
FCS-M206,Aditi Roy,Spring Boot & Microservices,Spring Boot Trainer,https://forskcodingschool.com/mentors/aditi-roy-spring-boot-trainer-jaipur/,aditi-roy-spring-boot-trainer-jaipur,aditi-roy-spring-boot-trainer-jaipur-forsk-coding-school.webp,PENDING,DEMO – VERIFY BEFORE PUBLISH
FCS-M207,Ekta Kulkarni,Spring Boot & Microservices,Spring Boot Trainer,https://forskcodingschool.com/mentors/ekta-kulkarni-spring-boot-trainer-jaipur/,ekta-kulkarni-spring-boot-trainer-jaipur,ekta-kulkarni-spring-boot-trainer-jaipur-forsk-coding-school.webp,PENDING,DEMO – VERIFY BEFORE PUBLISH
FCS-M208,Aditi Pillai,Spring Boot & Microservices,Spring Boot Trainer,https://forskcodingschool.com/mentors/aditi-pillai-spring-boot-trainer-jaipur/,aditi-pillai-spring-boot-trainer-jaipur,aditi-pillai-spring-boot-trainer-jaipur-forsk-coding-school.webp,PENDING,DEMO – VERIFY BEFORE PUBLISH
FCS-M209,Rahul Pawar,Spring Boot & Microservices,Spring Boot Trainer,https://forskcodingschool.com/mentors/rahul-pawar-spring-boot-trainer-jaipur/,rahul-pawar-spring-boot-trainer-jaipur,rahul-pawar-spring-boot-trainer-jaipur-forsk-coding-school.webp,PENDING,DEMO – VERIFY BEFORE PUBLISH
FCS-M210,Gauri Iyer,Spring Boot & Microservices,Spring Boot Trainer,https://forskcodingschool.com/mentors/gauri-iyer-spring-boot-trainer-jaipur/,gauri-iyer-spring-boot-trainer-jaipur,gauri-iyer-spring-boot-trainer-jaipur-forsk-coding-school.webp,PENDING,DEMO – VERIFY BEFORE PUBLISH
FCS-M211,Aditi Choudhary,C Programming,C Programming Trainer,https://forskcodingschool.com/mentors/aditi-choudhary-c-programming-trainer-jaipur/,aditi-choudhary-c-programming-trainer-jaipur,aditi-choudhary-c-programming-trainer-jaipur-forsk-coding-school.webp,PENDING,DEMO – VERIFY BEFORE PUBLISH
FCS-M212,Garima Rajput,C Programming,C Programming Trainer,https://forskcodingschool.com/mentors/garima-rajput-c-programming-trainer-jaipur/,garima-rajput-c-programming-trainer-jaipur,garima-rajput-c-programming-trainer-jaipur-forsk-coding-school.webp,PENDING,DEMO – VERIFY BEFORE PUBLISH
FCS-M213,Yash Kashyap,C Programming,C Programming Trainer,https://forskcodingschool.com/mentors/yash-kashyap-c-programming-trainer-jaipur/,yash-kashyap-c-programming-trainer-jaipur,yash-kashyap-c-programming-trainer-jaipur-forsk-coding-school.webp,PENDING,DEMO – VERIFY BEFORE PUBLISH
FCS-M214,Akash Singh,C Programming,C Programming Trainer,https://forskcodingschool.com/mentors/akash-singh-c-programming-trainer-jaipur/,akash-singh-c-programming-trainer-jaipur,akash-singh-c-programming-trainer-jaipur-forsk-coding-school.webp,PENDING,DEMO – VERIFY BEFORE PUBLISH
FCS-M215,Radhika Agarwal,C Programming,C Programming Trainer,https://forskcodingschool.com/mentors/radhika-agarwal-c-programming-trainer-jaipur/,radhika-agarwal-c-programming-trainer-jaipur,radhika-agarwal-c-programming-trainer-jaipur-forsk-coding-school.webp,PENDING,DEMO – VERIFY BEFORE PUBLISH
FCS-M216,Bhavya Chawla,C Programming,C Programming Trainer,https://forskcodingschool.com/mentors/bhavya-chawla-c-programming-trainer-jaipur/,bhavya-chawla-c-programming-trainer-jaipur,bhavya-chawla-c-programming-trainer-jaipur-forsk-coding-school.webp,PENDING,DEMO – VERIFY BEFORE PUBLISH
FCS-M217,Bhavya Iyer,C Programming,C Programming Trainer,https://forskcodingschool.com/mentors/bhavya-iyer-c-programming-trainer-jaipur/,bhavya-iyer-c-programming-trainer-jaipur,bhavya-iyer-c-programming-trainer-jaipur-forsk-coding-school.webp,PENDING,DEMO – VERIFY BEFORE PUBLISH
FCS-M218,Vedant Agarwal,C Programming,C Programming Trainer,https://forskcodingschool.com/mentors/vedant-agarwal-c-programming-trainer-jaipur/,vedant-agarwal-c-programming-trainer-jaipur,vedant-agarwal-c-programming-trainer-jaipur-forsk-coding-school.webp,PENDING,DEMO – VERIFY BEFORE PUBLISH
FCS-M219,Arjun Patel,C Programming,C Programming Trainer,https://forskcodingschool.com/mentors/arjun-patel-c-programming-trainer-jaipur/,arjun-patel-c-programming-trainer-jaipur,arjun-patel-c-programming-trainer-jaipur-forsk-coding-school.webp,PENDING,DEMO – VERIFY BEFORE PUBLISH
FCS-M220,Tamanna Anand,C Programming,C Programming Trainer,https://forskcodingschool.com/mentors/tamanna-anand-c-programming-trainer-jaipur/,tamanna-anand-c-programming-trainer-jaipur,tamanna-anand-c-programming-trainer-jaipur-forsk-coding-school.webp,PENDING,DEMO – VERIFY BEFORE PUBLISH
FCS-M221,Pranav Mittal,C++ Programming,C++ Trainer,https://forskcodingschool.com/mentors/pranav-mittal-c-trainer-jaipur/,pranav-mittal-c-trainer-jaipur,pranav-mittal-c-trainer-jaipur-forsk-coding-school.webp,PENDING,DEMO – VERIFY BEFORE PUBLISH
FCS-M222,Drishti Goyal,C++ Programming,C++ Trainer,https://forskcodingschool.com/mentors/drishti-goyal-c-trainer-jaipur/,drishti-goyal-c-trainer-jaipur,drishti-goyal-c-trainer-jaipur-forsk-coding-school.webp,PENDING,DEMO – VERIFY BEFORE PUBLISH
FCS-M223,Gauri Bose,C++ Programming,C++ Trainer,https://forskcodingschool.com/mentors/gauri-bose-c-trainer-jaipur/,gauri-bose-c-trainer-jaipur,gauri-bose-c-trainer-jaipur-forsk-coding-school.webp,PENDING,DEMO – VERIFY BEFORE PUBLISH
FCS-M224,Ekta Agarwal,C++ Programming,C++ Trainer,https://forskcodingschool.com/mentors/ekta-agarwal-c-trainer-jaipur/,ekta-agarwal-c-trainer-jaipur,ekta-agarwal-c-trainer-jaipur-forsk-coding-school.webp,PENDING,DEMO – VERIFY BEFORE PUBLISH
FCS-M225,Mansi Patil,C++ Programming,C++ Trainer,https://forskcodingschool.com/mentors/mansi-patil-c-trainer-jaipur/,mansi-patil-c-trainer-jaipur,mansi-patil-c-trainer-jaipur-forsk-coding-school.webp,PENDING,DEMO – VERIFY BEFORE PUBLISH
FCS-M226,Varun Patel,C++ Programming,C++ Trainer,https://forskcodingschool.com/mentors/varun-patel-c-trainer-jaipur/,varun-patel-c-trainer-jaipur,varun-patel-c-trainer-jaipur-forsk-coding-school.webp,PENDING,DEMO – VERIFY BEFORE PUBLISH
FCS-M227,Sonali Joshi,C++ Programming,C++ Trainer,https://forskcodingschool.com/mentors/sonali-joshi-c-trainer-jaipur/,sonali-joshi-c-trainer-jaipur,sonali-joshi-c-trainer-jaipur-forsk-coding-school.webp,PENDING,DEMO – VERIFY BEFORE PUBLISH
FCS-M228,Rohan Bajaj,C++ Programming,C++ Trainer,https://forskcodingschool.com/mentors/rohan-bajaj-c-trainer-jaipur/,rohan-bajaj-c-trainer-jaipur,rohan-bajaj-c-trainer-jaipur-forsk-coding-school.webp,PENDING,DEMO – VERIFY BEFORE PUBLISH
FCS-M229,Harsh Chauhan,C++ Programming,C++ Trainer,https://forskcodingschool.com/mentors/harsh-chauhan-c-trainer-jaipur/,harsh-chauhan-c-trainer-jaipur,harsh-chauhan-c-trainer-jaipur-forsk-coding-school.webp,PENDING,DEMO – VERIFY BEFORE PUBLISH
FCS-M230,Kabir Roy,C++ Programming,C++ Trainer,https://forskcodingschool.com/mentors/kabir-roy-c-trainer-jaipur/,kabir-roy-c-trainer-jaipur,kabir-roy-c-trainer-jaipur-forsk-coding-school.webp,PENDING,DEMO – VERIFY BEFORE PUBLISH
FCS-M231,Ritika Goyal,Data Structures & Algorithms,DSA Trainer,https://forskcodingschool.com/mentors/ritika-goyal-dsa-trainer-jaipur/,ritika-goyal-dsa-trainer-jaipur,ritika-goyal-dsa-trainer-jaipur-forsk-coding-school.webp,PENDING,DEMO – VERIFY BEFORE PUBLISH
FCS-M232,Avni Narula,Data Structures & Algorithms,DSA Trainer,https://forskcodingschool.com/mentors/avni-narula-dsa-trainer-jaipur/,avni-narula-dsa-trainer-jaipur,avni-narula-dsa-trainer-jaipur-forsk-coding-school.webp,PENDING,DEMO – VERIFY BEFORE PUBLISH
FCS-M233,Shruti Thakur,Data Structures & Algorithms,DSA Trainer,https://forskcodingschool.com/mentors/shruti-thakur-dsa-trainer-jaipur/,shruti-thakur-dsa-trainer-jaipur,shruti-thakur-dsa-trainer-jaipur-forsk-coding-school.webp,PENDING,DEMO – VERIFY BEFORE PUBLISH
FCS-M234,Ojasvi Singh,Data Structures & Algorithms,DSA Trainer,https://forskcodingschool.com/mentors/ojasvi-singh-dsa-trainer-jaipur/,ojasvi-singh-dsa-trainer-jaipur,ojasvi-singh-dsa-trainer-jaipur-forsk-coding-school.webp,PENDING,DEMO – VERIFY BEFORE PUBLISH
FCS-M235,Trisha Pillai,Data Structures & Algorithms,DSA Trainer,https://forskcodingschool.com/mentors/trisha-pillai-dsa-trainer-jaipur/,trisha-pillai-dsa-trainer-jaipur,trisha-pillai-dsa-trainer-jaipur-forsk-coding-school.webp,PENDING,DEMO – VERIFY BEFORE PUBLISH
FCS-M236,Laksh Bhardwaj,Data Structures & Algorithms,DSA Trainer,https://forskcodingschool.com/mentors/laksh-bhardwaj-dsa-trainer-jaipur/,laksh-bhardwaj-dsa-trainer-jaipur,laksh-bhardwaj-dsa-trainer-jaipur-forsk-coding-school.webp,PENDING,DEMO – VERIFY BEFORE PUBLISH
FCS-M237,Muskan Rao,Data Structures & Algorithms,DSA Trainer,https://forskcodingschool.com/mentors/muskan-rao-dsa-trainer-jaipur/,muskan-rao-dsa-trainer-jaipur,muskan-rao-dsa-trainer-jaipur-forsk-coding-school.webp,PENDING,DEMO – VERIFY BEFORE PUBLISH
FCS-M238,Dhruv Rathore,Data Structures & Algorithms,DSA Trainer,https://forskcodingschool.com/mentors/dhruv-rathore-dsa-trainer-jaipur/,dhruv-rathore-dsa-trainer-jaipur,dhruv-rathore-dsa-trainer-jaipur-forsk-coding-school.webp,PENDING,DEMO – VERIFY BEFORE PUBLISH
FCS-M239,Zoya Bose,Data Structures & Algorithms,DSA Trainer,https://forskcodingschool.com/mentors/zoya-bose-dsa-trainer-jaipur/,zoya-bose-dsa-trainer-jaipur,zoya-bose-dsa-trainer-jaipur-forsk-coding-school.webp,PENDING,DEMO – VERIFY BEFORE PUBLISH
FCS-M240,Kritika Kohli,Data Structures & Algorithms,DSA Trainer,https://forskcodingschool.com/mentors/kritika-kohli-dsa-trainer-jaipur/,kritika-kohli-dsa-trainer-jaipur,kritika-kohli-dsa-trainer-jaipur-forsk-coding-school.webp,PENDING,DEMO – VERIFY BEFORE PUBLISH
FCS-M241,Swati Kohli,Competitive Programming,Competitive Programming Mentor,https://forskcodingschool.com/mentors/swati-kohli-competitive-programming-mentor-jaipur/,swati-kohli-competitive-programming-mentor-jaipur,swati-kohli-competitive-programming-mentor-jaipur-forsk-coding-school.webp,PENDING,DEMO – VERIFY BEFORE PUBLISH
FCS-M242,Tushar Patel,Competitive Programming,Competitive Programming Mentor,https://forskcodingschool.com/mentors/tushar-patel-competitive-programming-mentor-jaipur/,tushar-patel-competitive-programming-mentor-jaipur,tushar-patel-competitive-programming-mentor-jaipur-forsk-coding-school.webp,PENDING,DEMO – VERIFY BEFORE PUBLISH
FCS-M243,Sonali Singhal,Competitive Programming,Competitive Programming Mentor,https://forskcodingschool.com/mentors/sonali-singhal-competitive-programming-mentor-jaipur/,sonali-singhal-competitive-programming-mentor-jaipur,sonali-singhal-competitive-programming-mentor-jaipur-forsk-coding-school.webp,PENDING,DEMO – VERIFY BEFORE PUBLISH
FCS-M244,Nandini Das,Competitive Programming,Competitive Programming Mentor,https://forskcodingschool.com/mentors/nandini-das-competitive-programming-mentor-jaipur/,nandini-das-competitive-programming-mentor-jaipur,nandini-das-competitive-programming-mentor-jaipur-forsk-coding-school.webp,PENDING,DEMO – VERIFY BEFORE PUBLISH
FCS-M245,Vaishnavi Goyal,Competitive Programming,Competitive Programming Mentor,https://forskcodingschool.com/mentors/vaishnavi-goyal-competitive-programming-mentor-jaipur/,vaishnavi-goyal-competitive-programming-mentor-jaipur,vaishnavi-goyal-competitive-programming-mentor-jaipur-forsk-coding-school.webp,PENDING,DEMO – VERIFY BEFORE PUBLISH
FCS-M246,Siya Singh,Competitive Programming,Competitive Programming Mentor,https://forskcodingschool.com/mentors/siya-singh-competitive-programming-mentor-jaipur/,siya-singh-competitive-programming-mentor-jaipur,siya-singh-competitive-programming-mentor-jaipur-forsk-coding-school.webp,PENDING,DEMO – VERIFY BEFORE PUBLISH
FCS-M247,Sameer Kashyap,Competitive Programming,Competitive Programming Mentor,https://forskcodingschool.com/mentors/sameer-kashyap-competitive-programming-mentor-jaipur/,sameer-kashyap-competitive-programming-mentor-jaipur,sameer-kashyap-competitive-programming-mentor-jaipur-forsk-coding-school.webp,PENDING,DEMO – VERIFY BEFORE PUBLISH
FCS-M248,Garima Patil,Competitive Programming,Competitive Programming Mentor,https://forskcodingschool.com/mentors/garima-patil-competitive-programming-mentor-jaipur/,garima-patil-competitive-programming-mentor-jaipur,garima-patil-competitive-programming-mentor-jaipur-forsk-coding-school.webp,PENDING,DEMO – VERIFY BEFORE PUBLISH
FCS-M249,Trisha Sharma,Competitive Programming,Competitive Programming Mentor,https://forskcodingschool.com/mentors/trisha-sharma-competitive-programming-mentor-jaipur/,trisha-sharma-competitive-programming-mentor-jaipur,trisha-sharma-competitive-programming-mentor-jaipur-forsk-coding-school.webp,PENDING,DEMO – VERIFY BEFORE PUBLISH
FCS-M250,Muskan Srivastava,Competitive Programming,Competitive Programming Mentor,https://forskcodingschool.com/mentors/muskan-srivastava-competitive-programming-mentor-jaipur/,muskan-srivastava-competitive-programming-mentor-jaipur,muskan-srivastava-competitive-programming-mentor-jaipur-forsk-coding-school.webp,PENDING,DEMO – VERIFY BEFORE PUBLISH
FCS-M251,Hina Ghosh,PHP & Laravel,PHP Laravel Trainer,https://forskcodingschool.com/mentors/hina-ghosh-php-laravel-trainer-jaipur/,hina-ghosh-php-laravel-trainer-jaipur,hina-ghosh-php-laravel-trainer-jaipur-forsk-coding-school.webp,PENDING,DEMO – VERIFY BEFORE PUBLISH
FCS-M252,Uday Juneja,PHP & Laravel,PHP Laravel Trainer,https://forskcodingschool.com/mentors/uday-juneja-php-laravel-trainer-jaipur/,uday-juneja-php-laravel-trainer-jaipur,uday-juneja-php-laravel-trainer-jaipur-forsk-coding-school.webp,PENDING,DEMO – VERIFY BEFORE PUBLISH
FCS-M253,Upasana Khanna,PHP & Laravel,PHP Laravel Trainer,https://forskcodingschool.com/mentors/upasana-khanna-php-laravel-trainer-jaipur/,upasana-khanna-php-laravel-trainer-jaipur,upasana-khanna-php-laravel-trainer-jaipur-forsk-coding-school.webp,PENDING,DEMO – VERIFY BEFORE PUBLISH
FCS-M254,Esha Roy,PHP & Laravel,PHP Laravel Trainer,https://forskcodingschool.com/mentors/esha-roy-php-laravel-trainer-jaipur/,esha-roy-php-laravel-trainer-jaipur,esha-roy-php-laravel-trainer-jaipur-forsk-coding-school.webp,PENDING,DEMO – VERIFY BEFORE PUBLISH
FCS-M255,Trisha Chawla,PHP & Laravel,PHP Laravel Trainer,https://forskcodingschool.com/mentors/trisha-chawla-php-laravel-trainer-jaipur/,trisha-chawla-php-laravel-trainer-jaipur,trisha-chawla-php-laravel-trainer-jaipur-forsk-coding-school.webp,PENDING,DEMO – VERIFY BEFORE PUBLISH
FCS-M256,Piyush Mathur,PHP & Laravel,PHP Laravel Trainer,https://forskcodingschool.com/mentors/piyush-mathur-php-laravel-trainer-jaipur/,piyush-mathur-php-laravel-trainer-jaipur,piyush-mathur-php-laravel-trainer-jaipur-forsk-coding-school.webp,PENDING,DEMO – VERIFY BEFORE PUBLISH
FCS-M257,Yashika Singh,PHP & Laravel,PHP Laravel Trainer,https://forskcodingschool.com/mentors/yashika-singh-php-laravel-trainer-jaipur/,yashika-singh-php-laravel-trainer-jaipur,yashika-singh-php-laravel-trainer-jaipur-forsk-coding-school.webp,PENDING,DEMO – VERIFY BEFORE PUBLISH
FCS-M258,Manish Goyal,PHP & Laravel,PHP Laravel Trainer,https://forskcodingschool.com/mentors/manish-goyal-php-laravel-trainer-jaipur/,manish-goyal-php-laravel-trainer-jaipur,manish-goyal-php-laravel-trainer-jaipur-forsk-coding-school.webp,PENDING,DEMO – VERIFY BEFORE PUBLISH
FCS-M259,Meera Malhotra,PHP & Laravel,PHP Laravel Trainer,https://forskcodingschool.com/mentors/meera-malhotra-php-laravel-trainer-jaipur/,meera-malhotra-php-laravel-trainer-jaipur,meera-malhotra-php-laravel-trainer-jaipur-forsk-coding-school.webp,PENDING,DEMO – VERIFY BEFORE PUBLISH
FCS-M260,Manish Chauhan,PHP & Laravel,PHP Laravel Trainer,https://forskcodingschool.com/mentors/manish-chauhan-php-laravel-trainer-jaipur/,manish-chauhan-php-laravel-trainer-jaipur,manish-chauhan-php-laravel-trainer-jaipur-forsk-coding-school.webp,PENDING,DEMO – VERIFY BEFORE PUBLISH
FCS-M261,Aarav Khandelwal,WordPress Development,WordPress Trainer,https://forskcodingschool.com/mentors/aarav-khandelwal-wordpress-trainer-jaipur/,aarav-khandelwal-wordpress-trainer-jaipur,aarav-khandelwal-wordpress-trainer-jaipur-forsk-coding-school.webp,PENDING,DEMO – VERIFY BEFORE PUBLISH
FCS-M262,Parul Gupta,WordPress Development,WordPress Trainer,https://forskcodingschool.com/mentors/parul-gupta-wordpress-trainer-jaipur/,parul-gupta-wordpress-trainer-jaipur,parul-gupta-wordpress-trainer-jaipur-forsk-coding-school.webp,PENDING,DEMO – VERIFY BEFORE PUBLISH
FCS-M263,Manish Mehta,WordPress Development,WordPress Trainer,https://forskcodingschool.com/mentors/manish-mehta-wordpress-trainer-jaipur/,manish-mehta-wordpress-trainer-jaipur,manish-mehta-wordpress-trainer-jaipur-forsk-coding-school.webp,PENDING,DEMO – VERIFY BEFORE PUBLISH
FCS-M264,Ekta Menon,WordPress Development,WordPress Trainer,https://forskcodingschool.com/mentors/ekta-menon-wordpress-trainer-jaipur/,ekta-menon-wordpress-trainer-jaipur,ekta-menon-wordpress-trainer-jaipur-forsk-coding-school.webp,PENDING,DEMO – VERIFY BEFORE PUBLISH
FCS-M265,Kanika Maheshwari,WordPress Development,WordPress Trainer,https://forskcodingschool.com/mentors/kanika-maheshwari-wordpress-trainer-jaipur/,kanika-maheshwari-wordpress-trainer-jaipur,kanika-maheshwari-wordpress-trainer-jaipur-forsk-coding-school.webp,PENDING,DEMO – VERIFY BEFORE PUBLISH
FCS-M266,Tarun Goel,WordPress Development,WordPress Trainer,https://forskcodingschool.com/mentors/tarun-goel-wordpress-trainer-jaipur/,tarun-goel-wordpress-trainer-jaipur,tarun-goel-wordpress-trainer-jaipur-forsk-coding-school.webp,PENDING,DEMO – VERIFY BEFORE PUBLISH
FCS-M267,Radhika Chauhan,WordPress Development,WordPress Trainer,https://forskcodingschool.com/mentors/radhika-chauhan-wordpress-trainer-jaipur/,radhika-chauhan-wordpress-trainer-jaipur,radhika-chauhan-wordpress-trainer-jaipur-forsk-coding-school.webp,PENDING,DEMO – VERIFY BEFORE PUBLISH
FCS-M268,Kartik Singh,WordPress Development,WordPress Trainer,https://forskcodingschool.com/mentors/kartik-singh-wordpress-trainer-jaipur/,kartik-singh-wordpress-trainer-jaipur,kartik-singh-wordpress-trainer-jaipur-forsk-coding-school.webp,PENDING,DEMO – VERIFY BEFORE PUBLISH
FCS-M269,Rajat Mittal,WordPress Development,WordPress Trainer,https://forskcodingschool.com/mentors/rajat-mittal-wordpress-trainer-jaipur/,rajat-mittal-wordpress-trainer-jaipur,rajat-mittal-wordpress-trainer-jaipur-forsk-coding-school.webp,PENDING,DEMO – VERIFY BEFORE PUBLISH
FCS-M270,Vedant Joshi,WordPress Development,WordPress Trainer,https://forskcodingschool.com/mentors/vedant-joshi-wordpress-trainer-jaipur/,vedant-joshi-wordpress-trainer-jaipur,vedant-joshi-wordpress-trainer-jaipur-forsk-coding-school.webp,PENDING,DEMO – VERIFY BEFORE PUBLISH
FCS-M271,Parul Rao,React & Next.js,React Next.js Trainer,https://forskcodingschool.com/mentors/parul-rao-react-next-js-trainer-jaipur/,parul-rao-react-next-js-trainer-jaipur,parul-rao-react-next-js-trainer-jaipur-forsk-coding-school.webp,PENDING,DEMO – VERIFY BEFORE PUBLISH
FCS-M272,Rashmi Prasad,React & Next.js,React Next.js Trainer,https://forskcodingschool.com/mentors/rashmi-prasad-react-next-js-trainer-jaipur/,rashmi-prasad-react-next-js-trainer-jaipur,rashmi-prasad-react-next-js-trainer-jaipur-forsk-coding-school.webp,PENDING,DEMO – VERIFY BEFORE PUBLISH
FCS-M273,Radhika Kashyap,React & Next.js,React Next.js Trainer,https://forskcodingschool.com/mentors/radhika-kashyap-react-next-js-trainer-jaipur/,radhika-kashyap-react-next-js-trainer-jaipur,radhika-kashyap-react-next-js-trainer-jaipur-forsk-coding-school.webp,PENDING,DEMO – VERIFY BEFORE PUBLISH
FCS-M274,Krishna Verma,React & Next.js,React Next.js Trainer,https://forskcodingschool.com/mentors/krishna-verma-react-next-js-trainer-jaipur/,krishna-verma-react-next-js-trainer-jaipur,krishna-verma-react-next-js-trainer-jaipur-forsk-coding-school.webp,PENDING,DEMO – VERIFY BEFORE PUBLISH
FCS-M275,Arjun Kapoor,React & Next.js,React Next.js Trainer,https://forskcodingschool.com/mentors/arjun-kapoor-react-next-js-trainer-jaipur/,arjun-kapoor-react-next-js-trainer-jaipur,arjun-kapoor-react-next-js-trainer-jaipur-forsk-coding-school.webp,PENDING,DEMO – VERIFY BEFORE PUBLISH
FCS-M276,Varun Mehta,React & Next.js,React Next.js Trainer,https://forskcodingschool.com/mentors/varun-mehta-react-next-js-trainer-jaipur/,varun-mehta-react-next-js-trainer-jaipur,varun-mehta-react-next-js-trainer-jaipur-forsk-coding-school.webp,PENDING,DEMO – VERIFY BEFORE PUBLISH
FCS-M277,Sneha Ahuja,React & Next.js,React Next.js Trainer,https://forskcodingschool.com/mentors/sneha-ahuja-react-next-js-trainer-jaipur/,sneha-ahuja-react-next-js-trainer-jaipur,sneha-ahuja-react-next-js-trainer-jaipur-forsk-coding-school.webp,PENDING,DEMO – VERIFY BEFORE PUBLISH
FCS-M278,Neha Dubey,React & Next.js,React Next.js Trainer,https://forskcodingschool.com/mentors/neha-dubey-react-next-js-trainer-jaipur/,neha-dubey-react-next-js-trainer-jaipur,neha-dubey-react-next-js-trainer-jaipur-forsk-coding-school.webp,PENDING,DEMO – VERIFY BEFORE PUBLISH
FCS-M279,Mansi Srivastava,React & Next.js,React Next.js Trainer,https://forskcodingschool.com/mentors/mansi-srivastava-react-next-js-trainer-jaipur/,mansi-srivastava-react-next-js-trainer-jaipur,mansi-srivastava-react-next-js-trainer-jaipur-forsk-coding-school.webp,PENDING,DEMO – VERIFY BEFORE PUBLISH
FCS-M280,Muskan Roy,React & Next.js,React Next.js Trainer,https://forskcodingschool.com/mentors/muskan-roy-react-next-js-trainer-jaipur/,muskan-roy-react-next-js-trainer-jaipur,muskan-roy-react-next-js-trainer-jaipur-forsk-coding-school.webp,PENDING,DEMO – VERIFY BEFORE PUBLISH
FCS-M281,Priya Sethi,Node.js & Express.js,Node.js Trainer,https://forskcodingschool.com/mentors/priya-sethi-node-js-trainer-jaipur/,priya-sethi-node-js-trainer-jaipur,priya-sethi-node-js-trainer-jaipur-forsk-coding-school.webp,PENDING,DEMO – VERIFY BEFORE PUBLISH
FCS-M282,Lavanya Patil,Node.js & Express.js,Node.js Trainer,https://forskcodingschool.com/mentors/lavanya-patil-node-js-trainer-jaipur/,lavanya-patil-node-js-trainer-jaipur,lavanya-patil-node-js-trainer-jaipur-forsk-coding-school.webp,PENDING,DEMO – VERIFY BEFORE PUBLISH
FCS-M283,Aman Iyer,Node.js & Express.js,Node.js Trainer,https://forskcodingschool.com/mentors/aman-iyer-node-js-trainer-jaipur/,aman-iyer-node-js-trainer-jaipur,aman-iyer-node-js-trainer-jaipur-forsk-coding-school.webp,PENDING,DEMO – VERIFY BEFORE PUBLISH
FCS-M284,Varun Purohit,Node.js & Express.js,Node.js Trainer,https://forskcodingschool.com/mentors/varun-purohit-node-js-trainer-jaipur/,varun-purohit-node-js-trainer-jaipur,varun-purohit-node-js-trainer-jaipur-forsk-coding-school.webp,PENDING,DEMO – VERIFY BEFORE PUBLISH
FCS-M285,Aman Sodhi,Node.js & Express.js,Node.js Trainer,https://forskcodingschool.com/mentors/aman-sodhi-node-js-trainer-jaipur/,aman-sodhi-node-js-trainer-jaipur,aman-sodhi-node-js-trainer-jaipur-forsk-coding-school.webp,PENDING,DEMO – VERIFY BEFORE PUBLISH
FCS-M286,Riya Purohit,Node.js & Express.js,Node.js Trainer,https://forskcodingschool.com/mentors/riya-purohit-node-js-trainer-jaipur/,riya-purohit-node-js-trainer-jaipur,riya-purohit-node-js-trainer-jaipur-forsk-coding-school.webp,PENDING,DEMO – VERIFY BEFORE PUBLISH
FCS-M287,Ayaan Mishra,Node.js & Express.js,Node.js Trainer,https://forskcodingschool.com/mentors/ayaan-mishra-node-js-trainer-jaipur/,ayaan-mishra-node-js-trainer-jaipur,ayaan-mishra-node-js-trainer-jaipur-forsk-coding-school.webp,PENDING,DEMO – VERIFY BEFORE PUBLISH
FCS-M288,Neeraj Singhal,Node.js & Express.js,Node.js Trainer,https://forskcodingschool.com/mentors/neeraj-singhal-node-js-trainer-jaipur/,neeraj-singhal-node-js-trainer-jaipur,neeraj-singhal-node-js-trainer-jaipur-forsk-coding-school.webp,PENDING,DEMO – VERIFY BEFORE PUBLISH
FCS-M289,Vani Menon,Node.js & Express.js,Node.js Trainer,https://forskcodingschool.com/mentors/vani-menon-node-js-trainer-jaipur/,vani-menon-node-js-trainer-jaipur,vani-menon-node-js-trainer-jaipur-forsk-coding-school.webp,PENDING,DEMO – VERIFY BEFORE PUBLISH
FCS-M290,Saurabh Prasad,Node.js & Express.js,Node.js Trainer,https://forskcodingschool.com/mentors/saurabh-prasad-node-js-trainer-jaipur/,saurabh-prasad-node-js-trainer-jaipur,saurabh-prasad-node-js-trainer-jaipur-forsk-coding-school.webp,PENDING,DEMO – VERIFY BEFORE PUBLISH
FCS-M291,Kartik Singhal,Android & Flutter Development,Flutter Trainer,https://forskcodingschool.com/mentors/kartik-singhal-flutter-trainer-jaipur/,kartik-singhal-flutter-trainer-jaipur,kartik-singhal-flutter-trainer-jaipur-forsk-coding-school.webp,PENDING,DEMO – VERIFY BEFORE PUBLISH
FCS-M292,Vani Purohit,Android & Flutter Development,Flutter Trainer,https://forskcodingschool.com/mentors/vani-purohit-flutter-trainer-jaipur/,vani-purohit-flutter-trainer-jaipur,vani-purohit-flutter-trainer-jaipur-forsk-coding-school.webp,PENDING,DEMO – VERIFY BEFORE PUBLISH
FCS-M293,Pranav Pandey,Android & Flutter Development,Flutter Trainer,https://forskcodingschool.com/mentors/pranav-pandey-flutter-trainer-jaipur/,pranav-pandey-flutter-trainer-jaipur,pranav-pandey-flutter-trainer-jaipur-forsk-coding-school.webp,PENDING,DEMO – VERIFY BEFORE PUBLISH
FCS-M294,Aakriti Dutta,Android & Flutter Development,Flutter Trainer,https://forskcodingschool.com/mentors/aakriti-dutta-flutter-trainer-jaipur/,aakriti-dutta-flutter-trainer-jaipur,aakriti-dutta-flutter-trainer-jaipur-forsk-coding-school.webp,PENDING,DEMO – VERIFY BEFORE PUBLISH
FCS-M295,Yashika Malhotra,Android & Flutter Development,Flutter Trainer,https://forskcodingschool.com/mentors/yashika-malhotra-flutter-trainer-jaipur/,yashika-malhotra-flutter-trainer-jaipur,yashika-malhotra-flutter-trainer-jaipur-forsk-coding-school.webp,PENDING,DEMO – VERIFY BEFORE PUBLISH
FCS-M296,Vani Wadhwa,Android & Flutter Development,Flutter Trainer,https://forskcodingschool.com/mentors/vani-wadhwa-flutter-trainer-jaipur/,vani-wadhwa-flutter-trainer-jaipur,vani-wadhwa-flutter-trainer-jaipur-forsk-coding-school.webp,PENDING,DEMO – VERIFY BEFORE PUBLISH
FCS-M297,Sakshi Mehta,Android & Flutter Development,Flutter Trainer,https://forskcodingschool.com/mentors/sakshi-mehta-flutter-trainer-jaipur/,sakshi-mehta-flutter-trainer-jaipur,sakshi-mehta-flutter-trainer-jaipur-forsk-coding-school.webp,PENDING,DEMO – VERIFY BEFORE PUBLISH
FCS-M298,Siddharth Mishra,Android & Flutter Development,Flutter Trainer,https://forskcodingschool.com/mentors/siddharth-mishra-flutter-trainer-jaipur/,siddharth-mishra-flutter-trainer-jaipur,siddharth-mishra-flutter-trainer-jaipur-forsk-coding-school.webp,PENDING,DEMO – VERIFY BEFORE PUBLISH
FCS-M299,Rashmi Jadhav,Android & Flutter Development,Flutter Trainer,https://forskcodingschool.com/mentors/rashmi-jadhav-flutter-trainer-jaipur/,rashmi-jadhav-flutter-trainer-jaipur,rashmi-jadhav-flutter-trainer-jaipur-forsk-coding-school.webp,PENDING,DEMO – VERIFY BEFORE PUBLISH
FCS-M300,Radhika Ahuja,Android & Flutter Development,Flutter Trainer,https://forskcodingschool.com/mentors/radhika-ahuja-flutter-trainer-jaipur/,radhika-ahuja-flutter-trainer-jaipur,radhika-ahuja-flutter-trainer-jaipur-forsk-coding-school.webp,PENDING,DEMO – VERIFY BEFORE PUBLISH
FCS-M301,Isha Mehta,Cyber Security & Ethical Hacking,Cyber Security Trainer,https://forskcodingschool.com/mentors/isha-mehta-cyber-security-trainer-jaipur/,isha-mehta-cyber-security-trainer-jaipur,isha-mehta-cyber-security-trainer-jaipur-forsk-coding-school.webp,PENDING,DEMO – VERIFY BEFORE PUBLISH
FCS-M302,Vani Saxena,Cyber Security & Ethical Hacking,Cyber Security Trainer,https://forskcodingschool.com/mentors/vani-saxena-cyber-security-trainer-jaipur/,vani-saxena-cyber-security-trainer-jaipur,vani-saxena-cyber-security-trainer-jaipur-forsk-coding-school.webp,PENDING,DEMO – VERIFY BEFORE PUBLISH
FCS-M303,Vedant Khandelwal,Cyber Security & Ethical Hacking,Cyber Security Trainer,https://forskcodingschool.com/mentors/vedant-khandelwal-cyber-security-trainer-jaipur/,vedant-khandelwal-cyber-security-trainer-jaipur,vedant-khandelwal-cyber-security-trainer-jaipur-forsk-coding-school.webp,PENDING,DEMO – VERIFY BEFORE PUBLISH
FCS-M304,Esha Menon,Cyber Security & Ethical Hacking,Cyber Security Trainer,https://forskcodingschool.com/mentors/esha-menon-cyber-security-trainer-jaipur/,esha-menon-cyber-security-trainer-jaipur,esha-menon-cyber-security-trainer-jaipur-forsk-coding-school.webp,PENDING,DEMO – VERIFY BEFORE PUBLISH
FCS-M305,Aarohi Patel,Cyber Security & Ethical Hacking,Cyber Security Trainer,https://forskcodingschool.com/mentors/aarohi-patel-cyber-security-trainer-jaipur/,aarohi-patel-cyber-security-trainer-jaipur,aarohi-patel-cyber-security-trainer-jaipur-forsk-coding-school.webp,PENDING,DEMO – VERIFY BEFORE PUBLISH
FCS-M306,Harsh Rathore,Cyber Security & Ethical Hacking,Cyber Security Trainer,https://forskcodingschool.com/mentors/harsh-rathore-cyber-security-trainer-jaipur/,harsh-rathore-cyber-security-trainer-jaipur,harsh-rathore-cyber-security-trainer-jaipur-forsk-coding-school.webp,PENDING,DEMO – VERIFY BEFORE PUBLISH
FCS-M307,Nikita Kulkarni,Cyber Security & Ethical Hacking,Cyber Security Trainer,https://forskcodingschool.com/mentors/nikita-kulkarni-cyber-security-trainer-jaipur/,nikita-kulkarni-cyber-security-trainer-jaipur,nikita-kulkarni-cyber-security-trainer-jaipur-forsk-coding-school.webp,PENDING,DEMO – VERIFY BEFORE PUBLISH
FCS-M308,Aman Chawla,Cyber Security & Ethical Hacking,Cyber Security Trainer,https://forskcodingschool.com/mentors/aman-chawla-cyber-security-trainer-jaipur/,aman-chawla-cyber-security-trainer-jaipur,aman-chawla-cyber-security-trainer-jaipur-forsk-coding-school.webp,PENDING,DEMO – VERIFY BEFORE PUBLISH
FCS-M309,Akash Roy,Cyber Security & Ethical Hacking,Cyber Security Trainer,https://forskcodingschool.com/mentors/akash-roy-cyber-security-trainer-jaipur/,akash-roy-cyber-security-trainer-jaipur,akash-roy-cyber-security-trainer-jaipur-forsk-coding-school.webp,PENDING,DEMO – VERIFY BEFORE PUBLISH
FCS-M310,Akash Singhal,Cyber Security & Ethical Hacking,Cyber Security Trainer,https://forskcodingschool.com/mentors/akash-singhal-cyber-security-trainer-jaipur/,akash-singhal-cyber-security-trainer-jaipur,akash-singhal-cyber-security-trainer-jaipur-forsk-coding-school.webp,PENDING,DEMO – VERIFY BEFORE PUBLISH
FCS-M311,Pranav Bose,Networking & Linux Administration,Linux Networking Trainer,https://forskcodingschool.com/mentors/pranav-bose-linux-networking-trainer-jaipur/,pranav-bose-linux-networking-trainer-jaipur,pranav-bose-linux-networking-trainer-jaipur-forsk-coding-school.webp,PENDING,DEMO – VERIFY BEFORE PUBLISH
FCS-M312,Navya Desai,Networking & Linux Administration,Linux Networking Trainer,https://forskcodingschool.com/mentors/navya-desai-linux-networking-trainer-jaipur/,navya-desai-linux-networking-trainer-jaipur,navya-desai-linux-networking-trainer-jaipur-forsk-coding-school.webp,PENDING,DEMO – VERIFY BEFORE PUBLISH
FCS-M313,Palak Narula,Networking & Linux Administration,Linux Networking Trainer,https://forskcodingschool.com/mentors/palak-narula-linux-networking-trainer-jaipur/,palak-narula-linux-networking-trainer-jaipur,palak-narula-linux-networking-trainer-jaipur-forsk-coding-school.webp,PENDING,DEMO – VERIFY BEFORE PUBLISH
FCS-M314,Shruti Mishra,Networking & Linux Administration,Linux Networking Trainer,https://forskcodingschool.com/mentors/shruti-mishra-linux-networking-trainer-jaipur/,shruti-mishra-linux-networking-trainer-jaipur,shruti-mishra-linux-networking-trainer-jaipur-forsk-coding-school.webp,PENDING,DEMO – VERIFY BEFORE PUBLISH
FCS-M315,Pooja Ghosh,Networking & Linux Administration,Linux Networking Trainer,https://forskcodingschool.com/mentors/pooja-ghosh-linux-networking-trainer-jaipur/,pooja-ghosh-linux-networking-trainer-jaipur,pooja-ghosh-linux-networking-trainer-jaipur-forsk-coding-school.webp,PENDING,DEMO – VERIFY BEFORE PUBLISH
FCS-M316,Akash Sethi,Networking & Linux Administration,Linux Networking Trainer,https://forskcodingschool.com/mentors/akash-sethi-linux-networking-trainer-jaipur/,akash-sethi-linux-networking-trainer-jaipur,akash-sethi-linux-networking-trainer-jaipur-forsk-coding-school.webp,PENDING,DEMO – VERIFY BEFORE PUBLISH
FCS-M317,Riya Ghosh,Networking & Linux Administration,Linux Networking Trainer,https://forskcodingschool.com/mentors/riya-ghosh-linux-networking-trainer-jaipur/,riya-ghosh-linux-networking-trainer-jaipur,riya-ghosh-linux-networking-trainer-jaipur-forsk-coding-school.webp,PENDING,DEMO – VERIFY BEFORE PUBLISH
FCS-M318,Hina Patil,Networking & Linux Administration,Linux Networking Trainer,https://forskcodingschool.com/mentors/hina-patil-linux-networking-trainer-jaipur/,hina-patil-linux-networking-trainer-jaipur,hina-patil-linux-networking-trainer-jaipur-forsk-coding-school.webp,PENDING,DEMO – VERIFY BEFORE PUBLISH
FCS-M319,Urvashi Srivastava,Networking & Linux Administration,Linux Networking Trainer,https://forskcodingschool.com/mentors/urvashi-srivastava-linux-networking-trainer-jaipur/,urvashi-srivastava-linux-networking-trainer-jaipur,urvashi-srivastava-linux-networking-trainer-jaipur-forsk-coding-school.webp,PENDING,DEMO – VERIFY BEFORE PUBLISH
FCS-M320,Neeraj Joshi,Networking & Linux Administration,Linux Networking Trainer,https://forskcodingschool.com/mentors/neeraj-joshi-linux-networking-trainer-jaipur/,neeraj-joshi-linux-networking-trainer-jaipur,neeraj-joshi-linux-networking-trainer-jaipur-forsk-coding-school.webp,PENDING,DEMO – VERIFY BEFORE PUBLISH
FCS-M321,Shreya Kashyap,AWS Cloud Computing,AWS Trainer,https://forskcodingschool.com/mentors/shreya-kashyap-aws-trainer-jaipur/,shreya-kashyap-aws-trainer-jaipur,shreya-kashyap-aws-trainer-jaipur-forsk-coding-school.webp,PENDING,DEMO – VERIFY BEFORE PUBLISH
FCS-M322,Aditya Bajaj,AWS Cloud Computing,AWS Trainer,https://forskcodingschool.com/mentors/aditya-bajaj-aws-trainer-jaipur/,aditya-bajaj-aws-trainer-jaipur,aditya-bajaj-aws-trainer-jaipur-forsk-coding-school.webp,PENDING,DEMO – VERIFY BEFORE PUBLISH
FCS-M323,Palak Bajaj,AWS Cloud Computing,AWS Trainer,https://forskcodingschool.com/mentors/palak-bajaj-aws-trainer-jaipur/,palak-bajaj-aws-trainer-jaipur,palak-bajaj-aws-trainer-jaipur-forsk-coding-school.webp,PENDING,DEMO – VERIFY BEFORE PUBLISH
FCS-M324,Charu Rajput,AWS Cloud Computing,AWS Trainer,https://forskcodingschool.com/mentors/charu-rajput-aws-trainer-jaipur/,charu-rajput-aws-trainer-jaipur,charu-rajput-aws-trainer-jaipur-forsk-coding-school.webp,PENDING,DEMO – VERIFY BEFORE PUBLISH
FCS-M325,Nikhil Goel,AWS Cloud Computing,AWS Trainer,https://forskcodingschool.com/mentors/nikhil-goel-aws-trainer-jaipur/,nikhil-goel-aws-trainer-jaipur,nikhil-goel-aws-trainer-jaipur-forsk-coding-school.webp,PENDING,DEMO – VERIFY BEFORE PUBLISH
FCS-M326,Mansi Bansal,AWS Cloud Computing,AWS Trainer,https://forskcodingschool.com/mentors/mansi-bansal-aws-trainer-jaipur/,mansi-bansal-aws-trainer-jaipur,mansi-bansal-aws-trainer-jaipur-forsk-coding-school.webp,PENDING,DEMO – VERIFY BEFORE PUBLISH
FCS-M327,Isha Choudhary,AWS Cloud Computing,AWS Trainer,https://forskcodingschool.com/mentors/isha-choudhary-aws-trainer-jaipur/,isha-choudhary-aws-trainer-jaipur,isha-choudhary-aws-trainer-jaipur-forsk-coding-school.webp,PENDING,DEMO – VERIFY BEFORE PUBLISH
FCS-M328,Vivaan Sodhi,AWS Cloud Computing,AWS Trainer,https://forskcodingschool.com/mentors/vivaan-sodhi-aws-trainer-jaipur/,vivaan-sodhi-aws-trainer-jaipur,vivaan-sodhi-aws-trainer-jaipur-forsk-coding-school.webp,PENDING,DEMO – VERIFY BEFORE PUBLISH
FCS-M329,Rashmi Wadhwa,AWS Cloud Computing,AWS Trainer,https://forskcodingschool.com/mentors/rashmi-wadhwa-aws-trainer-jaipur/,rashmi-wadhwa-aws-trainer-jaipur,rashmi-wadhwa-aws-trainer-jaipur-forsk-coding-school.webp,PENDING,DEMO – VERIFY BEFORE PUBLISH
FCS-M330,Dhruv Tiwari,AWS Cloud Computing,AWS Trainer,https://forskcodingschool.com/mentors/dhruv-tiwari-aws-trainer-jaipur/,dhruv-tiwari-aws-trainer-jaipur,dhruv-tiwari-aws-trainer-jaipur-forsk-coding-school.webp,PENDING,DEMO – VERIFY BEFORE PUBLISH
FCS-M331,Ekta Vyas,Microsoft Azure,Azure Trainer,https://forskcodingschool.com/mentors/ekta-vyas-azure-trainer-jaipur/,ekta-vyas-azure-trainer-jaipur,ekta-vyas-azure-trainer-jaipur-forsk-coding-school.webp,PENDING,DEMO – VERIFY BEFORE PUBLISH
FCS-M332,Simran Jain,Microsoft Azure,Azure Trainer,https://forskcodingschool.com/mentors/simran-jain-azure-trainer-jaipur/,simran-jain-azure-trainer-jaipur,simran-jain-azure-trainer-jaipur-forsk-coding-school.webp,PENDING,DEMO – VERIFY BEFORE PUBLISH
FCS-M333,Aditya Anand,Microsoft Azure,Azure Trainer,https://forskcodingschool.com/mentors/aditya-anand-azure-trainer-jaipur/,aditya-anand-azure-trainer-jaipur,aditya-anand-azure-trainer-jaipur-forsk-coding-school.webp,PENDING,DEMO – VERIFY BEFORE PUBLISH
FCS-M334,Dhruv Desai,Microsoft Azure,Azure Trainer,https://forskcodingschool.com/mentors/dhruv-desai-azure-trainer-jaipur/,dhruv-desai-azure-trainer-jaipur,dhruv-desai-azure-trainer-jaipur-forsk-coding-school.webp,PENDING,DEMO – VERIFY BEFORE PUBLISH
FCS-M335,Gauri Maheshwari,Microsoft Azure,Azure Trainer,https://forskcodingschool.com/mentors/gauri-maheshwari-azure-trainer-jaipur/,gauri-maheshwari-azure-trainer-jaipur,gauri-maheshwari-azure-trainer-jaipur-forsk-coding-school.webp,PENDING,DEMO – VERIFY BEFORE PUBLISH
FCS-M336,Aditya Purohit,Microsoft Azure,Azure Trainer,https://forskcodingschool.com/mentors/aditya-purohit-azure-trainer-jaipur/,aditya-purohit-azure-trainer-jaipur,aditya-purohit-azure-trainer-jaipur-forsk-coding-school.webp,PENDING,DEMO – VERIFY BEFORE PUBLISH
FCS-M337,Kavya Srivastava,Microsoft Azure,Azure Trainer,https://forskcodingschool.com/mentors/kavya-srivastava-azure-trainer-jaipur/,kavya-srivastava-azure-trainer-jaipur,kavya-srivastava-azure-trainer-jaipur-forsk-coding-school.webp,PENDING,DEMO – VERIFY BEFORE PUBLISH
FCS-M338,Aditi Singhal,Microsoft Azure,Azure Trainer,https://forskcodingschool.com/mentors/aditi-singhal-azure-trainer-jaipur/,aditi-singhal-azure-trainer-jaipur,aditi-singhal-azure-trainer-jaipur-forsk-coding-school.webp,PENDING,DEMO – VERIFY BEFORE PUBLISH
FCS-M339,Sonali Sharma,Microsoft Azure,Azure Trainer,https://forskcodingschool.com/mentors/sonali-sharma-azure-trainer-jaipur/,sonali-sharma-azure-trainer-jaipur,sonali-sharma-azure-trainer-jaipur-forsk-coding-school.webp,PENDING,DEMO – VERIFY BEFORE PUBLISH
FCS-M340,Shreya Khanna,Microsoft Azure,Azure Trainer,https://forskcodingschool.com/mentors/shreya-khanna-azure-trainer-jaipur/,shreya-khanna-azure-trainer-jaipur,shreya-khanna-azure-trainer-jaipur-forsk-coding-school.webp,PENDING,DEMO – VERIFY BEFORE PUBLISH
FCS-M341,Sonali Menon,DevOps & CI/CD,DevOps Trainer,https://forskcodingschool.com/mentors/sonali-menon-devops-trainer-jaipur/,sonali-menon-devops-trainer-jaipur,sonali-menon-devops-trainer-jaipur-forsk-coding-school.webp,PENDING,DEMO – VERIFY BEFORE PUBLISH
FCS-M342,Vivaan Singhal,DevOps & CI/CD,DevOps Trainer,https://forskcodingschool.com/mentors/vivaan-singhal-devops-trainer-jaipur/,vivaan-singhal-devops-trainer-jaipur,vivaan-singhal-devops-trainer-jaipur-forsk-coding-school.webp,PENDING,DEMO – VERIFY BEFORE PUBLISH
FCS-M343,Sakshi Purohit,DevOps & CI/CD,DevOps Trainer,https://forskcodingschool.com/mentors/sakshi-purohit-devops-trainer-jaipur/,sakshi-purohit-devops-trainer-jaipur,sakshi-purohit-devops-trainer-jaipur-forsk-coding-school.webp,PENDING,DEMO – VERIFY BEFORE PUBLISH
FCS-M344,Sonali Chauhan,DevOps & CI/CD,DevOps Trainer,https://forskcodingschool.com/mentors/sonali-chauhan-devops-trainer-jaipur/,sonali-chauhan-devops-trainer-jaipur,sonali-chauhan-devops-trainer-jaipur-forsk-coding-school.webp,PENDING,DEMO – VERIFY BEFORE PUBLISH
FCS-M345,Siya Narula,DevOps & CI/CD,DevOps Trainer,https://forskcodingschool.com/mentors/siya-narula-devops-trainer-jaipur/,siya-narula-devops-trainer-jaipur,siya-narula-devops-trainer-jaipur-forsk-coding-school.webp,PENDING,DEMO – VERIFY BEFORE PUBLISH
FCS-M346,Swati Srivastava,DevOps & CI/CD,DevOps Trainer,https://forskcodingschool.com/mentors/swati-srivastava-devops-trainer-jaipur/,swati-srivastava-devops-trainer-jaipur,swati-srivastava-devops-trainer-jaipur-forsk-coding-school.webp,PENDING,DEMO – VERIFY BEFORE PUBLISH
FCS-M347,Aman Vyas,DevOps & CI/CD,DevOps Trainer,https://forskcodingschool.com/mentors/aman-vyas-devops-trainer-jaipur/,aman-vyas-devops-trainer-jaipur,aman-vyas-devops-trainer-jaipur-forsk-coding-school.webp,PENDING,DEMO – VERIFY BEFORE PUBLISH
FCS-M348,Kunal Khanna,DevOps & CI/CD,DevOps Trainer,https://forskcodingschool.com/mentors/kunal-khanna-devops-trainer-jaipur/,kunal-khanna-devops-trainer-jaipur,kunal-khanna-devops-trainer-jaipur-forsk-coding-school.webp,PENDING,DEMO – VERIFY BEFORE PUBLISH
FCS-M349,Kritika Thakur,DevOps & CI/CD,DevOps Trainer,https://forskcodingschool.com/mentors/kritika-thakur-devops-trainer-jaipur/,kritika-thakur-devops-trainer-jaipur,kritika-thakur-devops-trainer-jaipur-forsk-coding-school.webp,PENDING,DEMO – VERIFY BEFORE PUBLISH
FCS-M350,Kunal Wadhwa,DevOps & CI/CD,DevOps Trainer,https://forskcodingschool.com/mentors/kunal-wadhwa-devops-trainer-jaipur/,kunal-wadhwa-devops-trainer-jaipur,kunal-wadhwa-devops-trainer-jaipur-forsk-coding-school.webp,PENDING,DEMO – VERIFY BEFORE PUBLISH
FCS-M351,Khushi Wadhwa,Software Testing & QA,Software Testing Trainer,https://forskcodingschool.com/mentors/khushi-wadhwa-software-testing-trainer-jaipur/,khushi-wadhwa-software-testing-trainer-jaipur,khushi-wadhwa-software-testing-trainer-jaipur-forsk-coding-school.webp,PENDING,DEMO – VERIFY BEFORE PUBLISH
FCS-M352,Kanika Menon,Software Testing & QA,Software Testing Trainer,https://forskcodingschool.com/mentors/kanika-menon-software-testing-trainer-jaipur/,kanika-menon-software-testing-trainer-jaipur,kanika-menon-software-testing-trainer-jaipur-forsk-coding-school.webp,PENDING,DEMO – VERIFY BEFORE PUBLISH
FCS-M353,Saanvi Kashyap,Software Testing & QA,Software Testing Trainer,https://forskcodingschool.com/mentors/saanvi-kashyap-software-testing-trainer-jaipur/,saanvi-kashyap-software-testing-trainer-jaipur,saanvi-kashyap-software-testing-trainer-jaipur-forsk-coding-school.webp,PENDING,DEMO – VERIFY BEFORE PUBLISH
FCS-M354,Urvashi Reddy,Software Testing & QA,Software Testing Trainer,https://forskcodingschool.com/mentors/urvashi-reddy-software-testing-trainer-jaipur/,urvashi-reddy-software-testing-trainer-jaipur,urvashi-reddy-software-testing-trainer-jaipur-forsk-coding-school.webp,PENDING,DEMO – VERIFY BEFORE PUBLISH
FCS-M355,Kabir Bansal,Software Testing & QA,Software Testing Trainer,https://forskcodingschool.com/mentors/kabir-bansal-software-testing-trainer-jaipur/,kabir-bansal-software-testing-trainer-jaipur,kabir-bansal-software-testing-trainer-jaipur-forsk-coding-school.webp,PENDING,DEMO – VERIFY BEFORE PUBLISH
FCS-M356,Upasana Bhatia,Software Testing & QA,Software Testing Trainer,https://forskcodingschool.com/mentors/upasana-bhatia-software-testing-trainer-jaipur/,upasana-bhatia-software-testing-trainer-jaipur,upasana-bhatia-software-testing-trainer-jaipur-forsk-coding-school.webp,PENDING,DEMO – VERIFY BEFORE PUBLISH
FCS-M357,Siddharth Agarwal,Software Testing & QA,Software Testing Trainer,https://forskcodingschool.com/mentors/siddharth-agarwal-software-testing-trainer-jaipur/,siddharth-agarwal-software-testing-trainer-jaipur,siddharth-agarwal-software-testing-trainer-jaipur-forsk-coding-school.webp,PENDING,DEMO – VERIFY BEFORE PUBLISH
FCS-M358,Gauri Mehta,Software Testing & QA,Software Testing Trainer,https://forskcodingschool.com/mentors/gauri-mehta-software-testing-trainer-jaipur/,gauri-mehta-software-testing-trainer-jaipur,gauri-mehta-software-testing-trainer-jaipur-forsk-coding-school.webp,PENDING,DEMO – VERIFY BEFORE PUBLISH
FCS-M359,Aditi Sodhi,Software Testing & QA,Software Testing Trainer,https://forskcodingschool.com/mentors/aditi-sodhi-software-testing-trainer-jaipur/,aditi-sodhi-software-testing-trainer-jaipur,aditi-sodhi-software-testing-trainer-jaipur-forsk-coding-school.webp,PENDING,DEMO – VERIFY BEFORE PUBLISH
FCS-M360,Aarav Sodhi,Software Testing & QA,Software Testing Trainer,https://forskcodingschool.com/mentors/aarav-sodhi-software-testing-trainer-jaipur/,aarav-sodhi-software-testing-trainer-jaipur,aarav-sodhi-software-testing-trainer-jaipur-forsk-coding-school.webp,PENDING,DEMO – VERIFY BEFORE PUBLISH
FCS-M361,Dhruv Maheshwari,Test Automation,Automation Testing Trainer,https://forskcodingschool.com/mentors/dhruv-maheshwari-automation-testing-trainer-jaipur/,dhruv-maheshwari-automation-testing-trainer-jaipur,dhruv-maheshwari-automation-testing-trainer-jaipur-forsk-coding-school.webp,PENDING,DEMO – VERIFY BEFORE PUBLISH
FCS-M362,Isha Arora,Test Automation,Automation Testing Trainer,https://forskcodingschool.com/mentors/isha-arora-automation-testing-trainer-jaipur/,isha-arora-automation-testing-trainer-jaipur,isha-arora-automation-testing-trainer-jaipur-forsk-coding-school.webp,PENDING,DEMO – VERIFY BEFORE PUBLISH
FCS-M363,Neeraj Mittal,Test Automation,Automation Testing Trainer,https://forskcodingschool.com/mentors/neeraj-mittal-automation-testing-trainer-jaipur/,neeraj-mittal-automation-testing-trainer-jaipur,neeraj-mittal-automation-testing-trainer-jaipur-forsk-coding-school.webp,PENDING,DEMO – VERIFY BEFORE PUBLISH
FCS-M364,Rishi Joshi,Test Automation,Automation Testing Trainer,https://forskcodingschool.com/mentors/rishi-joshi-automation-testing-trainer-jaipur/,rishi-joshi-automation-testing-trainer-jaipur,rishi-joshi-automation-testing-trainer-jaipur-forsk-coding-school.webp,PENDING,DEMO – VERIFY BEFORE PUBLISH
FCS-M365,Piyush Sethi,Test Automation,Automation Testing Trainer,https://forskcodingschool.com/mentors/piyush-sethi-automation-testing-trainer-jaipur/,piyush-sethi-automation-testing-trainer-jaipur,piyush-sethi-automation-testing-trainer-jaipur-forsk-coding-school.webp,PENDING,DEMO – VERIFY BEFORE PUBLISH
FCS-M366,Neeraj Mathur,Test Automation,Automation Testing Trainer,https://forskcodingschool.com/mentors/neeraj-mathur-automation-testing-trainer-jaipur/,neeraj-mathur-automation-testing-trainer-jaipur,neeraj-mathur-automation-testing-trainer-jaipur-forsk-coding-school.webp,PENDING,DEMO – VERIFY BEFORE PUBLISH
FCS-M367,Shubham Juneja,Test Automation,Automation Testing Trainer,https://forskcodingschool.com/mentors/shubham-juneja-automation-testing-trainer-jaipur/,shubham-juneja-automation-testing-trainer-jaipur,shubham-juneja-automation-testing-trainer-jaipur-forsk-coding-school.webp,PENDING,DEMO – VERIFY BEFORE PUBLISH
FCS-M368,Tamanna Verma,Test Automation,Automation Testing Trainer,https://forskcodingschool.com/mentors/tamanna-verma-automation-testing-trainer-jaipur/,tamanna-verma-automation-testing-trainer-jaipur,tamanna-verma-automation-testing-trainer-jaipur-forsk-coding-school.webp,PENDING,DEMO – VERIFY BEFORE PUBLISH
FCS-M369,Sameer Joshi,Test Automation,Automation Testing Trainer,https://forskcodingschool.com/mentors/sameer-joshi-automation-testing-trainer-jaipur/,sameer-joshi-automation-testing-trainer-jaipur,sameer-joshi-automation-testing-trainer-jaipur-forsk-coding-school.webp,PENDING,DEMO – VERIFY BEFORE PUBLISH
FCS-M370,Isha Dubey,Test Automation,Automation Testing Trainer,https://forskcodingschool.com/mentors/isha-dubey-automation-testing-trainer-jaipur/,isha-dubey-automation-testing-trainer-jaipur,isha-dubey-automation-testing-trainer-jaipur-forsk-coding-school.webp,PENDING,DEMO – VERIFY BEFORE PUBLISH
FCS-M371,Ojasvi Agarwal,UI/UX & Web Design,UI UX Trainer,https://forskcodingschool.com/mentors/ojasvi-agarwal-ui-ux-trainer-jaipur/,ojasvi-agarwal-ui-ux-trainer-jaipur,ojasvi-agarwal-ui-ux-trainer-jaipur-forsk-coding-school.webp,PENDING,DEMO – VERIFY BEFORE PUBLISH
FCS-M372,Ojasvi Malhotra,UI/UX & Web Design,UI UX Trainer,https://forskcodingschool.com/mentors/ojasvi-malhotra-ui-ux-trainer-jaipur/,ojasvi-malhotra-ui-ux-trainer-jaipur,ojasvi-malhotra-ui-ux-trainer-jaipur-forsk-coding-school.webp,PENDING,DEMO – VERIFY BEFORE PUBLISH
FCS-M373,Rashmi Verma,UI/UX & Web Design,UI UX Trainer,https://forskcodingschool.com/mentors/rashmi-verma-ui-ux-trainer-jaipur/,rashmi-verma-ui-ux-trainer-jaipur,rashmi-verma-ui-ux-trainer-jaipur-forsk-coding-school.webp,PENDING,DEMO – VERIFY BEFORE PUBLISH
FCS-M374,Aarohi Bose,UI/UX & Web Design,UI UX Trainer,https://forskcodingschool.com/mentors/aarohi-bose-ui-ux-trainer-jaipur/,aarohi-bose-ui-ux-trainer-jaipur,aarohi-bose-ui-ux-trainer-jaipur-forsk-coding-school.webp,PENDING,DEMO – VERIFY BEFORE PUBLISH
FCS-M375,Ojasvi Desai,UI/UX & Web Design,UI UX Trainer,https://forskcodingschool.com/mentors/ojasvi-desai-ui-ux-trainer-jaipur/,ojasvi-desai-ui-ux-trainer-jaipur,ojasvi-desai-ui-ux-trainer-jaipur-forsk-coding-school.webp,PENDING,DEMO – VERIFY BEFORE PUBLISH
FCS-M376,Saanvi Kapoor,UI/UX & Web Design,UI UX Trainer,https://forskcodingschool.com/mentors/saanvi-kapoor-ui-ux-trainer-jaipur/,saanvi-kapoor-ui-ux-trainer-jaipur,saanvi-kapoor-ui-ux-trainer-jaipur-forsk-coding-school.webp,PENDING,DEMO – VERIFY BEFORE PUBLISH
FCS-M377,Avni Patil,UI/UX & Web Design,UI UX Trainer,https://forskcodingschool.com/mentors/avni-patil-ui-ux-trainer-jaipur/,avni-patil-ui-ux-trainer-jaipur,avni-patil-ui-ux-trainer-jaipur-forsk-coding-school.webp,PENDING,DEMO – VERIFY BEFORE PUBLISH
FCS-M378,Aman Rao,UI/UX & Web Design,UI UX Trainer,https://forskcodingschool.com/mentors/aman-rao-ui-ux-trainer-jaipur/,aman-rao-ui-ux-trainer-jaipur,aman-rao-ui-ux-trainer-jaipur-forsk-coding-school.webp,PENDING,DEMO – VERIFY BEFORE PUBLISH
FCS-M379,Vaishnavi Kashyap,UI/UX & Web Design,UI UX Trainer,https://forskcodingschool.com/mentors/vaishnavi-kashyap-ui-ux-trainer-jaipur/,vaishnavi-kashyap-ui-ux-trainer-jaipur,vaishnavi-kashyap-ui-ux-trainer-jaipur-forsk-coding-school.webp,PENDING,DEMO – VERIFY BEFORE PUBLISH
FCS-M380,Naina Dutta,UI/UX & Web Design,UI UX Trainer,https://forskcodingschool.com/mentors/naina-dutta-ui-ux-trainer-jaipur/,naina-dutta-ui-ux-trainer-jaipur,naina-dutta-ui-ux-trainer-jaipur-forsk-coding-school.webp,PENDING,DEMO – VERIFY BEFORE PUBLISH
FCS-M381,Khushi Chawla,Digital Marketing & SEO,Digital Marketing Trainer,https://forskcodingschool.com/mentors/khushi-chawla-digital-marketing-trainer-jaipur/,khushi-chawla-digital-marketing-trainer-jaipur,khushi-chawla-digital-marketing-trainer-jaipur-forsk-coding-school.webp,PENDING,DEMO – VERIFY BEFORE PUBLISH
FCS-M382,Nikhil Gill,Digital Marketing & SEO,Digital Marketing Trainer,https://forskcodingschool.com/mentors/nikhil-gill-digital-marketing-trainer-jaipur/,nikhil-gill-digital-marketing-trainer-jaipur,nikhil-gill-digital-marketing-trainer-jaipur-forsk-coding-school.webp,PENDING,DEMO – VERIFY BEFORE PUBLISH
FCS-M383,Yashika Bansal,Digital Marketing & SEO,Digital Marketing Trainer,https://forskcodingschool.com/mentors/yashika-bansal-digital-marketing-trainer-jaipur/,yashika-bansal-digital-marketing-trainer-jaipur,yashika-bansal-digital-marketing-trainer-jaipur-forsk-coding-school.webp,PENDING,DEMO – VERIFY BEFORE PUBLISH
FCS-M384,Vani Chawla,Digital Marketing & SEO,Digital Marketing Trainer,https://forskcodingschool.com/mentors/vani-chawla-digital-marketing-trainer-jaipur/,vani-chawla-digital-marketing-trainer-jaipur,vani-chawla-digital-marketing-trainer-jaipur-forsk-coding-school.webp,PENDING,DEMO – VERIFY BEFORE PUBLISH
FCS-M385,Mohit Bhatia,Digital Marketing & SEO,Digital Marketing Trainer,https://forskcodingschool.com/mentors/mohit-bhatia-digital-marketing-trainer-jaipur/,mohit-bhatia-digital-marketing-trainer-jaipur,mohit-bhatia-digital-marketing-trainer-jaipur-forsk-coding-school.webp,PENDING,DEMO – VERIFY BEFORE PUBLISH
FCS-M386,Uday Vyas,Digital Marketing & SEO,Digital Marketing Trainer,https://forskcodingschool.com/mentors/uday-vyas-digital-marketing-trainer-jaipur/,uday-vyas-digital-marketing-trainer-jaipur,uday-vyas-digital-marketing-trainer-jaipur-forsk-coding-school.webp,PENDING,DEMO – VERIFY BEFORE PUBLISH
FCS-M387,Ishaan Jain,Digital Marketing & SEO,Digital Marketing Trainer,https://forskcodingschool.com/mentors/ishaan-jain-digital-marketing-trainer-jaipur/,ishaan-jain-digital-marketing-trainer-jaipur,ishaan-jain-digital-marketing-trainer-jaipur-forsk-coding-school.webp,PENDING,DEMO – VERIFY BEFORE PUBLISH
FCS-M388,Swati Mishra,Digital Marketing & SEO,Digital Marketing Trainer,https://forskcodingschool.com/mentors/swati-mishra-digital-marketing-trainer-jaipur/,swati-mishra-digital-marketing-trainer-jaipur,swati-mishra-digital-marketing-trainer-jaipur-forsk-coding-school.webp,PENDING,DEMO – VERIFY BEFORE PUBLISH
FCS-M389,Ekta Juneja,Digital Marketing & SEO,Digital Marketing Trainer,https://forskcodingschool.com/mentors/ekta-juneja-digital-marketing-trainer-jaipur/,ekta-juneja-digital-marketing-trainer-jaipur,ekta-juneja-digital-marketing-trainer-jaipur-forsk-coding-school.webp,PENDING,DEMO – VERIFY BEFORE PUBLISH
FCS-M390,Naina Jain,Digital Marketing & SEO,Digital Marketing Trainer,https://forskcodingschool.com/mentors/naina-jain-digital-marketing-trainer-jaipur/,naina-jain-digital-marketing-trainer-jaipur,naina-jain-digital-marketing-trainer-jaipur-forsk-coding-school.webp,PENDING,DEMO – VERIFY BEFORE PUBLISH
FCS-M391,Aman Ghosh,Git/GitHub & Software Engineering,Git GitHub Mentor,https://forskcodingschool.com/mentors/aman-ghosh-git-github-mentor-jaipur/,aman-ghosh-git-github-mentor-jaipur,aman-ghosh-git-github-mentor-jaipur-forsk-coding-school.webp,PENDING,DEMO – VERIFY BEFORE PUBLISH
FCS-M392,Kanika Kohli,Git/GitHub & Software Engineering,Git GitHub Mentor,https://forskcodingschool.com/mentors/kanika-kohli-git-github-mentor-jaipur/,kanika-kohli-git-github-mentor-jaipur,kanika-kohli-git-github-mentor-jaipur-forsk-coding-school.webp,PENDING,DEMO – VERIFY BEFORE PUBLISH
FCS-M393,Parul Tiwari,Git/GitHub & Software Engineering,Git GitHub Mentor,https://forskcodingschool.com/mentors/parul-tiwari-git-github-mentor-jaipur/,parul-tiwari-git-github-mentor-jaipur,parul-tiwari-git-github-mentor-jaipur-forsk-coding-school.webp,PENDING,DEMO – VERIFY BEFORE PUBLISH
FCS-M394,Kartik Reddy,Git/GitHub & Software Engineering,Git GitHub Mentor,https://forskcodingschool.com/mentors/kartik-reddy-git-github-mentor-jaipur/,kartik-reddy-git-github-mentor-jaipur,kartik-reddy-git-github-mentor-jaipur-forsk-coding-school.webp,PENDING,DEMO – VERIFY BEFORE PUBLISH
FCS-M395,Sameer Malhotra,Git/GitHub & Software Engineering,Git GitHub Mentor,https://forskcodingschool.com/mentors/sameer-malhotra-git-github-mentor-jaipur/,sameer-malhotra-git-github-mentor-jaipur,sameer-malhotra-git-github-mentor-jaipur-forsk-coding-school.webp,PENDING,DEMO – VERIFY BEFORE PUBLISH
FCS-M396,Pooja Iyer,Git/GitHub & Software Engineering,Git GitHub Mentor,https://forskcodingschool.com/mentors/pooja-iyer-git-github-mentor-jaipur/,pooja-iyer-git-github-mentor-jaipur,pooja-iyer-git-github-mentor-jaipur-forsk-coding-school.webp,PENDING,DEMO – VERIFY BEFORE PUBLISH
FCS-M397,Manish Thakur,Git/GitHub & Software Engineering,Git GitHub Mentor,https://forskcodingschool.com/mentors/manish-thakur-git-github-mentor-jaipur/,manish-thakur-git-github-mentor-jaipur,manish-thakur-git-github-mentor-jaipur-forsk-coding-school.webp,PENDING,DEMO – VERIFY BEFORE PUBLISH
FCS-M398,Pranav Malhotra,Git/GitHub & Software Engineering,Git GitHub Mentor,https://forskcodingschool.com/mentors/pranav-malhotra-git-github-mentor-jaipur/,pranav-malhotra-git-github-mentor-jaipur,pranav-malhotra-git-github-mentor-jaipur-forsk-coding-school.webp,PENDING,DEMO – VERIFY BEFORE PUBLISH
FCS-M399,Naina Joshi,Git/GitHub & Software Engineering,Git GitHub Mentor,https://forskcodingschool.com/mentors/naina-joshi-git-github-mentor-jaipur/,naina-joshi-git-github-mentor-jaipur,naina-joshi-git-github-mentor-jaipur-forsk-coding-school.webp,PENDING,DEMO – VERIFY BEFORE PUBLISH
FCS-M400,Ojasvi Patel,Git/GitHub & Software Engineering,Git GitHub Mentor,https://forskcodingschool.com/mentors/ojasvi-patel-git-github-mentor-jaipur/,ojasvi-patel-git-github-mentor-jaipur,ojasvi-patel-git-github-mentor-jaipur-forsk-coding-school.webp,PENDING,DEMO – VERIFY BEFORE PUBLISH
FCS-M401,Reyansh Yadav,Salesforce & CRM Development,Salesforce Trainer,https://forskcodingschool.com/mentors/reyansh-yadav-salesforce-trainer-jaipur/,reyansh-yadav-salesforce-trainer-jaipur,reyansh-yadav-salesforce-trainer-jaipur-forsk-coding-school.webp,PENDING,DEMO – VERIFY BEFORE PUBLISH
FCS-M402,Shreya Yadav,Salesforce & CRM Development,Salesforce Trainer,https://forskcodingschool.com/mentors/shreya-yadav-salesforce-trainer-jaipur/,shreya-yadav-salesforce-trainer-jaipur,shreya-yadav-salesforce-trainer-jaipur-forsk-coding-school.webp,PENDING,DEMO – VERIFY BEFORE PUBLISH
FCS-M403,Kunal Anand,Salesforce & CRM Development,Salesforce Trainer,https://forskcodingschool.com/mentors/kunal-anand-salesforce-trainer-jaipur/,kunal-anand-salesforce-trainer-jaipur,kunal-anand-salesforce-trainer-jaipur-forsk-coding-school.webp,PENDING,DEMO – VERIFY BEFORE PUBLISH
FCS-M404,Nandini Maheshwari,Salesforce & CRM Development,Salesforce Trainer,https://forskcodingschool.com/mentors/nandini-maheshwari-salesforce-trainer-jaipur/,nandini-maheshwari-salesforce-trainer-jaipur,nandini-maheshwari-salesforce-trainer-jaipur-forsk-coding-school.webp,PENDING,DEMO – VERIFY BEFORE PUBLISH
FCS-M405,Deepika Rajput,Salesforce & CRM Development,Salesforce Trainer,https://forskcodingschool.com/mentors/deepika-rajput-salesforce-trainer-jaipur/,deepika-rajput-salesforce-trainer-jaipur,deepika-rajput-salesforce-trainer-jaipur-forsk-coding-school.webp,PENDING,DEMO – VERIFY BEFORE PUBLISH
FCS-M406,Neha Bhatia,Salesforce & CRM Development,Salesforce Trainer,https://forskcodingschool.com/mentors/neha-bhatia-salesforce-trainer-jaipur/,neha-bhatia-salesforce-trainer-jaipur,neha-bhatia-salesforce-trainer-jaipur-forsk-coding-school.webp,PENDING,DEMO – VERIFY BEFORE PUBLISH
FCS-M407,Kanika Bajaj,Salesforce & CRM Development,Salesforce Trainer,https://forskcodingschool.com/mentors/kanika-bajaj-salesforce-trainer-jaipur/,kanika-bajaj-salesforce-trainer-jaipur,kanika-bajaj-salesforce-trainer-jaipur-forsk-coding-school.webp,PENDING,DEMO – VERIFY BEFORE PUBLISH
FCS-M408,Vaishnavi Juneja,Salesforce & CRM Development,Salesforce Trainer,https://forskcodingschool.com/mentors/vaishnavi-juneja-salesforce-trainer-jaipur/,vaishnavi-juneja-salesforce-trainer-jaipur,vaishnavi-juneja-salesforce-trainer-jaipur-forsk-coding-school.webp,PENDING,DEMO – VERIFY BEFORE PUBLISH
FCS-M409,Swati Pawar,Salesforce & CRM Development,Salesforce Trainer,https://forskcodingschool.com/mentors/swati-pawar-salesforce-trainer-jaipur/,swati-pawar-salesforce-trainer-jaipur,swati-pawar-salesforce-trainer-jaipur-forsk-coding-school.webp,PENDING,DEMO – VERIFY BEFORE PUBLISH
FCS-M410,Mahima Bhatia,Salesforce & CRM Development,Salesforce Trainer,https://forskcodingschool.com/mentors/mahima-bhatia-salesforce-trainer-jaipur/,mahima-bhatia-salesforce-trainer-jaipur,mahima-bhatia-salesforce-trainer-jaipur-forsk-coding-school.webp,PENDING,DEMO – VERIFY BEFORE PUBLISH
FCS-M411,Jhanvi Bose,R Programming & Analytics,R Programming Trainer,https://forskcodingschool.com/mentors/jhanvi-bose-r-programming-trainer-jaipur/,jhanvi-bose-r-programming-trainer-jaipur,jhanvi-bose-r-programming-trainer-jaipur-forsk-coding-school.webp,PENDING,DEMO – VERIFY BEFORE PUBLISH
FCS-M412,Shubham Wadhwa,R Programming & Analytics,R Programming Trainer,https://forskcodingschool.com/mentors/shubham-wadhwa-r-programming-trainer-jaipur/,shubham-wadhwa-r-programming-trainer-jaipur,shubham-wadhwa-r-programming-trainer-jaipur-forsk-coding-school.webp,PENDING,DEMO – VERIFY BEFORE PUBLISH
FCS-M413,Akash Bose,R Programming & Analytics,R Programming Trainer,https://forskcodingschool.com/mentors/akash-bose-r-programming-trainer-jaipur/,akash-bose-r-programming-trainer-jaipur,akash-bose-r-programming-trainer-jaipur-forsk-coding-school.webp,PENDING,DEMO – VERIFY BEFORE PUBLISH
FCS-M414,Vishal Kapoor,R Programming & Analytics,R Programming Trainer,https://forskcodingschool.com/mentors/vishal-kapoor-r-programming-trainer-jaipur/,vishal-kapoor-r-programming-trainer-jaipur,vishal-kapoor-r-programming-trainer-jaipur-forsk-coding-school.webp,PENDING,DEMO – VERIFY BEFORE PUBLISH
FCS-M415,Yash Shah,R Programming & Analytics,R Programming Trainer,https://forskcodingschool.com/mentors/yash-shah-r-programming-trainer-jaipur/,yash-shah-r-programming-trainer-jaipur,yash-shah-r-programming-trainer-jaipur-forsk-coding-school.webp,PENDING,DEMO – VERIFY BEFORE PUBLISH
FCS-M416,Kritika Bhatia,R Programming & Analytics,R Programming Trainer,https://forskcodingschool.com/mentors/kritika-bhatia-r-programming-trainer-jaipur/,kritika-bhatia-r-programming-trainer-jaipur,kritika-bhatia-r-programming-trainer-jaipur-forsk-coding-school.webp,PENDING,DEMO – VERIFY BEFORE PUBLISH
FCS-M417,Kanika Saini,R Programming & Analytics,R Programming Trainer,https://forskcodingschool.com/mentors/kanika-saini-r-programming-trainer-jaipur/,kanika-saini-r-programming-trainer-jaipur,kanika-saini-r-programming-trainer-jaipur-forsk-coding-school.webp,PENDING,DEMO – VERIFY BEFORE PUBLISH
FCS-M418,Palak Joshi,R Programming & Analytics,R Programming Trainer,https://forskcodingschool.com/mentors/palak-joshi-r-programming-trainer-jaipur/,palak-joshi-r-programming-trainer-jaipur,palak-joshi-r-programming-trainer-jaipur-forsk-coding-school.webp,PENDING,DEMO – VERIFY BEFORE PUBLISH
FCS-M419,Mohit Juneja,R Programming & Analytics,R Programming Trainer,https://forskcodingschool.com/mentors/mohit-juneja-r-programming-trainer-jaipur/,mohit-juneja-r-programming-trainer-jaipur,mohit-juneja-r-programming-trainer-jaipur-forsk-coding-school.webp,PENDING,DEMO – VERIFY BEFORE PUBLISH
FCS-M420,Krishna Ahuja,R Programming & Analytics,R Programming Trainer,https://forskcodingschool.com/mentors/krishna-ahuja-r-programming-trainer-jaipur/,krishna-ahuja-r-programming-trainer-jaipur,krishna-ahuja-r-programming-trainer-jaipur-forsk-coding-school.webp,PENDING,DEMO – VERIFY BEFORE PUBLISH
FCS-M421,Aarohi Mishra,Computer Vision,Computer Vision Trainer,https://forskcodingschool.com/mentors/aarohi-mishra-computer-vision-trainer-jaipur/,aarohi-mishra-computer-vision-trainer-jaipur,aarohi-mishra-computer-vision-trainer-jaipur-forsk-coding-school.webp,PENDING,DEMO – VERIFY BEFORE PUBLISH
FCS-M422,Uday Kapoor,Computer Vision,Computer Vision Trainer,https://forskcodingschool.com/mentors/uday-kapoor-computer-vision-trainer-jaipur/,uday-kapoor-computer-vision-trainer-jaipur,uday-kapoor-computer-vision-trainer-jaipur-forsk-coding-school.webp,PENDING,DEMO – VERIFY BEFORE PUBLISH
FCS-M423,Lavanya Vyas,Computer Vision,Computer Vision Trainer,https://forskcodingschool.com/mentors/lavanya-vyas-computer-vision-trainer-jaipur/,lavanya-vyas-computer-vision-trainer-jaipur,lavanya-vyas-computer-vision-trainer-jaipur-forsk-coding-school.webp,PENDING,DEMO – VERIFY BEFORE PUBLISH
FCS-M424,Piyush Goyal,Computer Vision,Computer Vision Trainer,https://forskcodingschool.com/mentors/piyush-goyal-computer-vision-trainer-jaipur/,piyush-goyal-computer-vision-trainer-jaipur,piyush-goyal-computer-vision-trainer-jaipur-forsk-coding-school.webp,PENDING,DEMO – VERIFY BEFORE PUBLISH
FCS-M425,Varun Mathur,Computer Vision,Computer Vision Trainer,https://forskcodingschool.com/mentors/varun-mathur-computer-vision-trainer-jaipur/,varun-mathur-computer-vision-trainer-jaipur,varun-mathur-computer-vision-trainer-jaipur-forsk-coding-school.webp,PENDING,DEMO – VERIFY BEFORE PUBLISH
FCS-M426,Vaishnavi Jadhav,Computer Vision,Computer Vision Trainer,https://forskcodingschool.com/mentors/vaishnavi-jadhav-computer-vision-trainer-jaipur/,vaishnavi-jadhav-computer-vision-trainer-jaipur,vaishnavi-jadhav-computer-vision-trainer-jaipur-forsk-coding-school.webp,PENDING,DEMO – VERIFY BEFORE PUBLISH
FCS-M427,Deepika Narula,Computer Vision,Computer Vision Trainer,https://forskcodingschool.com/mentors/deepika-narula-computer-vision-trainer-jaipur/,deepika-narula-computer-vision-trainer-jaipur,deepika-narula-computer-vision-trainer-jaipur-forsk-coding-school.webp,PENDING,DEMO – VERIFY BEFORE PUBLISH
FCS-M428,Vaishnavi Gill,Computer Vision,Computer Vision Trainer,https://forskcodingschool.com/mentors/vaishnavi-gill-computer-vision-trainer-jaipur/,vaishnavi-gill-computer-vision-trainer-jaipur,vaishnavi-gill-computer-vision-trainer-jaipur-forsk-coding-school.webp,PENDING,DEMO – VERIFY BEFORE PUBLISH
FCS-M429,Dhruv Ahuja,Computer Vision,Computer Vision Trainer,https://forskcodingschool.com/mentors/dhruv-ahuja-computer-vision-trainer-jaipur/,dhruv-ahuja-computer-vision-trainer-jaipur,dhruv-ahuja-computer-vision-trainer-jaipur-forsk-coding-school.webp,PENDING,DEMO – VERIFY BEFORE PUBLISH
FCS-M430,Dhruv Goyal,Computer Vision,Computer Vision Trainer,https://forskcodingschool.com/mentors/dhruv-goyal-computer-vision-trainer-jaipur/,dhruv-goyal-computer-vision-trainer-jaipur,dhruv-goyal-computer-vision-trainer-jaipur-forsk-coding-school.webp,PENDING,DEMO – VERIFY BEFORE PUBLISH
FCS-M431,Tamanna Pillai,NLP & Deep Learning,NLP Deep Learning Trainer,https://forskcodingschool.com/mentors/tamanna-pillai-nlp-deep-learning-trainer-jaipur/,tamanna-pillai-nlp-deep-learning-trainer-jaipur,tamanna-pillai-nlp-deep-learning-trainer-jaipur-forsk-coding-school.webp,PENDING,DEMO – VERIFY BEFORE PUBLISH
FCS-M432,Parul Maheshwari,NLP & Deep Learning,NLP Deep Learning Trainer,https://forskcodingschool.com/mentors/parul-maheshwari-nlp-deep-learning-trainer-jaipur/,parul-maheshwari-nlp-deep-learning-trainer-jaipur,parul-maheshwari-nlp-deep-learning-trainer-jaipur-forsk-coding-school.webp,PENDING,DEMO – VERIFY BEFORE PUBLISH
FCS-M433,Vedant Reddy,NLP & Deep Learning,NLP Deep Learning Trainer,https://forskcodingschool.com/mentors/vedant-reddy-nlp-deep-learning-trainer-jaipur/,vedant-reddy-nlp-deep-learning-trainer-jaipur,vedant-reddy-nlp-deep-learning-trainer-jaipur-forsk-coding-school.webp,PENDING,DEMO – VERIFY BEFORE PUBLISH
FCS-M434,Shreya Tripathi,NLP & Deep Learning,NLP Deep Learning Trainer,https://forskcodingschool.com/mentors/shreya-tripathi-nlp-deep-learning-trainer-jaipur/,shreya-tripathi-nlp-deep-learning-trainer-jaipur,shreya-tripathi-nlp-deep-learning-trainer-jaipur-forsk-coding-school.webp,PENDING,DEMO – VERIFY BEFORE PUBLISH
FCS-M435,Harsh Kohli,NLP & Deep Learning,NLP Deep Learning Trainer,https://forskcodingschool.com/mentors/harsh-kohli-nlp-deep-learning-trainer-jaipur/,harsh-kohli-nlp-deep-learning-trainer-jaipur,harsh-kohli-nlp-deep-learning-trainer-jaipur-forsk-coding-school.webp,PENDING,DEMO – VERIFY BEFORE PUBLISH
FCS-M436,Mahima Singh,NLP & Deep Learning,NLP Deep Learning Trainer,https://forskcodingschool.com/mentors/mahima-singh-nlp-deep-learning-trainer-jaipur/,mahima-singh-nlp-deep-learning-trainer-jaipur,mahima-singh-nlp-deep-learning-trainer-jaipur-forsk-coding-school.webp,PENDING,DEMO – VERIFY BEFORE PUBLISH
FCS-M437,Avni Singh,NLP & Deep Learning,NLP Deep Learning Trainer,https://forskcodingschool.com/mentors/avni-singh-nlp-deep-learning-trainer-jaipur/,avni-singh-nlp-deep-learning-trainer-jaipur,avni-singh-nlp-deep-learning-trainer-jaipur-forsk-coding-school.webp,PENDING,DEMO – VERIFY BEFORE PUBLISH
FCS-M438,Kartik Pandey,NLP & Deep Learning,NLP Deep Learning Trainer,https://forskcodingschool.com/mentors/kartik-pandey-nlp-deep-learning-trainer-jaipur/,kartik-pandey-nlp-deep-learning-trainer-jaipur,kartik-pandey-nlp-deep-learning-trainer-jaipur-forsk-coding-school.webp,PENDING,DEMO – VERIFY BEFORE PUBLISH
FCS-M439,Swati Kashyap,NLP & Deep Learning,NLP Deep Learning Trainer,https://forskcodingschool.com/mentors/swati-kashyap-nlp-deep-learning-trainer-jaipur/,swati-kashyap-nlp-deep-learning-trainer-jaipur,swati-kashyap-nlp-deep-learning-trainer-jaipur-forsk-coding-school.webp,PENDING,DEMO – VERIFY BEFORE PUBLISH
FCS-M440,Manish Anand,NLP & Deep Learning,NLP Deep Learning Trainer,https://forskcodingschool.com/mentors/manish-anand-nlp-deep-learning-trainer-jaipur/,manish-anand-nlp-deep-learning-trainer-jaipur,manish-anand-nlp-deep-learning-trainer-jaipur-forsk-coding-school.webp,PENDING,DEMO – VERIFY BEFORE PUBLISH
FCS-M441,Nandini Arora,MLOps & AI Deployment,MLOps Trainer,https://forskcodingschool.com/mentors/nandini-arora-mlops-trainer-jaipur/,nandini-arora-mlops-trainer-jaipur,nandini-arora-mlops-trainer-jaipur-forsk-coding-school.webp,PENDING,DEMO – VERIFY BEFORE PUBLISH
FCS-M442,Parul Chawla,MLOps & AI Deployment,MLOps Trainer,https://forskcodingschool.com/mentors/parul-chawla-mlops-trainer-jaipur/,parul-chawla-mlops-trainer-jaipur,parul-chawla-mlops-trainer-jaipur-forsk-coding-school.webp,PENDING,DEMO – VERIFY BEFORE PUBLISH
FCS-M443,Kanika Singhal,MLOps & AI Deployment,MLOps Trainer,https://forskcodingschool.com/mentors/kanika-singhal-mlops-trainer-jaipur/,kanika-singhal-mlops-trainer-jaipur,kanika-singhal-mlops-trainer-jaipur-forsk-coding-school.webp,PENDING,DEMO – VERIFY BEFORE PUBLISH
FCS-M444,Tarun Menon,MLOps & AI Deployment,MLOps Trainer,https://forskcodingschool.com/mentors/tarun-menon-mlops-trainer-jaipur/,tarun-menon-mlops-trainer-jaipur,tarun-menon-mlops-trainer-jaipur-forsk-coding-school.webp,PENDING,DEMO – VERIFY BEFORE PUBLISH
FCS-M445,Trisha Prasad,MLOps & AI Deployment,MLOps Trainer,https://forskcodingschool.com/mentors/trisha-prasad-mlops-trainer-jaipur/,trisha-prasad-mlops-trainer-jaipur,trisha-prasad-mlops-trainer-jaipur-forsk-coding-school.webp,PENDING,DEMO – VERIFY BEFORE PUBLISH
FCS-M446,Kartik Sodhi,MLOps & AI Deployment,MLOps Trainer,https://forskcodingschool.com/mentors/kartik-sodhi-mlops-trainer-jaipur/,kartik-sodhi-mlops-trainer-jaipur,kartik-sodhi-mlops-trainer-jaipur-forsk-coding-school.webp,PENDING,DEMO – VERIFY BEFORE PUBLISH
FCS-M447,Varun Kohli,MLOps & AI Deployment,MLOps Trainer,https://forskcodingschool.com/mentors/varun-kohli-mlops-trainer-jaipur/,varun-kohli-mlops-trainer-jaipur,varun-kohli-mlops-trainer-jaipur-forsk-coding-school.webp,PENDING,DEMO – VERIFY BEFORE PUBLISH
FCS-M448,Laksh Pawar,MLOps & AI Deployment,MLOps Trainer,https://forskcodingschool.com/mentors/laksh-pawar-mlops-trainer-jaipur/,laksh-pawar-mlops-trainer-jaipur,laksh-pawar-mlops-trainer-jaipur-forsk-coding-school.webp,PENDING,DEMO – VERIFY BEFORE PUBLISH
FCS-M449,Muskan Vyas,MLOps & AI Deployment,MLOps Trainer,https://forskcodingschool.com/mentors/muskan-vyas-mlops-trainer-jaipur/,muskan-vyas-mlops-trainer-jaipur,muskan-vyas-mlops-trainer-jaipur-forsk-coding-school.webp,PENDING,DEMO – VERIFY BEFORE PUBLISH
FCS-M450,Avni Jain,MLOps & AI Deployment,MLOps Trainer,https://forskcodingschool.com/mentors/avni-jain-mlops-trainer-jaipur/,avni-jain-mlops-trainer-jaipur,avni-jain-mlops-trainer-jaipur-forsk-coding-school.webp,PENDING,DEMO – VERIFY BEFORE PUBLISH
FCS-M451,Kavya Patil,Database Administration & MySQL/PostgreSQL,Database Trainer,https://forskcodingschool.com/mentors/kavya-patil-database-trainer-jaipur/,kavya-patil-database-trainer-jaipur,kavya-patil-database-trainer-jaipur-forsk-coding-school.webp,PENDING,DEMO – VERIFY BEFORE PUBLISH
FCS-M452,Radhika Reddy,Database Administration & MySQL/PostgreSQL,Database Trainer,https://forskcodingschool.com/mentors/radhika-reddy-database-trainer-jaipur/,radhika-reddy-database-trainer-jaipur,radhika-reddy-database-trainer-jaipur-forsk-coding-school.webp,PENDING,DEMO – VERIFY BEFORE PUBLISH
FCS-M453,Charu Yadav,Database Administration & MySQL/PostgreSQL,Database Trainer,https://forskcodingschool.com/mentors/charu-yadav-database-trainer-jaipur/,charu-yadav-database-trainer-jaipur,charu-yadav-database-trainer-jaipur-forsk-coding-school.webp,PENDING,DEMO – VERIFY BEFORE PUBLISH
FCS-M454,Mahima Maheshwari,Database Administration & MySQL/PostgreSQL,Database Trainer,https://forskcodingschool.com/mentors/mahima-maheshwari-database-trainer-jaipur/,mahima-maheshwari-database-trainer-jaipur,mahima-maheshwari-database-trainer-jaipur-forsk-coding-school.webp,PENDING,DEMO – VERIFY BEFORE PUBLISH
FCS-M455,Manish Malhotra,Database Administration & MySQL/PostgreSQL,Database Trainer,https://forskcodingschool.com/mentors/manish-malhotra-database-trainer-jaipur/,manish-malhotra-database-trainer-jaipur,manish-malhotra-database-trainer-jaipur-forsk-coding-school.webp,PENDING,DEMO – VERIFY BEFORE PUBLISH
FCS-M456,Swati Mittal,Database Administration & MySQL/PostgreSQL,Database Trainer,https://forskcodingschool.com/mentors/swati-mittal-database-trainer-jaipur/,swati-mittal-database-trainer-jaipur,swati-mittal-database-trainer-jaipur-forsk-coding-school.webp,PENDING,DEMO – VERIFY BEFORE PUBLISH
FCS-M457,Sameer Tripathi,Database Administration & MySQL/PostgreSQL,Database Trainer,https://forskcodingschool.com/mentors/sameer-tripathi-database-trainer-jaipur/,sameer-tripathi-database-trainer-jaipur,sameer-tripathi-database-trainer-jaipur-forsk-coding-school.webp,PENDING,DEMO – VERIFY BEFORE PUBLISH
FCS-M458,Diya Iyer,Database Administration & MySQL/PostgreSQL,Database Trainer,https://forskcodingschool.com/mentors/diya-iyer-database-trainer-jaipur/,diya-iyer-database-trainer-jaipur,diya-iyer-database-trainer-jaipur-forsk-coding-school.webp,PENDING,DEMO – VERIFY BEFORE PUBLISH
FCS-M459,Manish Desai,Database Administration & MySQL/PostgreSQL,Database Trainer,https://forskcodingschool.com/mentors/manish-desai-database-trainer-jaipur/,manish-desai-database-trainer-jaipur,manish-desai-database-trainer-jaipur-forsk-coding-school.webp,PENDING,DEMO – VERIFY BEFORE PUBLISH
FCS-M460,Ishita Kashyap,Database Administration & MySQL/PostgreSQL,Database Trainer,https://forskcodingschool.com/mentors/ishita-kashyap-database-trainer-jaipur/,ishita-kashyap-database-trainer-jaipur,ishita-kashyap-database-trainer-jaipur-forsk-coding-school.webp,PENDING,DEMO – VERIFY BEFORE PUBLISH
FCS-M461,Ananya Kohli,Web Scraping & Automation,Python Automation Trainer,https://forskcodingschool.com/mentors/ananya-kohli-python-automation-trainer-jaipur/,ananya-kohli-python-automation-trainer-jaipur,ananya-kohli-python-automation-trainer-jaipur-forsk-coding-school.webp,PENDING,DEMO – VERIFY BEFORE PUBLISH
FCS-M462,Saanvi Mishra,Web Scraping & Automation,Python Automation Trainer,https://forskcodingschool.com/mentors/saanvi-mishra-python-automation-trainer-jaipur/,saanvi-mishra-python-automation-trainer-jaipur,saanvi-mishra-python-automation-trainer-jaipur-forsk-coding-school.webp,PENDING,DEMO – VERIFY BEFORE PUBLISH
FCS-M463,Krishna Das,Web Scraping & Automation,Python Automation Trainer,https://forskcodingschool.com/mentors/krishna-das-python-automation-trainer-jaipur/,krishna-das-python-automation-trainer-jaipur,krishna-das-python-automation-trainer-jaipur-forsk-coding-school.webp,PENDING,DEMO – VERIFY BEFORE PUBLISH
FCS-M464,Vivaan Choudhary,Web Scraping & Automation,Python Automation Trainer,https://forskcodingschool.com/mentors/vivaan-choudhary-python-automation-trainer-jaipur/,vivaan-choudhary-python-automation-trainer-jaipur,vivaan-choudhary-python-automation-trainer-jaipur-forsk-coding-school.webp,PENDING,DEMO – VERIFY BEFORE PUBLISH
FCS-M465,Muskan Ahuja,Web Scraping & Automation,Python Automation Trainer,https://forskcodingschool.com/mentors/muskan-ahuja-python-automation-trainer-jaipur/,muskan-ahuja-python-automation-trainer-jaipur,muskan-ahuja-python-automation-trainer-jaipur-forsk-coding-school.webp,PENDING,DEMO – VERIFY BEFORE PUBLISH
FCS-M466,Reyansh Chauhan,Web Scraping & Automation,Python Automation Trainer,https://forskcodingschool.com/mentors/reyansh-chauhan-python-automation-trainer-jaipur/,reyansh-chauhan-python-automation-trainer-jaipur,reyansh-chauhan-python-automation-trainer-jaipur-forsk-coding-school.webp,PENDING,DEMO – VERIFY BEFORE PUBLISH
FCS-M467,Vishal Malhotra,Web Scraping & Automation,Python Automation Trainer,https://forskcodingschool.com/mentors/vishal-malhotra-python-automation-trainer-jaipur/,vishal-malhotra-python-automation-trainer-jaipur,vishal-malhotra-python-automation-trainer-jaipur-forsk-coding-school.webp,PENDING,DEMO – VERIFY BEFORE PUBLISH
FCS-M468,Avni Rao,Web Scraping & Automation,Python Automation Trainer,https://forskcodingschool.com/mentors/avni-rao-python-automation-trainer-jaipur/,avni-rao-python-automation-trainer-jaipur,avni-rao-python-automation-trainer-jaipur-forsk-coding-school.webp,PENDING,DEMO – VERIFY BEFORE PUBLISH
FCS-M469,Vani Tiwari,Web Scraping & Automation,Python Automation Trainer,https://forskcodingschool.com/mentors/vani-tiwari-python-automation-trainer-jaipur/,vani-tiwari-python-automation-trainer-jaipur,vani-tiwari-python-automation-trainer-jaipur-forsk-coding-school.webp,PENDING,DEMO – VERIFY BEFORE PUBLISH
FCS-M470,Nikita Rao,Web Scraping & Automation,Python Automation Trainer,https://forskcodingschool.com/mentors/nikita-rao-python-automation-trainer-jaipur/,nikita-rao-python-automation-trainer-jaipur,nikita-rao-python-automation-trainer-jaipur-forsk-coding-school.webp,PENDING,DEMO – VERIFY BEFORE PUBLISH
FCS-M471,Palak Ghosh,Aptitude & Technical Interview Prep,Interview Preparation Mentor,https://forskcodingschool.com/mentors/palak-ghosh-interview-preparation-mentor-jaipur/,palak-ghosh-interview-preparation-mentor-jaipur,palak-ghosh-interview-preparation-mentor-jaipur-forsk-coding-school.webp,PENDING,DEMO – VERIFY BEFORE PUBLISH
FCS-M472,Kritika Vyas,Aptitude & Technical Interview Prep,Interview Preparation Mentor,https://forskcodingschool.com/mentors/kritika-vyas-interview-preparation-mentor-jaipur/,kritika-vyas-interview-preparation-mentor-jaipur,kritika-vyas-interview-preparation-mentor-jaipur-forsk-coding-school.webp,PENDING,DEMO – VERIFY BEFORE PUBLISH
FCS-M473,Tanvi Sodhi,Aptitude & Technical Interview Prep,Interview Preparation Mentor,https://forskcodingschool.com/mentors/tanvi-sodhi-interview-preparation-mentor-jaipur/,tanvi-sodhi-interview-preparation-mentor-jaipur,tanvi-sodhi-interview-preparation-mentor-jaipur-forsk-coding-school.webp,PENDING,DEMO – VERIFY BEFORE PUBLISH
FCS-M474,Radhika Sodhi,Aptitude & Technical Interview Prep,Interview Preparation Mentor,https://forskcodingschool.com/mentors/radhika-sodhi-interview-preparation-mentor-jaipur/,radhika-sodhi-interview-preparation-mentor-jaipur,radhika-sodhi-interview-preparation-mentor-jaipur-forsk-coding-school.webp,PENDING,DEMO – VERIFY BEFORE PUBLISH
FCS-M475,Siya Tripathi,Aptitude & Technical Interview Prep,Interview Preparation Mentor,https://forskcodingschool.com/mentors/siya-tripathi-interview-preparation-mentor-jaipur/,siya-tripathi-interview-preparation-mentor-jaipur,siya-tripathi-interview-preparation-mentor-jaipur-forsk-coding-school.webp,PENDING,DEMO – VERIFY BEFORE PUBLISH
FCS-M476,Urvashi Yadav,Aptitude & Technical Interview Prep,Interview Preparation Mentor,https://forskcodingschool.com/mentors/urvashi-yadav-interview-preparation-mentor-jaipur/,urvashi-yadav-interview-preparation-mentor-jaipur,urvashi-yadav-interview-preparation-mentor-jaipur-forsk-coding-school.webp,PENDING,DEMO – VERIFY BEFORE PUBLISH
FCS-M477,Yash Chawla,Aptitude & Technical Interview Prep,Interview Preparation Mentor,https://forskcodingschool.com/mentors/yash-chawla-interview-preparation-mentor-jaipur/,yash-chawla-interview-preparation-mentor-jaipur,yash-chawla-interview-preparation-mentor-jaipur-forsk-coding-school.webp,PENDING,DEMO – VERIFY BEFORE PUBLISH
FCS-M478,Kavya Desai,Aptitude & Technical Interview Prep,Interview Preparation Mentor,https://forskcodingschool.com/mentors/kavya-desai-interview-preparation-mentor-jaipur/,kavya-desai-interview-preparation-mentor-jaipur,kavya-desai-interview-preparation-mentor-jaipur-forsk-coding-school.webp,PENDING,DEMO – VERIFY BEFORE PUBLISH
FCS-M479,Naina Gill,Aptitude & Technical Interview Prep,Interview Preparation Mentor,https://forskcodingschool.com/mentors/naina-gill-interview-preparation-mentor-jaipur/,naina-gill-interview-preparation-mentor-jaipur,naina-gill-interview-preparation-mentor-jaipur-forsk-coding-school.webp,PENDING,DEMO – VERIFY BEFORE PUBLISH
FCS-M480,Piyush Wadhwa,Aptitude & Technical Interview Prep,Interview Preparation Mentor,https://forskcodingschool.com/mentors/piyush-wadhwa-interview-preparation-mentor-jaipur/,piyush-wadhwa-interview-preparation-mentor-jaipur,piyush-wadhwa-interview-preparation-mentor-jaipur-forsk-coding-school.webp,PENDING,DEMO – VERIFY BEFORE PUBLISH
FCS-M481,Vishal Goel,Computer Fundamentals & IT Skills,Computer Fundamentals Trainer,https://forskcodingschool.com/mentors/vishal-goel-computer-fundamentals-trainer-jaipur/,vishal-goel-computer-fundamentals-trainer-jaipur,vishal-goel-computer-fundamentals-trainer-jaipur-forsk-coding-school.webp,PENDING,DEMO – VERIFY BEFORE PUBLISH
FCS-M482,Nikhil Iyer,Computer Fundamentals & IT Skills,Computer Fundamentals Trainer,https://forskcodingschool.com/mentors/nikhil-iyer-computer-fundamentals-trainer-jaipur/,nikhil-iyer-computer-fundamentals-trainer-jaipur,nikhil-iyer-computer-fundamentals-trainer-jaipur-forsk-coding-school.webp,PENDING,DEMO – VERIFY BEFORE PUBLISH
FCS-M483,Vidhi Pandey,Computer Fundamentals & IT Skills,Computer Fundamentals Trainer,https://forskcodingschool.com/mentors/vidhi-pandey-computer-fundamentals-trainer-jaipur/,vidhi-pandey-computer-fundamentals-trainer-jaipur,vidhi-pandey-computer-fundamentals-trainer-jaipur-forsk-coding-school.webp,PENDING,DEMO – VERIFY BEFORE PUBLISH
FCS-M484,Ekta Ghosh,Computer Fundamentals & IT Skills,Computer Fundamentals Trainer,https://forskcodingschool.com/mentors/ekta-ghosh-computer-fundamentals-trainer-jaipur/,ekta-ghosh-computer-fundamentals-trainer-jaipur,ekta-ghosh-computer-fundamentals-trainer-jaipur-forsk-coding-school.webp,PENDING,DEMO – VERIFY BEFORE PUBLISH
FCS-M485,Neha Rathore,Computer Fundamentals & IT Skills,Computer Fundamentals Trainer,https://forskcodingschool.com/mentors/neha-rathore-computer-fundamentals-trainer-jaipur/,neha-rathore-computer-fundamentals-trainer-jaipur,neha-rathore-computer-fundamentals-trainer-jaipur-forsk-coding-school.webp,PENDING,DEMO – VERIFY BEFORE PUBLISH
FCS-M486,Hina Chauhan,Computer Fundamentals & IT Skills,Computer Fundamentals Trainer,https://forskcodingschool.com/mentors/hina-chauhan-computer-fundamentals-trainer-jaipur/,hina-chauhan-computer-fundamentals-trainer-jaipur,hina-chauhan-computer-fundamentals-trainer-jaipur-forsk-coding-school.webp,PENDING,DEMO – VERIFY BEFORE PUBLISH
FCS-M487,Kritika Mishra,Computer Fundamentals & IT Skills,Computer Fundamentals Trainer,https://forskcodingschool.com/mentors/kritika-mishra-computer-fundamentals-trainer-jaipur/,kritika-mishra-computer-fundamentals-trainer-jaipur,kritika-mishra-computer-fundamentals-trainer-jaipur-forsk-coding-school.webp,PENDING,DEMO – VERIFY BEFORE PUBLISH
FCS-M488,Sneha Pandey,Computer Fundamentals & IT Skills,Computer Fundamentals Trainer,https://forskcodingschool.com/mentors/sneha-pandey-computer-fundamentals-trainer-jaipur/,sneha-pandey-computer-fundamentals-trainer-jaipur,sneha-pandey-computer-fundamentals-trainer-jaipur-forsk-coding-school.webp,PENDING,DEMO – VERIFY BEFORE PUBLISH
FCS-M489,Ojasvi Nair,Computer Fundamentals & IT Skills,Computer Fundamentals Trainer,https://forskcodingschool.com/mentors/ojasvi-nair-computer-fundamentals-trainer-jaipur/,ojasvi-nair-computer-fundamentals-trainer-jaipur,ojasvi-nair-computer-fundamentals-trainer-jaipur-forsk-coding-school.webp,PENDING,DEMO – VERIFY BEFORE PUBLISH
FCS-M490,Deepika Wadhwa,Computer Fundamentals & IT Skills,Computer Fundamentals Trainer,https://forskcodingschool.com/mentors/deepika-wadhwa-computer-fundamentals-trainer-jaipur/,deepika-wadhwa-computer-fundamentals-trainer-jaipur,deepika-wadhwa-computer-fundamentals-trainer-jaipur-forsk-coding-school.webp,PENDING,DEMO – VERIFY BEFORE PUBLISH
FCS-M491,Urvashi Joshi,Data Visualization & Reporting,Data Visualization Trainer,https://forskcodingschool.com/mentors/urvashi-joshi-data-visualization-trainer-jaipur/,urvashi-joshi-data-visualization-trainer-jaipur,urvashi-joshi-data-visualization-trainer-jaipur-forsk-coding-school.webp,PENDING,DEMO – VERIFY BEFORE PUBLISH
FCS-M492,Vani Sodhi,Data Visualization & Reporting,Data Visualization Trainer,https://forskcodingschool.com/mentors/vani-sodhi-data-visualization-trainer-jaipur/,vani-sodhi-data-visualization-trainer-jaipur,vani-sodhi-data-visualization-trainer-jaipur-forsk-coding-school.webp,PENDING,DEMO – VERIFY BEFORE PUBLISH
FCS-M493,Isha Bajaj,Data Visualization & Reporting,Data Visualization Trainer,https://forskcodingschool.com/mentors/isha-bajaj-data-visualization-trainer-jaipur/,isha-bajaj-data-visualization-trainer-jaipur,isha-bajaj-data-visualization-trainer-jaipur-forsk-coding-school.webp,PENDING,DEMO – VERIFY BEFORE PUBLISH
FCS-M494,Dhruv Vyas,Data Visualization & Reporting,Data Visualization Trainer,https://forskcodingschool.com/mentors/dhruv-vyas-data-visualization-trainer-jaipur/,dhruv-vyas-data-visualization-trainer-jaipur,dhruv-vyas-data-visualization-trainer-jaipur-forsk-coding-school.webp,PENDING,DEMO – VERIFY BEFORE PUBLISH
FCS-M495,Sakshi Prasad,Data Visualization & Reporting,Data Visualization Trainer,https://forskcodingschool.com/mentors/sakshi-prasad-data-visualization-trainer-jaipur/,sakshi-prasad-data-visualization-trainer-jaipur,sakshi-prasad-data-visualization-trainer-jaipur-forsk-coding-school.webp,PENDING,DEMO – VERIFY BEFORE PUBLISH
FCS-M496,Ankit Goyal,Data Visualization & Reporting,Data Visualization Trainer,https://forskcodingschool.com/mentors/ankit-goyal-data-visualization-trainer-jaipur/,ankit-goyal-data-visualization-trainer-jaipur,ankit-goyal-data-visualization-trainer-jaipur-forsk-coding-school.webp,PENDING,DEMO – VERIFY BEFORE PUBLISH
FCS-M497,Tushar Dutta,Data Visualization & Reporting,Data Visualization Trainer,https://forskcodingschool.com/mentors/tushar-dutta-data-visualization-trainer-jaipur/,tushar-dutta-data-visualization-trainer-jaipur,tushar-dutta-data-visualization-trainer-jaipur-forsk-coding-school.webp,PENDING,DEMO – VERIFY BEFORE PUBLISH
FCS-M498,Kavya Bhardwaj,Data Visualization & Reporting,Data Visualization Trainer,https://forskcodingschool.com/mentors/kavya-bhardwaj-data-visualization-trainer-jaipur/,kavya-bhardwaj-data-visualization-trainer-jaipur,kavya-bhardwaj-data-visualization-trainer-jaipur-forsk-coding-school.webp,PENDING,DEMO – VERIFY BEFORE PUBLISH
FCS-M499,Piyush Rathore,Data Visualization & Reporting,Data Visualization Trainer,https://forskcodingschool.com/mentors/piyush-rathore-data-visualization-trainer-jaipur/,piyush-rathore-data-visualization-trainer-jaipur,piyush-rathore-data-visualization-trainer-jaipur-forsk-coding-school.webp,PENDING,DEMO – VERIFY BEFORE PUBLISH
FCS-M500,Saanvi Goel,Data Visualization & Reporting,Data Visualization Trainer,https://forskcodingschool.com/mentors/saanvi-goel-data-visualization-trainer-jaipur/,saanvi-goel-data-visualization-trainer-jaipur,saanvi-goel-data-visualization-trainer-jaipur-forsk-coding-school.webp,PENDING,DEMO – VERIFY BEFORE PUBLISH
