Mentor/Blog,Slug,Title,Subject,Audience,Image Filename,Image Path,Priority,Status
Blog,python-fundamentals-and-syntax-practical-roadmap-beginners,Python fundamentals and syntax Roadmap for Beginners,Python fundamentals and syntax,Beginners,python-fundamentals-and-syntax-practical-roadmap-beginners-forsk-coding-school.webp,blog/images/python-fundamentals-and-syntax-practical-roadmap-beginners-forsk-coding-school.webp,HIGH,GENERATE
Blog,python-fundamentals-and-syntax-project-ideas-and-practice-plan-beginners,Python fundamentals and syntax Projects for Beginners,Python fundamentals and syntax,Beginners,python-fundamentals-and-syntax-project-ideas-and-practice-plan-beginners-forsk-coding-school.webp,blog/images/python-fundamentals-and-syntax-project-ideas-and-practice-plan-beginners-forsk-coding-school.webp,HIGH,GENERATE
Blog,python-fundamentals-and-syntax-common-learning-mistakes-to-avoid-beginners,Python fundamentals and syntax Mistakes to Avoid for Beginners,Python fundamentals and syntax,Beginners,python-fundamentals-and-syntax-common-learning-mistakes-to-avoid-beginners-forsk-coding-school.webp,blog/images/python-fundamentals-and-syntax-common-learning-mistakes-to-avoid-beginners-forsk-coding-school.webp,HIGH,GENERATE
Blog,python-fundamentals-and-syntax-interview-preparation-guide-freshers,Python fundamentals and syntax Interview Guide for Freshers,Python fundamentals and syntax,Freshers,python-fundamentals-and-syntax-interview-preparation-guide-freshers-forsk-coding-school.webp,blog/images/python-fundamentals-and-syntax-interview-preparation-guide-freshers-forsk-coding-school.webp,HIGH,GENERATE
Blog,python-fundamentals-and-syntax-tools-workflow-and-skills-guide-working-professionals,Python fundamentals and syntax Workflow Guide for Working Professionals,Python fundamentals and syntax,Working Professionals,python-fundamentals-and-syntax-tools-workflow-and-skills-guide-working-professionals-forsk-coding-school.webp,blog/images/python-fundamentals-and-syntax-tools-workflow-and-skills-guide-working-professionals-forsk-coding-school.webp,HIGH,GENERATE
Blog,object-oriented-python-practical-roadmap-beginners,Object-oriented Python Roadmap for Beginners,Object-oriented Python,Beginners,object-oriented-python-practical-roadmap-beginners-forsk-coding-school.webp,blog/images/object-oriented-python-practical-roadmap-beginners-forsk-coding-school.webp,HIGH,GENERATE
Blog,object-oriented-python-project-ideas-and-practice-plan-beginners,Object-oriented Python Project Ideas and Practice Plan for Beginners,Object-oriented Python,Beginners,object-oriented-python-project-ideas-and-practice-plan-beginners-forsk-coding-school.webp,blog/images/object-oriented-python-project-ideas-and-practice-plan-beginners-forsk-coding-school.webp,HIGH,GENERATE
Blog,object-oriented-python-common-learning-mistakes-to-avoid-beginners,Object-oriented Python: Common Mistakes Beginners Should Avoid,Object-oriented Python,Beginners,object-oriented-python-common-learning-mistakes-to-avoid-beginners-forsk-coding-school.webp,blog/images/object-oriented-python-common-learning-mistakes-to-avoid-beginners-forsk-coding-school.webp,HIGH,GENERATE
Blog,object-oriented-python-interview-preparation-guide-freshers,Object-oriented Python Interview Preparation Guide for Freshers,Object-oriented Python,Freshers,object-oriented-python-interview-preparation-guide-freshers-forsk-coding-school.webp,blog/images/object-oriented-python-interview-preparation-guide-freshers-forsk-coding-school.webp,HIGH,GENERATE
Blog,object-oriented-python-tools-workflow-and-skills-guide-working-professionals,Object-oriented Python Workflow Guide for Working Professionals,Object-oriented Python,Working Professionals,object-oriented-python-tools-workflow-and-skills-guide-working-professionals-forsk-coding-school.webp,blog/images/object-oriented-python-tools-workflow-and-skills-guide-working-professionals-forsk-coding-school.webp,HIGH,GENERATE
Blog,python-apis-and-json-practical-roadmap-beginners,Python APIs and JSON: Beginner Roadmap from Fundamentals to Projects,Python APIs and JSON,Beginners,python-apis-and-json-practical-roadmap-beginners-forsk-coding-school.webp,blog/images/python-apis-and-json-practical-roadmap-beginners-forsk-coding-school.webp,HIGH,GENERATE
Blog,python-apis-and-json-project-ideas-and-practice-plan-beginners,Python APIs and JSON Project Ideas and Practice Plan for Beginners,Python APIs and JSON,Beginners,python-apis-and-json-project-ideas-and-practice-plan-beginners-forsk-coding-school.webp,blog/images/python-apis-and-json-project-ideas-and-practice-plan-beginners-forsk-coding-school.webp,HIGH,GENERATE
Blog,python-apis-and-json-common-learning-mistakes-to-avoid-beginners,Python APIs and JSON: Common Mistakes Beginners Should Avoid,Python APIs and JSON,Beginners,python-apis-and-json-common-learning-mistakes-to-avoid-beginners-forsk-coding-school.webp,blog/images/python-apis-and-json-common-learning-mistakes-to-avoid-beginners-forsk-coding-school.webp,HIGH,GENERATE
Blog,python-apis-and-json-interview-preparation-guide-freshers,Python APIs and JSON Interview Preparation Guide for Freshers,Python APIs and JSON,Freshers,python-apis-and-json-interview-preparation-guide-freshers-forsk-coding-school.webp,blog/images/python-apis-and-json-interview-preparation-guide-freshers-forsk-coding-school.webp,HIGH,GENERATE
Blog,python-apis-and-json-tools-workflow-and-skills-guide-working-professionals,Python APIs and JSON Workflow Guide for Working Professionals,Python APIs and JSON,Working Professionals,python-apis-and-json-tools-workflow-and-skills-guide-working-professionals-forsk-coding-school.webp,blog/images/python-apis-and-json-tools-workflow-and-skills-guide-working-professionals-forsk-coding-school.webp,HIGH,GENERATE
Blog,python-automation-workflows-practical-roadmap-beginners,Python automation workflows Roadmap for Beginners,Python automation workflows,Beginners,python-automation-workflows-practical-roadmap-beginners-forsk-coding-school.webp,blog/images/python-automation-workflows-practical-roadmap-beginners-forsk-coding-school.webp,HIGH,GENERATE
Blog,python-automation-workflows-project-ideas-and-practice-plan-beginners,Python automation workflows Projects for Beginners,Python automation workflows,Beginners,python-automation-workflows-project-ideas-and-practice-plan-beginners-forsk-coding-school.webp,blog/images/python-automation-workflows-project-ideas-and-practice-plan-beginners-forsk-coding-school.webp,HIGH,GENERATE
Blog,python-automation-workflows-common-learning-mistakes-to-avoid-beginners,Python automation workflows: Common Mistakes Beginners Should Avoid,Python automation workflows,Beginners,python-automation-workflows-common-learning-mistakes-to-avoid-beginners-forsk-coding-school.webp,blog/images/python-automation-workflows-common-learning-mistakes-to-avoid-beginners-forsk-coding-school.webp,HIGH,GENERATE
Blog,python-automation-workflows-interview-preparation-guide-freshers,Python automation workflows Interview Preparation Guide for Freshers,Python automation workflows,Freshers,python-automation-workflows-interview-preparation-guide-freshers-forsk-coding-school.webp,blog/images/python-automation-workflows-interview-preparation-guide-freshers-forsk-coding-school.webp,HIGH,GENERATE
Blog,python-automation-workflows-tools-workflow-and-skills-guide-working-professionals,Python automation workflows Workflow Guide for Working Professionals,Python automation workflows,Working Professionals,python-automation-workflows-tools-workflow-and-skills-guide-working-professionals-forsk-coding-school.webp,blog/images/python-automation-workflows-tools-workflow-and-skills-guide-working-professionals-forsk-coding-school.webp,HIGH,GENERATE
Blog,python-project-development-practical-roadmap-beginners,Python project development Roadmap for Beginners,Python project development,Beginners,python-project-development-practical-roadmap-beginners-forsk-coding-school.webp,blog/images/python-project-development-practical-roadmap-beginners-forsk-coding-school.webp,HIGH,GENERATE
Blog,python-project-development-project-ideas-and-practice-plan-beginners,Python project development Projects for Beginners,Python project development,Beginners,python-project-development-project-ideas-and-practice-plan-beginners-forsk-coding-school.webp,blog/images/python-project-development-project-ideas-and-practice-plan-beginners-forsk-coding-school.webp,HIGH,GENERATE
Blog,python-project-development-common-learning-mistakes-to-avoid-beginners,Python project development: Common Mistakes Beginners Should Avoid,Python project development,Beginners,python-project-development-common-learning-mistakes-to-avoid-beginners-forsk-coding-school.webp,blog/images/python-project-development-common-learning-mistakes-to-avoid-beginners-forsk-coding-school.webp,HIGH,GENERATE
Blog,python-project-development-interview-preparation-guide-freshers,Python project development Interview Preparation Guide for Freshers,Python project development,Freshers,python-project-development-interview-preparation-guide-freshers-forsk-coding-school.webp,blog/images/python-project-development-interview-preparation-guide-freshers-forsk-coding-school.webp,HIGH,GENERATE
Blog,python-project-development-tools-workflow-and-skills-guide-working-professionals,Python project development Workflow Guide for Working Professionals,Python project development,Working Professionals,python-project-development-tools-workflow-and-skills-guide-working-professionals-forsk-coding-school.webp,blog/images/python-project-development-tools-workflow-and-skills-guide-working-professionals-forsk-coding-school.webp,HIGH,GENERATE
Blog,core-java-foundations-practical-roadmap-beginners,Core Java foundations Roadmap for Beginners,Core Java foundations,Beginners,core-java-foundations-practical-roadmap-beginners-forsk-coding-school.webp,blog/images/core-java-foundations-practical-roadmap-beginners-forsk-coding-school.webp,HIGH,GENERATE
Blog,core-java-foundations-project-ideas-and-practice-plan-beginners,Core Java foundations Project Ideas and Practice Plan for Beginners,Core Java foundations,Beginners,core-java-foundations-project-ideas-and-practice-plan-beginners-forsk-coding-school.webp,blog/images/core-java-foundations-project-ideas-and-practice-plan-beginners-forsk-coding-school.webp,HIGH,GENERATE
Blog,core-java-foundations-common-learning-mistakes-to-avoid-beginners,Core Java foundations: Common Mistakes Beginners Should Avoid,Core Java foundations,Beginners,core-java-foundations-common-learning-mistakes-to-avoid-beginners-forsk-coding-school.webp,blog/images/core-java-foundations-common-learning-mistakes-to-avoid-beginners-forsk-coding-school.webp,HIGH,GENERATE
Blog,core-java-foundations-interview-preparation-guide-freshers,Core Java foundations Interview Preparation Guide for Freshers,Core Java foundations,Freshers,core-java-foundations-interview-preparation-guide-freshers-forsk-coding-school.webp,blog/images/core-java-foundations-interview-preparation-guide-freshers-forsk-coding-school.webp,HIGH,GENERATE
Blog,core-java-foundations-tools-workflow-and-skills-guide-working-professionals,Core Java foundations Workflow Guide for Working Professionals,Core Java foundations,Working Professionals,core-java-foundations-tools-workflow-and-skills-guide-working-professionals-forsk-coding-school.webp,blog/images/core-java-foundations-tools-workflow-and-skills-guide-working-professionals-forsk-coding-school.webp,HIGH,GENERATE
Blog,java-oop-and-collections-practical-roadmap-beginners,Java OOP and collections Roadmap for Beginners,Java OOP and collections,Beginners,java-oop-and-collections-practical-roadmap-beginners-forsk-coding-school.webp,blog/images/java-oop-and-collections-practical-roadmap-beginners-forsk-coding-school.webp,HIGH,GENERATE
Blog,java-oop-and-collections-project-ideas-and-practice-plan-beginners,Java OOP and collections Projects for Beginners,Java OOP and collections,Beginners,java-oop-and-collections-project-ideas-and-practice-plan-beginners-forsk-coding-school.webp,blog/images/java-oop-and-collections-project-ideas-and-practice-plan-beginners-forsk-coding-school.webp,HIGH,GENERATE
Blog,java-oop-and-collections-common-learning-mistakes-to-avoid-beginners,Java OOP and collections: Common Mistakes Beginners Should Avoid,Java OOP and collections,Beginners,java-oop-and-collections-common-learning-mistakes-to-avoid-beginners-forsk-coding-school.webp,blog/images/java-oop-and-collections-common-learning-mistakes-to-avoid-beginners-forsk-coding-school.webp,HIGH,GENERATE
Blog,java-oop-and-collections-interview-preparation-guide-freshers,Java OOP and collections Interview Preparation Guide for Freshers,Java OOP and collections,Freshers,java-oop-and-collections-interview-preparation-guide-freshers-forsk-coding-school.webp,blog/images/java-oop-and-collections-interview-preparation-guide-freshers-forsk-coding-school.webp,HIGH,GENERATE
Blog,java-oop-and-collections-tools-workflow-and-skills-guide-working-professionals,Java OOP and collections Workflow Guide for Working Professionals,Java OOP and collections,Working Professionals,java-oop-and-collections-tools-workflow-and-skills-guide-working-professionals-forsk-coding-school.webp,blog/images/java-oop-and-collections-tools-workflow-and-skills-guide-working-professionals-forsk-coding-school.webp,HIGH,GENERATE
Blog,java-database-connectivity-practical-roadmap-beginners,Java database connectivity Roadmap for Beginners,Java database connectivity,Beginners,java-database-connectivity-practical-roadmap-beginners-forsk-coding-school.webp,blog/images/java-database-connectivity-practical-roadmap-beginners-forsk-coding-school.webp,HIGH,GENERATE
Blog,java-database-connectivity-project-ideas-and-practice-plan-beginners,Java database connectivity Projects for Beginners,Java database connectivity,Beginners,java-database-connectivity-project-ideas-and-practice-plan-beginners-forsk-coding-school.webp,blog/images/java-database-connectivity-project-ideas-and-practice-plan-beginners-forsk-coding-school.webp,HIGH,GENERATE
Blog,java-database-connectivity-common-learning-mistakes-to-avoid-beginners,Java database connectivity: Common Mistakes Beginners Should Avoid,Java database connectivity,Beginners,java-database-connectivity-common-learning-mistakes-to-avoid-beginners-forsk-coding-school.webp,blog/images/java-database-connectivity-common-learning-mistakes-to-avoid-beginners-forsk-coding-school.webp,HIGH,GENERATE
Blog,java-database-connectivity-interview-preparation-guide-freshers,Java database connectivity Interview Preparation Guide for Freshers,Java database connectivity,Freshers,java-database-connectivity-interview-preparation-guide-freshers-forsk-coding-school.webp,blog/images/java-database-connectivity-interview-preparation-guide-freshers-forsk-coding-school.webp,HIGH,GENERATE
Blog,java-database-connectivity-tools-workflow-and-skills-guide-working-professionals,Java database connectivity Workflow Guide for Working Professionals,Java database connectivity,Working Professionals,java-database-connectivity-tools-workflow-and-skills-guide-working-professionals-forsk-coding-school.webp,blog/images/java-database-connectivity-tools-workflow-and-skills-guide-working-professionals-forsk-coding-school.webp,HIGH,GENERATE
Blog,spring-boot-backend-development-practical-roadmap-beginners,Spring Boot backend development Roadmap for Beginners,Spring Boot backend development,Beginners,spring-boot-backend-development-practical-roadmap-beginners-forsk-coding-school.webp,blog/images/spring-boot-backend-development-practical-roadmap-beginners-forsk-coding-school.webp,HIGH,GENERATE
Blog,spring-boot-backend-development-project-ideas-and-practice-plan-beginners,Spring Boot backend development Projects for Beginners,Spring Boot backend development,Beginners,spring-boot-backend-development-project-ideas-and-practice-plan-beginners-forsk-coding-school.webp,blog/images/spring-boot-backend-development-project-ideas-and-practice-plan-beginners-forsk-coding-school.webp,HIGH,GENERATE
Blog,spring-boot-backend-development-common-learning-mistakes-to-avoid-beginners,Spring Boot backend development Mistakes to Avoid for Beginners,Spring Boot backend development,Beginners,spring-boot-backend-development-common-learning-mistakes-to-avoid-beginners-forsk-coding-school.webp,blog/images/spring-boot-backend-development-common-learning-mistakes-to-avoid-beginners-forsk-coding-school.webp,HIGH,GENERATE
Blog,spring-boot-backend-development-interview-preparation-guide-freshers,Spring Boot backend development Interview Guide for Freshers,Spring Boot backend development,Freshers,spring-boot-backend-development-interview-preparation-guide-freshers-forsk-coding-school.webp,blog/images/spring-boot-backend-development-interview-preparation-guide-freshers-forsk-coding-school.webp,HIGH,GENERATE
Blog,spring-boot-backend-development-tools-workflow-and-skills-guide-working-professionals,Spring Boot backend development Workflow Guide for Working Professionals,Spring Boot backend development,Working Professionals,spring-boot-backend-development-tools-workflow-and-skills-guide-working-professionals-forsk-coding-school.webp,blog/images/spring-boot-backend-development-tools-workflow-and-skills-guide-working-professionals-forsk-coding-school.webp,HIGH,GENERATE
Blog,java-microservices-fundamentals-practical-roadmap-beginners,Java microservices fundamentals Roadmap for Beginners,Java microservices fundamentals,Beginners,java-microservices-fundamentals-practical-roadmap-beginners-forsk-coding-school.webp,blog/images/java-microservices-fundamentals-practical-roadmap-beginners-forsk-coding-school.webp,HIGH,GENERATE
Blog,java-microservices-fundamentals-project-ideas-and-practice-plan-beginners,Java microservices fundamentals Projects for Beginners,Java microservices fundamentals,Beginners,java-microservices-fundamentals-project-ideas-and-practice-plan-beginners-forsk-coding-school.webp,blog/images/java-microservices-fundamentals-project-ideas-and-practice-plan-beginners-forsk-coding-school.webp,HIGH,GENERATE
Blog,java-microservices-fundamentals-common-learning-mistakes-to-avoid-beginners,Java microservices fundamentals Mistakes to Avoid for Beginners,Java microservices fundamentals,Beginners,java-microservices-fundamentals-common-learning-mistakes-to-avoid-beginners-forsk-coding-school.webp,blog/images/java-microservices-fundamentals-common-learning-mistakes-to-avoid-beginners-forsk-coding-school.webp,HIGH,GENERATE
Blog,java-microservices-fundamentals-interview-preparation-guide-freshers,Java microservices fundamentals Interview Guide for Freshers,Java microservices fundamentals,Freshers,java-microservices-fundamentals-interview-preparation-guide-freshers-forsk-coding-school.webp,blog/images/java-microservices-fundamentals-interview-preparation-guide-freshers-forsk-coding-school.webp,HIGH,GENERATE
Blog,java-microservices-fundamentals-tools-workflow-and-skills-guide-working-professionals,Java microservices fundamentals Workflow Guide for Working Professionals,Java microservices fundamentals,Working Professionals,java-microservices-fundamentals-tools-workflow-and-skills-guide-working-professionals-forsk-coding-school.webp,blog/images/java-microservices-fundamentals-tools-workflow-and-skills-guide-working-professionals-forsk-coding-school.webp,HIGH,GENERATE
Blog,javascript-fundamentals-practical-roadmap-beginners,JavaScript fundamentals Roadmap for Beginners,JavaScript fundamentals,Beginners,javascript-fundamentals-practical-roadmap-beginners-forsk-coding-school.webp,blog/images/javascript-fundamentals-practical-roadmap-beginners-forsk-coding-school.webp,HIGH,GENERATE
Blog,javascript-fundamentals-project-ideas-and-practice-plan-beginners,JavaScript fundamentals Projects for Beginners,JavaScript fundamentals,Beginners,javascript-fundamentals-project-ideas-and-practice-plan-beginners-forsk-coding-school.webp,blog/images/javascript-fundamentals-project-ideas-and-practice-plan-beginners-forsk-coding-school.webp,HIGH,GENERATE
Blog,javascript-fundamentals-common-learning-mistakes-to-avoid-beginners,JavaScript fundamentals: Common Mistakes Beginners Should Avoid,JavaScript fundamentals,Beginners,javascript-fundamentals-common-learning-mistakes-to-avoid-beginners-forsk-coding-school.webp,blog/images/javascript-fundamentals-common-learning-mistakes-to-avoid-beginners-forsk-coding-school.webp,HIGH,GENERATE
Blog,javascript-fundamentals-interview-preparation-guide-freshers,JavaScript fundamentals Interview Preparation Guide for Freshers,JavaScript fundamentals,Freshers,javascript-fundamentals-interview-preparation-guide-freshers-forsk-coding-school.webp,blog/images/javascript-fundamentals-interview-preparation-guide-freshers-forsk-coding-school.webp,HIGH,GENERATE
Blog,javascript-fundamentals-tools-workflow-and-skills-guide-working-professionals,JavaScript fundamentals Workflow Guide for Working Professionals,JavaScript fundamentals,Working Professionals,javascript-fundamentals-tools-workflow-and-skills-guide-working-professionals-forsk-coding-school.webp,blog/images/javascript-fundamentals-tools-workflow-and-skills-guide-working-professionals-forsk-coding-school.webp,HIGH,GENERATE
Blog,modern-es6-plus-javascript-practical-roadmap-beginners,Modern ES6+ JavaScript Roadmap for Beginners,Modern ES6+ JavaScript,Beginners,modern-es6-plus-javascript-practical-roadmap-beginners-forsk-coding-school.webp,blog/images/modern-es6-plus-javascript-practical-roadmap-beginners-forsk-coding-school.webp,HIGH,GENERATE
Blog,modern-es6-plus-javascript-project-ideas-and-practice-plan-beginners,Modern ES6+ JavaScript Project Ideas and Practice Plan for Beginners,Modern ES6+ JavaScript,Beginners,modern-es6-plus-javascript-project-ideas-and-practice-plan-beginners-forsk-coding-school.webp,blog/images/modern-es6-plus-javascript-project-ideas-and-practice-plan-beginners-forsk-coding-school.webp,HIGH,GENERATE
Blog,modern-es6-plus-javascript-common-learning-mistakes-to-avoid-beginners,Modern ES6+ JavaScript: Common Mistakes Beginners Should Avoid,Modern ES6+ JavaScript,Beginners,modern-es6-plus-javascript-common-learning-mistakes-to-avoid-beginners-forsk-coding-school.webp,blog/images/modern-es6-plus-javascript-common-learning-mistakes-to-avoid-beginners-forsk-coding-school.webp,HIGH,GENERATE
Blog,modern-es6-plus-javascript-interview-preparation-guide-freshers,Modern ES6+ JavaScript Interview Preparation Guide for Freshers,Modern ES6+ JavaScript,Freshers,modern-es6-plus-javascript-interview-preparation-guide-freshers-forsk-coding-school.webp,blog/images/modern-es6-plus-javascript-interview-preparation-guide-freshers-forsk-coding-school.webp,HIGH,GENERATE
Blog,modern-es6-plus-javascript-tools-workflow-and-skills-guide-working-professionals,Modern ES6+ JavaScript Workflow Guide for Working Professionals,Modern ES6+ JavaScript,Working Professionals,modern-es6-plus-javascript-tools-workflow-and-skills-guide-working-professionals-forsk-coding-school.webp,blog/images/modern-es6-plus-javascript-tools-workflow-and-skills-guide-working-professionals-forsk-coding-school.webp,HIGH,GENERATE
Blog,dom-and-browser-programming-practical-roadmap-beginners,DOM and browser programming Roadmap for Beginners,DOM and browser programming,Beginners,dom-and-browser-programming-practical-roadmap-beginners-forsk-coding-school.webp,blog/images/dom-and-browser-programming-practical-roadmap-beginners-forsk-coding-school.webp,HIGH,GENERATE
Blog,dom-and-browser-programming-project-ideas-and-practice-plan-beginners,DOM and browser programming Projects for Beginners,DOM and browser programming,Beginners,dom-and-browser-programming-project-ideas-and-practice-plan-beginners-forsk-coding-school.webp,blog/images/dom-and-browser-programming-project-ideas-and-practice-plan-beginners-forsk-coding-school.webp,HIGH,GENERATE
Blog,dom-and-browser-programming-common-learning-mistakes-to-avoid-beginners,DOM and browser programming: Common Mistakes Beginners Should Avoid,DOM and browser programming,Beginners,dom-and-browser-programming-common-learning-mistakes-to-avoid-beginners-forsk-coding-school.webp,blog/images/dom-and-browser-programming-common-learning-mistakes-to-avoid-beginners-forsk-coding-school.webp,HIGH,GENERATE
Blog,dom-and-browser-programming-interview-preparation-guide-freshers,DOM and browser programming Interview Preparation Guide for Freshers,DOM and browser programming,Freshers,dom-and-browser-programming-interview-preparation-guide-freshers-forsk-coding-school.webp,blog/images/dom-and-browser-programming-interview-preparation-guide-freshers-forsk-coding-school.webp,HIGH,GENERATE
Blog,dom-and-browser-programming-tools-workflow-and-skills-guide-working-professionals,DOM and browser programming Workflow Guide for Working Professionals,DOM and browser programming,Working Professionals,dom-and-browser-programming-tools-workflow-and-skills-guide-working-professionals-forsk-coding-school.webp,blog/images/dom-and-browser-programming-tools-workflow-and-skills-guide-working-professionals-forsk-coding-school.webp,HIGH,GENERATE
Blog,asynchronous-javascript-and-apis-practical-roadmap-beginners,Asynchronous JavaScript and APIs Roadmap for Beginners,Asynchronous JavaScript and APIs,Beginners,asynchronous-javascript-and-apis-practical-roadmap-beginners-forsk-coding-school.webp,blog/images/asynchronous-javascript-and-apis-practical-roadmap-beginners-forsk-coding-school.webp,HIGH,GENERATE
Blog,asynchronous-javascript-and-apis-project-ideas-and-practice-plan-beginners,Asynchronous JavaScript and APIs Projects for Beginners,Asynchronous JavaScript and APIs,Beginners,asynchronous-javascript-and-apis-project-ideas-and-practice-plan-beginners-forsk-coding-school.webp,blog/images/asynchronous-javascript-and-apis-project-ideas-and-practice-plan-beginners-forsk-coding-school.webp,HIGH,GENERATE
Blog,asynchronous-javascript-and-apis-common-learning-mistakes-to-avoid-beginners,Asynchronous JavaScript and APIs Mistakes to Avoid for Beginners,Asynchronous JavaScript and APIs,Beginners,asynchronous-javascript-and-apis-common-learning-mistakes-to-avoid-beginners-forsk-coding-school.webp,blog/images/asynchronous-javascript-and-apis-common-learning-mistakes-to-avoid-beginners-forsk-coding-school.webp,HIGH,GENERATE
Blog,asynchronous-javascript-and-apis-interview-preparation-guide-freshers,Asynchronous JavaScript and APIs Interview Guide for Freshers,Asynchronous JavaScript and APIs,Freshers,asynchronous-javascript-and-apis-interview-preparation-guide-freshers-forsk-coding-school.webp,blog/images/asynchronous-javascript-and-apis-interview-preparation-guide-freshers-forsk-coding-school.webp,HIGH,GENERATE
Blog,asynchronous-javascript-and-apis-tools-workflow-and-skills-guide-working-professionals,Asynchronous JavaScript and APIs Workflow Guide for Working Professionals,Asynchronous JavaScript and APIs,Working Professionals,asynchronous-javascript-and-apis-tools-workflow-and-skills-guide-working-professionals-forsk-coding-school.webp,blog/images/asynchronous-javascript-and-apis-tools-workflow-and-skills-guide-working-professionals-forsk-coding-school.webp,HIGH,GENERATE
Blog,javascript-project-architecture-practical-roadmap-beginners,JavaScript project architecture Roadmap for Beginners,JavaScript project architecture,Beginners,javascript-project-architecture-practical-roadmap-beginners-forsk-coding-school.webp,blog/images/javascript-project-architecture-practical-roadmap-beginners-forsk-coding-school.webp,HIGH,GENERATE
Blog,javascript-project-architecture-project-ideas-and-practice-plan-beginners,JavaScript project architecture Projects for Beginners,JavaScript project architecture,Beginners,javascript-project-architecture-project-ideas-and-practice-plan-beginners-forsk-coding-school.webp,blog/images/javascript-project-architecture-project-ideas-and-practice-plan-beginners-forsk-coding-school.webp,HIGH,GENERATE
Blog,javascript-project-architecture-common-learning-mistakes-to-avoid-beginners,JavaScript project architecture Mistakes to Avoid for Beginners,JavaScript project architecture,Beginners,javascript-project-architecture-common-learning-mistakes-to-avoid-beginners-forsk-coding-school.webp,blog/images/javascript-project-architecture-common-learning-mistakes-to-avoid-beginners-forsk-coding-school.webp,HIGH,GENERATE
Blog,javascript-project-architecture-interview-preparation-guide-freshers,JavaScript project architecture Interview Guide for Freshers,JavaScript project architecture,Freshers,javascript-project-architecture-interview-preparation-guide-freshers-forsk-coding-school.webp,blog/images/javascript-project-architecture-interview-preparation-guide-freshers-forsk-coding-school.webp,HIGH,GENERATE
Blog,javascript-project-architecture-tools-workflow-and-skills-guide-working-professionals,JavaScript project architecture Workflow Guide for Working Professionals,JavaScript project architecture,Working Professionals,javascript-project-architecture-tools-workflow-and-skills-guide-working-professionals-forsk-coding-school.webp,blog/images/javascript-project-architecture-tools-workflow-and-skills-guide-working-professionals-forsk-coding-school.webp,HIGH,GENERATE
Blog,mern-stack-foundations-practical-roadmap-beginners,MERN stack foundations Roadmap for Beginners,MERN stack foundations,Beginners,mern-stack-foundations-practical-roadmap-beginners-forsk-coding-school.webp,blog/images/mern-stack-foundations-practical-roadmap-beginners-forsk-coding-school.webp,HIGH,GENERATE
Blog,mern-stack-foundations-project-ideas-and-practice-plan-beginners,MERN stack foundations Project Ideas and Practice Plan for Beginners,MERN stack foundations,Beginners,mern-stack-foundations-project-ideas-and-practice-plan-beginners-forsk-coding-school.webp,blog/images/mern-stack-foundations-project-ideas-and-practice-plan-beginners-forsk-coding-school.webp,HIGH,GENERATE
Blog,mern-stack-foundations-common-learning-mistakes-to-avoid-beginners,MERN stack foundations: Common Mistakes Beginners Should Avoid,MERN stack foundations,Beginners,mern-stack-foundations-common-learning-mistakes-to-avoid-beginners-forsk-coding-school.webp,blog/images/mern-stack-foundations-common-learning-mistakes-to-avoid-beginners-forsk-coding-school.webp,HIGH,GENERATE
Blog,mern-stack-foundations-interview-preparation-guide-freshers,MERN stack foundations Interview Preparation Guide for Freshers,MERN stack foundations,Freshers,mern-stack-foundations-interview-preparation-guide-freshers-forsk-coding-school.webp,blog/images/mern-stack-foundations-interview-preparation-guide-freshers-forsk-coding-school.webp,HIGH,GENERATE
Blog,mern-stack-foundations-tools-workflow-and-skills-guide-working-professionals,MERN stack foundations Workflow Guide for Working Professionals,MERN stack foundations,Working Professionals,mern-stack-foundations-tools-workflow-and-skills-guide-working-professionals-forsk-coding-school.webp,blog/images/mern-stack-foundations-tools-workflow-and-skills-guide-working-professionals-forsk-coding-school.webp,HIGH,GENERATE
Blog,react-frontend-architecture-practical-roadmap-beginners,React frontend architecture Roadmap for Beginners,React frontend architecture,Beginners,react-frontend-architecture-practical-roadmap-beginners-forsk-coding-school.webp,blog/images/react-frontend-architecture-practical-roadmap-beginners-forsk-coding-school.webp,HIGH,GENERATE
Blog,react-frontend-architecture-project-ideas-and-practice-plan-beginners,React frontend architecture Projects for Beginners,React frontend architecture,Beginners,react-frontend-architecture-project-ideas-and-practice-plan-beginners-forsk-coding-school.webp,blog/images/react-frontend-architecture-project-ideas-and-practice-plan-beginners-forsk-coding-school.webp,HIGH,GENERATE
Blog,react-frontend-architecture-common-learning-mistakes-to-avoid-beginners,React frontend architecture: Common Mistakes Beginners Should Avoid,React frontend architecture,Beginners,react-frontend-architecture-common-learning-mistakes-to-avoid-beginners-forsk-coding-school.webp,blog/images/react-frontend-architecture-common-learning-mistakes-to-avoid-beginners-forsk-coding-school.webp,HIGH,GENERATE
Blog,react-frontend-architecture-interview-preparation-guide-freshers,React frontend architecture Interview Preparation Guide for Freshers,React frontend architecture,Freshers,react-frontend-architecture-interview-preparation-guide-freshers-forsk-coding-school.webp,blog/images/react-frontend-architecture-interview-preparation-guide-freshers-forsk-coding-school.webp,HIGH,GENERATE
Blog,react-frontend-architecture-tools-workflow-and-skills-guide-working-professionals,React frontend architecture Workflow Guide for Working Professionals,React frontend architecture,Working Professionals,react-frontend-architecture-tools-workflow-and-skills-guide-working-professionals-forsk-coding-school.webp,blog/images/react-frontend-architecture-tools-workflow-and-skills-guide-working-professionals-forsk-coding-school.webp,HIGH,GENERATE
Blog,node-and-express-backend-practical-roadmap-beginners,Node and Express backend Roadmap for Beginners,Node and Express backend,Beginners,node-and-express-backend-practical-roadmap-beginners-forsk-coding-school.webp,blog/images/node-and-express-backend-practical-roadmap-beginners-forsk-coding-school.webp,HIGH,GENERATE
Blog,node-and-express-backend-project-ideas-and-practice-plan-beginners,Node and Express backend Projects for Beginners,Node and Express backend,Beginners,node-and-express-backend-project-ideas-and-practice-plan-beginners-forsk-coding-school.webp,blog/images/node-and-express-backend-project-ideas-and-practice-plan-beginners-forsk-coding-school.webp,HIGH,GENERATE
Blog,node-and-express-backend-common-learning-mistakes-to-avoid-beginners,Node and Express backend: Common Mistakes Beginners Should Avoid,Node and Express backend,Beginners,node-and-express-backend-common-learning-mistakes-to-avoid-beginners-forsk-coding-school.webp,blog/images/node-and-express-backend-common-learning-mistakes-to-avoid-beginners-forsk-coding-school.webp,HIGH,GENERATE
Blog,node-and-express-backend-interview-preparation-guide-freshers,Node and Express backend Interview Preparation Guide for Freshers,Node and Express backend,Freshers,node-and-express-backend-interview-preparation-guide-freshers-forsk-coding-school.webp,blog/images/node-and-express-backend-interview-preparation-guide-freshers-forsk-coding-school.webp,HIGH,GENERATE
Blog,node-and-express-backend-tools-workflow-and-skills-guide-working-professionals,Node and Express backend Workflow Guide for Working Professionals,Node and Express backend,Working Professionals,node-and-express-backend-tools-workflow-and-skills-guide-working-professionals-forsk-coding-school.webp,blog/images/node-and-express-backend-tools-workflow-and-skills-guide-working-professionals-forsk-coding-school.webp,HIGH,GENERATE
Blog,mongodb-data-modeling-practical-roadmap-beginners,MongoDB data modeling Roadmap for Beginners,MongoDB data modeling,Beginners,mongodb-data-modeling-practical-roadmap-beginners-forsk-coding-school.webp,blog/images/mongodb-data-modeling-practical-roadmap-beginners-forsk-coding-school.webp,HIGH,GENERATE
Blog,mongodb-data-modeling-project-ideas-and-practice-plan-beginners,MongoDB data modeling Project Ideas and Practice Plan for Beginners,MongoDB data modeling,Beginners,mongodb-data-modeling-project-ideas-and-practice-plan-beginners-forsk-coding-school.webp,blog/images/mongodb-data-modeling-project-ideas-and-practice-plan-beginners-forsk-coding-school.webp,HIGH,GENERATE
Blog,mongodb-data-modeling-common-learning-mistakes-to-avoid-beginners,MongoDB data modeling: Common Mistakes Beginners Should Avoid,MongoDB data modeling,Beginners,mongodb-data-modeling-common-learning-mistakes-to-avoid-beginners-forsk-coding-school.webp,blog/images/mongodb-data-modeling-common-learning-mistakes-to-avoid-beginners-forsk-coding-school.webp,HIGH,GENERATE
Blog,mongodb-data-modeling-interview-preparation-guide-freshers,MongoDB data modeling Interview Preparation Guide for Freshers,MongoDB data modeling,Freshers,mongodb-data-modeling-interview-preparation-guide-freshers-forsk-coding-school.webp,blog/images/mongodb-data-modeling-interview-preparation-guide-freshers-forsk-coding-school.webp,HIGH,GENERATE
Blog,mongodb-data-modeling-tools-workflow-and-skills-guide-working-professionals,MongoDB data modeling Workflow Guide for Working Professionals,MongoDB data modeling,Working Professionals,mongodb-data-modeling-tools-workflow-and-skills-guide-working-professionals-forsk-coding-school.webp,blog/images/mongodb-data-modeling-tools-workflow-and-skills-guide-working-professionals-forsk-coding-school.webp,HIGH,GENERATE
Blog,mern-deployment-workflow-practical-roadmap-beginners,MERN deployment workflow Roadmap for Beginners,MERN deployment workflow,Beginners,mern-deployment-workflow-practical-roadmap-beginners-forsk-coding-school.webp,blog/images/mern-deployment-workflow-practical-roadmap-beginners-forsk-coding-school.webp,HIGH,GENERATE
Blog,mern-deployment-workflow-project-ideas-and-practice-plan-beginners,MERN deployment workflow Projects for Beginners,MERN deployment workflow,Beginners,mern-deployment-workflow-project-ideas-and-practice-plan-beginners-forsk-coding-school.webp,blog/images/mern-deployment-workflow-project-ideas-and-practice-plan-beginners-forsk-coding-school.webp,HIGH,GENERATE
Blog,mern-deployment-workflow-common-learning-mistakes-to-avoid-beginners,MERN deployment workflow: Common Mistakes Beginners Should Avoid,MERN deployment workflow,Beginners,mern-deployment-workflow-common-learning-mistakes-to-avoid-beginners-forsk-coding-school.webp,blog/images/mern-deployment-workflow-common-learning-mistakes-to-avoid-beginners-forsk-coding-school.webp,HIGH,GENERATE
Blog,mern-deployment-workflow-interview-preparation-guide-freshers,MERN deployment workflow Interview Preparation Guide for Freshers,MERN deployment workflow,Freshers,mern-deployment-workflow-interview-preparation-guide-freshers-forsk-coding-school.webp,blog/images/mern-deployment-workflow-interview-preparation-guide-freshers-forsk-coding-school.webp,HIGH,GENERATE
Blog,mern-deployment-workflow-tools-workflow-and-skills-guide-working-professionals,MERN deployment workflow Workflow Guide for Working Professionals,MERN deployment workflow,Working Professionals,mern-deployment-workflow-tools-workflow-and-skills-guide-working-professionals-forsk-coding-school.webp,blog/images/mern-deployment-workflow-tools-workflow-and-skills-guide-working-professionals-forsk-coding-school.webp,HIGH,GENERATE
Blog,full-stack-web-foundations-practical-roadmap-beginners,Full stack web foundations Roadmap for Beginners,Full stack web foundations,Beginners,full-stack-web-foundations-practical-roadmap-beginners-forsk-coding-school.webp,blog/images/full-stack-web-foundations-practical-roadmap-beginners-forsk-coding-school.webp,HIGH,GENERATE
Blog,full-stack-web-foundations-project-ideas-and-practice-plan-beginners,Full stack web foundations Projects for Beginners,Full stack web foundations,Beginners,full-stack-web-foundations-project-ideas-and-practice-plan-beginners-forsk-coding-school.webp,blog/images/full-stack-web-foundations-project-ideas-and-practice-plan-beginners-forsk-coding-school.webp,HIGH,GENERATE
Blog,full-stack-web-foundations-common-learning-mistakes-to-avoid-beginners,Full stack web foundations: Common Mistakes Beginners Should Avoid,Full stack web foundations,Beginners,full-stack-web-foundations-common-learning-mistakes-to-avoid-beginners-forsk-coding-school.webp,blog/images/full-stack-web-foundations-common-learning-mistakes-to-avoid-beginners-forsk-coding-school.webp,HIGH,GENERATE
Blog,full-stack-web-foundations-interview-preparation-guide-freshers,Full stack web foundations Interview Preparation Guide for Freshers,Full stack web foundations,Freshers,full-stack-web-foundations-interview-preparation-guide-freshers-forsk-coding-school.webp,blog/images/full-stack-web-foundations-interview-preparation-guide-freshers-forsk-coding-school.webp,HIGH,GENERATE
Blog,full-stack-web-foundations-tools-workflow-and-skills-guide-working-professionals,Full stack web foundations Workflow Guide for Working Professionals,Full stack web foundations,Working Professionals,full-stack-web-foundations-tools-workflow-and-skills-guide-working-professionals-forsk-coding-school.webp,blog/images/full-stack-web-foundations-tools-workflow-and-skills-guide-working-professionals-forsk-coding-school.webp,HIGH,GENERATE
Blog,frontend-to-backend-integration-practical-roadmap-beginners,Frontend to backend integration Roadmap for Beginners,Frontend to backend integration,Beginners,frontend-to-backend-integration-practical-roadmap-beginners-forsk-coding-school.webp,blog/images/frontend-to-backend-integration-practical-roadmap-beginners-forsk-coding-school.webp,HIGH,GENERATE
Blog,frontend-to-backend-integration-project-ideas-and-practice-plan-beginners,Frontend to backend integration Projects for Beginners,Frontend to backend integration,Beginners,frontend-to-backend-integration-project-ideas-and-practice-plan-beginners-forsk-coding-school.webp,blog/images/frontend-to-backend-integration-project-ideas-and-practice-plan-beginners-forsk-coding-school.webp,HIGH,GENERATE
Blog,frontend-to-backend-integration-common-learning-mistakes-to-avoid-beginners,Frontend to backend integration Mistakes to Avoid for Beginners,Frontend to backend integration,Beginners,frontend-to-backend-integration-common-learning-mistakes-to-avoid-beginners-forsk-coding-school.webp,blog/images/frontend-to-backend-integration-common-learning-mistakes-to-avoid-beginners-forsk-coding-school.webp,HIGH,GENERATE
Blog,frontend-to-backend-integration-interview-preparation-guide-freshers,Frontend to backend integration Interview Guide for Freshers,Frontend to backend integration,Freshers,frontend-to-backend-integration-interview-preparation-guide-freshers-forsk-coding-school.webp,blog/images/frontend-to-backend-integration-interview-preparation-guide-freshers-forsk-coding-school.webp,HIGH,GENERATE
Blog,frontend-to-backend-integration-tools-workflow-and-skills-guide-working-professionals,Frontend to backend integration Workflow Guide for Working Professionals,Frontend to backend integration,Working Professionals,frontend-to-backend-integration-tools-workflow-and-skills-guide-working-professionals-forsk-coding-school.webp,blog/images/frontend-to-backend-integration-tools-workflow-and-skills-guide-working-professionals-forsk-coding-school.webp,HIGH,GENERATE
Blog,rest-api-design-for-full-stack-practical-roadmap-beginners,REST API design for full stack Roadmap for Beginners,REST API design for full stack,Beginners,rest-api-design-for-full-stack-practical-roadmap-beginners-forsk-coding-school.webp,blog/images/rest-api-design-for-full-stack-practical-roadmap-beginners-forsk-coding-school.webp,HIGH,GENERATE
Blog,rest-api-design-for-full-stack-project-ideas-and-practice-plan-beginners,REST API design for full stack Projects for Beginners,REST API design for full stack,Beginners,rest-api-design-for-full-stack-project-ideas-and-practice-plan-beginners-forsk-coding-school.webp,blog/images/rest-api-design-for-full-stack-project-ideas-and-practice-plan-beginners-forsk-coding-school.webp,HIGH,GENERATE
Blog,rest-api-design-for-full-stack-common-learning-mistakes-to-avoid-beginners,REST API design for full stack Mistakes to Avoid for Beginners,REST API design for full stack,Beginners,rest-api-design-for-full-stack-common-learning-mistakes-to-avoid-beginners-forsk-coding-school.webp,blog/images/rest-api-design-for-full-stack-common-learning-mistakes-to-avoid-beginners-forsk-coding-school.webp,HIGH,GENERATE
Blog,rest-api-design-for-full-stack-interview-preparation-guide-freshers,REST API design for full stack Interview Guide for Freshers,REST API design for full stack,Freshers,rest-api-design-for-full-stack-interview-preparation-guide-freshers-forsk-coding-school.webp,blog/images/rest-api-design-for-full-stack-interview-preparation-guide-freshers-forsk-coding-school.webp,HIGH,GENERATE
Blog,rest-api-design-for-full-stack-tools-workflow-and-skills-guide-working-professionals,REST API design for full stack Workflow Guide for Working Professionals,REST API design for full stack,Working Professionals,rest-api-design-for-full-stack-tools-workflow-and-skills-guide-working-professionals-forsk-coding-school.webp,blog/images/rest-api-design-for-full-stack-tools-workflow-and-skills-guide-working-professionals-forsk-coding-school.webp,HIGH,GENERATE
Blog,authentication-and-application-security-practical-roadmap-beginners,Authentication and application security Roadmap for Beginners,Authentication and application security,Beginners,authentication-and-application-security-practical-roadmap-beginners-forsk-coding-school.webp,blog/images/authentication-and-application-security-practical-roadmap-beginners-forsk-coding-school.webp,HIGH,GENERATE
Blog,authentication-and-application-security-project-ideas-and-practice-plan-beginners,Authentication and application security Projects for Beginners,Authentication and application security,Beginners,authentication-and-application-security-project-ideas-and-practice-plan-beginners-forsk-coding-school.webp,blog/images/authentication-and-application-security-project-ideas-and-practice-plan-beginners-forsk-coding-school.webp,HIGH,GENERATE
Blog,authentication-and-application-security-common-learning-mistakes-to-avoid-beginners,Authentication and application security Mistakes to Avoid for Beginners,Authentication and application security,Beginners,authentication-and-application-security-common-learning-mistakes-to-avoid-beginners-forsk-coding-school.webp,blog/images/authentication-and-application-security-common-learning-mistakes-to-avoid-beginners-forsk-coding-school.webp,HIGH,GENERATE
Blog,authentication-and-application-security-interview-preparation-guide-freshers,Authentication and application security Interview Guide for Freshers,Authentication and application security,Freshers,authentication-and-application-security-interview-preparation-guide-freshers-forsk-coding-school.webp,blog/images/authentication-and-application-security-interview-preparation-guide-freshers-forsk-coding-school.webp,HIGH,GENERATE
Blog,authentication-and-application-security-tools-workflow-and-skills-guide-working-professionals,Authentication and application security Workflow Guide for Working Professionals,Authentication and application security,Working Professionals,authentication-and-application-security-tools-workflow-and-skills-guide-working-professionals-forsk-coding-school.webp,blog/images/authentication-and-application-security-tools-workflow-and-skills-guide-working-professionals-forsk-coding-school.webp,HIGH,GENERATE
Blog,full-stack-deployment-and-portfolio-practical-roadmap-beginners,Full stack deployment and portfolio Roadmap for Beginners,Full stack deployment and portfolio,Beginners,full-stack-deployment-and-portfolio-practical-roadmap-beginners-forsk-coding-school.webp,blog/images/full-stack-deployment-and-portfolio-practical-roadmap-beginners-forsk-coding-school.webp,HIGH,GENERATE
Blog,full-stack-deployment-and-portfolio-project-ideas-and-practice-plan-beginners,Full stack deployment and portfolio Projects for Beginners,Full stack deployment and portfolio,Beginners,full-stack-deployment-and-portfolio-project-ideas-and-practice-plan-beginners-forsk-coding-school.webp,blog/images/full-stack-deployment-and-portfolio-project-ideas-and-practice-plan-beginners-forsk-coding-school.webp,HIGH,GENERATE
Blog,full-stack-deployment-and-portfolio-common-learning-mistakes-to-avoid-beginners,Full stack deployment and portfolio Mistakes to Avoid for Beginners,Full stack deployment and portfolio,Beginners,full-stack-deployment-and-portfolio-common-learning-mistakes-to-avoid-beginners-forsk-coding-school.webp,blog/images/full-stack-deployment-and-portfolio-common-learning-mistakes-to-avoid-beginners-forsk-coding-school.webp,HIGH,GENERATE
Blog,full-stack-deployment-and-portfolio-interview-preparation-guide-freshers,Full stack deployment and portfolio Interview Guide for Freshers,Full stack deployment and portfolio,Freshers,full-stack-deployment-and-portfolio-interview-preparation-guide-freshers-forsk-coding-school.webp,blog/images/full-stack-deployment-and-portfolio-interview-preparation-guide-freshers-forsk-coding-school.webp,HIGH,GENERATE
Blog,full-stack-deployment-and-portfolio-tools-workflow-and-skills-guide-working-professionals,Full stack deployment and portfolio Workflow Guide for Working Professionals,Full stack deployment and portfolio,Working Professionals,full-stack-deployment-and-portfolio-tools-workflow-and-skills-guide-working-professionals-forsk-coding-school.webp,blog/images/full-stack-deployment-and-portfolio-tools-workflow-and-skills-guide-working-professionals-forsk-coding-school.webp,HIGH,GENERATE
Blog,sql-query-fundamentals-practical-roadmap-beginners,SQL query fundamentals Roadmap for Beginners,SQL query fundamentals,Beginners,sql-query-fundamentals-practical-roadmap-beginners-forsk-coding-school.webp,blog/images/sql-query-fundamentals-practical-roadmap-beginners-forsk-coding-school.webp,HIGH,GENERATE
Blog,sql-query-fundamentals-project-ideas-and-practice-plan-beginners,SQL query fundamentals Project Ideas and Practice Plan for Beginners,SQL query fundamentals,Beginners,sql-query-fundamentals-project-ideas-and-practice-plan-beginners-forsk-coding-school.webp,blog/images/sql-query-fundamentals-project-ideas-and-practice-plan-beginners-forsk-coding-school.webp,HIGH,GENERATE
Blog,sql-query-fundamentals-common-learning-mistakes-to-avoid-beginners,SQL query fundamentals: Common Mistakes Beginners Should Avoid,SQL query fundamentals,Beginners,sql-query-fundamentals-common-learning-mistakes-to-avoid-beginners-forsk-coding-school.webp,blog/images/sql-query-fundamentals-common-learning-mistakes-to-avoid-beginners-forsk-coding-school.webp,HIGH,GENERATE
Blog,sql-query-fundamentals-interview-preparation-guide-freshers,SQL query fundamentals Interview Preparation Guide for Freshers,SQL query fundamentals,Freshers,sql-query-fundamentals-interview-preparation-guide-freshers-forsk-coding-school.webp,blog/images/sql-query-fundamentals-interview-preparation-guide-freshers-forsk-coding-school.webp,HIGH,GENERATE
Blog,sql-query-fundamentals-tools-workflow-and-skills-guide-working-professionals,SQL query fundamentals Workflow Guide for Working Professionals,SQL query fundamentals,Working Professionals,sql-query-fundamentals-tools-workflow-and-skills-guide-working-professionals-forsk-coding-school.webp,blog/images/sql-query-fundamentals-tools-workflow-and-skills-guide-working-professionals-forsk-coding-school.webp,HIGH,GENERATE
Blog,sql-joins-and-relationships-practical-roadmap-beginners,SQL joins and relationships Roadmap for Beginners,SQL joins and relationships,Beginners,sql-joins-and-relationships-practical-roadmap-beginners-forsk-coding-school.webp,blog/images/sql-joins-and-relationships-practical-roadmap-beginners-forsk-coding-school.webp,HIGH,GENERATE
Blog,sql-joins-and-relationships-project-ideas-and-practice-plan-beginners,SQL joins and relationships Projects for Beginners,SQL joins and relationships,Beginners,sql-joins-and-relationships-project-ideas-and-practice-plan-beginners-forsk-coding-school.webp,blog/images/sql-joins-and-relationships-project-ideas-and-practice-plan-beginners-forsk-coding-school.webp,HIGH,GENERATE
Blog,sql-joins-and-relationships-common-learning-mistakes-to-avoid-beginners,SQL joins and relationships: Common Mistakes Beginners Should Avoid,SQL joins and relationships,Beginners,sql-joins-and-relationships-common-learning-mistakes-to-avoid-beginners-forsk-coding-school.webp,blog/images/sql-joins-and-relationships-common-learning-mistakes-to-avoid-beginners-forsk-coding-school.webp,HIGH,GENERATE
Blog,sql-joins-and-relationships-interview-preparation-guide-freshers,SQL joins and relationships Interview Preparation Guide for Freshers,SQL joins and relationships,Freshers,sql-joins-and-relationships-interview-preparation-guide-freshers-forsk-coding-school.webp,blog/images/sql-joins-and-relationships-interview-preparation-guide-freshers-forsk-coding-school.webp,HIGH,GENERATE
Blog,sql-joins-and-relationships-tools-workflow-and-skills-guide-working-professionals,SQL joins and relationships Workflow Guide for Working Professionals,SQL joins and relationships,Working Professionals,sql-joins-and-relationships-tools-workflow-and-skills-guide-working-professionals-forsk-coding-school.webp,blog/images/sql-joins-and-relationships-tools-workflow-and-skills-guide-working-professionals-forsk-coding-school.webp,HIGH,GENERATE
Blog,advanced-sql-analytics-practical-roadmap-beginners,Advanced SQL analytics Roadmap for Beginners,Advanced SQL analytics,Beginners,advanced-sql-analytics-practical-roadmap-beginners-forsk-coding-school.webp,blog/images/advanced-sql-analytics-practical-roadmap-beginners-forsk-coding-school.webp,HIGH,GENERATE
Blog,advanced-sql-analytics-project-ideas-and-practice-plan-beginners,Advanced SQL analytics Project Ideas and Practice Plan for Beginners,Advanced SQL analytics,Beginners,advanced-sql-analytics-project-ideas-and-practice-plan-beginners-forsk-coding-school.webp,blog/images/advanced-sql-analytics-project-ideas-and-practice-plan-beginners-forsk-coding-school.webp,HIGH,GENERATE
Blog,advanced-sql-analytics-common-learning-mistakes-to-avoid-beginners,Advanced SQL analytics: Common Mistakes Beginners Should Avoid,Advanced SQL analytics,Beginners,advanced-sql-analytics-common-learning-mistakes-to-avoid-beginners-forsk-coding-school.webp,blog/images/advanced-sql-analytics-common-learning-mistakes-to-avoid-beginners-forsk-coding-school.webp,HIGH,GENERATE
Blog,advanced-sql-analytics-interview-preparation-guide-freshers,Advanced SQL analytics Interview Preparation Guide for Freshers,Advanced SQL analytics,Freshers,advanced-sql-analytics-interview-preparation-guide-freshers-forsk-coding-school.webp,blog/images/advanced-sql-analytics-interview-preparation-guide-freshers-forsk-coding-school.webp,HIGH,GENERATE
Blog,advanced-sql-analytics-tools-workflow-and-skills-guide-working-professionals,Advanced SQL analytics Workflow Guide for Working Professionals,Advanced SQL analytics,Working Professionals,advanced-sql-analytics-tools-workflow-and-skills-guide-working-professionals-forsk-coding-school.webp,blog/images/advanced-sql-analytics-tools-workflow-and-skills-guide-working-professionals-forsk-coding-school.webp,HIGH,GENERATE
Blog,database-design-and-normalization-practical-roadmap-beginners,Database design and normalization Roadmap for Beginners,Database design and normalization,Beginners,database-design-and-normalization-practical-roadmap-beginners-forsk-coding-school.webp,blog/images/database-design-and-normalization-practical-roadmap-beginners-forsk-coding-school.webp,HIGH,GENERATE
Blog,database-design-and-normalization-project-ideas-and-practice-plan-beginners,Database design and normalization Projects for Beginners,Database design and normalization,Beginners,database-design-and-normalization-project-ideas-and-practice-plan-beginners-forsk-coding-school.webp,blog/images/database-design-and-normalization-project-ideas-and-practice-plan-beginners-forsk-coding-school.webp,HIGH,GENERATE
Blog,database-design-and-normalization-common-learning-mistakes-to-avoid-beginners,Database design and normalization Mistakes to Avoid for Beginners,Database design and normalization,Beginners,database-design-and-normalization-common-learning-mistakes-to-avoid-beginners-forsk-coding-school.webp,blog/images/database-design-and-normalization-common-learning-mistakes-to-avoid-beginners-forsk-coding-school.webp,HIGH,GENERATE
Blog,database-design-and-normalization-interview-preparation-guide-freshers,Database design and normalization Interview Guide for Freshers,Database design and normalization,Freshers,database-design-and-normalization-interview-preparation-guide-freshers-forsk-coding-school.webp,blog/images/database-design-and-normalization-interview-preparation-guide-freshers-forsk-coding-school.webp,HIGH,GENERATE
Blog,database-design-and-normalization-tools-workflow-and-skills-guide-working-professionals,Database design and normalization Workflow Guide for Working Professionals,Database design and normalization,Working Professionals,database-design-and-normalization-tools-workflow-and-skills-guide-working-professionals-forsk-coding-school.webp,blog/images/database-design-and-normalization-tools-workflow-and-skills-guide-working-professionals-forsk-coding-school.webp,HIGH,GENERATE
Blog,sql-performance-and-reporting-practical-roadmap-beginners,SQL performance and reporting Roadmap for Beginners,SQL performance and reporting,Beginners,sql-performance-and-reporting-practical-roadmap-beginners-forsk-coding-school.webp,blog/images/sql-performance-and-reporting-practical-roadmap-beginners-forsk-coding-school.webp,HIGH,GENERATE
Blog,sql-performance-and-reporting-project-ideas-and-practice-plan-beginners,SQL performance and reporting Projects for Beginners,SQL performance and reporting,Beginners,sql-performance-and-reporting-project-ideas-and-practice-plan-beginners-forsk-coding-school.webp,blog/images/sql-performance-and-reporting-project-ideas-and-practice-plan-beginners-forsk-coding-school.webp,HIGH,GENERATE
Blog,sql-performance-and-reporting-common-learning-mistakes-to-avoid-beginners,SQL performance and reporting Mistakes to Avoid for Beginners,SQL performance and reporting,Beginners,sql-performance-and-reporting-common-learning-mistakes-to-avoid-beginners-forsk-coding-school.webp,blog/images/sql-performance-and-reporting-common-learning-mistakes-to-avoid-beginners-forsk-coding-school.webp,HIGH,GENERATE
Blog,sql-performance-and-reporting-interview-preparation-guide-freshers,SQL performance and reporting Interview Guide for Freshers,SQL performance and reporting,Freshers,sql-performance-and-reporting-interview-preparation-guide-freshers-forsk-coding-school.webp,blog/images/sql-performance-and-reporting-interview-preparation-guide-freshers-forsk-coding-school.webp,HIGH,GENERATE
Blog,sql-performance-and-reporting-tools-workflow-and-skills-guide-working-professionals,SQL performance and reporting Workflow Guide for Working Professionals,SQL performance and reporting,Working Professionals,sql-performance-and-reporting-tools-workflow-and-skills-guide-working-professionals-forsk-coding-school.webp,blog/images/sql-performance-and-reporting-tools-workflow-and-skills-guide-working-professionals-forsk-coding-school.webp,HIGH,GENERATE
Blog,excel-fundamentals-for-analysis-practical-roadmap-beginners,Excel fundamentals for analysis Roadmap for Beginners,Excel fundamentals for analysis,Beginners,excel-fundamentals-for-analysis-practical-roadmap-beginners-forsk-coding-school.webp,blog/images/excel-fundamentals-for-analysis-practical-roadmap-beginners-forsk-coding-school.webp,HIGH,GENERATE
Blog,excel-fundamentals-for-analysis-project-ideas-and-practice-plan-beginners,Excel fundamentals for analysis Projects for Beginners,Excel fundamentals for analysis,Beginners,excel-fundamentals-for-analysis-project-ideas-and-practice-plan-beginners-forsk-coding-school.webp,blog/images/excel-fundamentals-for-analysis-project-ideas-and-practice-plan-beginners-forsk-coding-school.webp,HIGH,GENERATE
Blog,excel-fundamentals-for-analysis-common-learning-mistakes-to-avoid-beginners,Excel fundamentals for analysis Mistakes to Avoid for Beginners,Excel fundamentals for analysis,Beginners,excel-fundamentals-for-analysis-common-learning-mistakes-to-avoid-beginners-forsk-coding-school.webp,blog/images/excel-fundamentals-for-analysis-common-learning-mistakes-to-avoid-beginners-forsk-coding-school.webp,HIGH,GENERATE
Blog,excel-fundamentals-for-analysis-interview-preparation-guide-freshers,Excel fundamentals for analysis Interview Guide for Freshers,Excel fundamentals for analysis,Freshers,excel-fundamentals-for-analysis-interview-preparation-guide-freshers-forsk-coding-school.webp,blog/images/excel-fundamentals-for-analysis-interview-preparation-guide-freshers-forsk-coding-school.webp,HIGH,GENERATE
Blog,excel-fundamentals-for-analysis-tools-workflow-and-skills-guide-working-professionals,Excel fundamentals for analysis Workflow Guide for Working Professionals,Excel fundamentals for analysis,Working Professionals,excel-fundamentals-for-analysis-tools-workflow-and-skills-guide-working-professionals-forsk-coding-school.webp,blog/images/excel-fundamentals-for-analysis-tools-workflow-and-skills-guide-working-professionals-forsk-coding-school.webp,HIGH,GENERATE
Blog,advanced-excel-formulas-practical-roadmap-beginners,Advanced Excel formulas Roadmap for Beginners,Advanced Excel formulas,Beginners,advanced-excel-formulas-practical-roadmap-beginners-forsk-coding-school.webp,blog/images/advanced-excel-formulas-practical-roadmap-beginners-forsk-coding-school.webp,HIGH,GENERATE
Blog,advanced-excel-formulas-project-ideas-and-practice-plan-beginners,Advanced Excel formulas Projects for Beginners,Advanced Excel formulas,Beginners,advanced-excel-formulas-project-ideas-and-practice-plan-beginners-forsk-coding-school.webp,blog/images/advanced-excel-formulas-project-ideas-and-practice-plan-beginners-forsk-coding-school.webp,HIGH,GENERATE
Blog,advanced-excel-formulas-common-learning-mistakes-to-avoid-beginners,Advanced Excel formulas: Common Mistakes Beginners Should Avoid,Advanced Excel formulas,Beginners,advanced-excel-formulas-common-learning-mistakes-to-avoid-beginners-forsk-coding-school.webp,blog/images/advanced-excel-formulas-common-learning-mistakes-to-avoid-beginners-forsk-coding-school.webp,HIGH,GENERATE
Blog,advanced-excel-formulas-interview-preparation-guide-freshers,Advanced Excel formulas Interview Preparation Guide for Freshers,Advanced Excel formulas,Freshers,advanced-excel-formulas-interview-preparation-guide-freshers-forsk-coding-school.webp,blog/images/advanced-excel-formulas-interview-preparation-guide-freshers-forsk-coding-school.webp,HIGH,GENERATE
Blog,advanced-excel-formulas-tools-workflow-and-skills-guide-working-professionals,Advanced Excel formulas Workflow Guide for Working Professionals,Advanced Excel formulas,Working Professionals,advanced-excel-formulas-tools-workflow-and-skills-guide-working-professionals-forsk-coding-school.webp,blog/images/advanced-excel-formulas-tools-workflow-and-skills-guide-working-professionals-forsk-coding-school.webp,HIGH,GENERATE
Blog,pivottables-and-reporting-practical-roadmap-beginners,PivotTables and reporting Roadmap for Beginners,PivotTables and reporting,Beginners,pivottables-and-reporting-practical-roadmap-beginners-forsk-coding-school.webp,blog/images/pivottables-and-reporting-practical-roadmap-beginners-forsk-coding-school.webp,HIGH,GENERATE
Blog,pivottables-and-reporting-project-ideas-and-practice-plan-beginners,PivotTables and reporting Projects for Beginners,PivotTables and reporting,Beginners,pivottables-and-reporting-project-ideas-and-practice-plan-beginners-forsk-coding-school.webp,blog/images/pivottables-and-reporting-project-ideas-and-practice-plan-beginners-forsk-coding-school.webp,HIGH,GENERATE
Blog,pivottables-and-reporting-common-learning-mistakes-to-avoid-beginners,PivotTables and reporting: Common Mistakes Beginners Should Avoid,PivotTables and reporting,Beginners,pivottables-and-reporting-common-learning-mistakes-to-avoid-beginners-forsk-coding-school.webp,blog/images/pivottables-and-reporting-common-learning-mistakes-to-avoid-beginners-forsk-coding-school.webp,HIGH,GENERATE
Blog,pivottables-and-reporting-interview-preparation-guide-freshers,PivotTables and reporting Interview Preparation Guide for Freshers,PivotTables and reporting,Freshers,pivottables-and-reporting-interview-preparation-guide-freshers-forsk-coding-school.webp,blog/images/pivottables-and-reporting-interview-preparation-guide-freshers-forsk-coding-school.webp,HIGH,GENERATE
Blog,pivottables-and-reporting-tools-workflow-and-skills-guide-working-professionals,PivotTables and reporting Workflow Guide for Working Professionals,PivotTables and reporting,Working Professionals,pivottables-and-reporting-tools-workflow-and-skills-guide-working-professionals-forsk-coding-school.webp,blog/images/pivottables-and-reporting-tools-workflow-and-skills-guide-working-professionals-forsk-coding-school.webp,HIGH,GENERATE
Blog,power-query-data-preparation-practical-roadmap-beginners,Power Query data preparation Roadmap for Beginners,Power Query data preparation,Beginners,power-query-data-preparation-practical-roadmap-beginners-forsk-coding-school.webp,blog/images/power-query-data-preparation-practical-roadmap-beginners-forsk-coding-school.webp,HIGH,GENERATE
Blog,power-query-data-preparation-project-ideas-and-practice-plan-beginners,Power Query data preparation Projects for Beginners,Power Query data preparation,Beginners,power-query-data-preparation-project-ideas-and-practice-plan-beginners-forsk-coding-school.webp,blog/images/power-query-data-preparation-project-ideas-and-practice-plan-beginners-forsk-coding-school.webp,HIGH,GENERATE
Blog,power-query-data-preparation-common-learning-mistakes-to-avoid-beginners,Power Query data preparation: Common Mistakes Beginners Should Avoid,Power Query data preparation,Beginners,power-query-data-preparation-common-learning-mistakes-to-avoid-beginners-forsk-coding-school.webp,blog/images/power-query-data-preparation-common-learning-mistakes-to-avoid-beginners-forsk-coding-school.webp,HIGH,GENERATE
Blog,power-query-data-preparation-interview-preparation-guide-freshers,Power Query data preparation Interview Guide for Freshers,Power Query data preparation,Freshers,power-query-data-preparation-interview-preparation-guide-freshers-forsk-coding-school.webp,blog/images/power-query-data-preparation-interview-preparation-guide-freshers-forsk-coding-school.webp,HIGH,GENERATE
Blog,power-query-data-preparation-tools-workflow-and-skills-guide-working-professionals,Power Query data preparation Workflow Guide for Working Professionals,Power Query data preparation,Working Professionals,power-query-data-preparation-tools-workflow-and-skills-guide-working-professionals-forsk-coding-school.webp,blog/images/power-query-data-preparation-tools-workflow-and-skills-guide-working-professionals-forsk-coding-school.webp,HIGH,GENERATE
Blog,excel-dashboard-development-practical-roadmap-beginners,Excel dashboard development Roadmap for Beginners,Excel dashboard development,Beginners,excel-dashboard-development-practical-roadmap-beginners-forsk-coding-school.webp,blog/images/excel-dashboard-development-practical-roadmap-beginners-forsk-coding-school.webp,HIGH,GENERATE
Blog,excel-dashboard-development-project-ideas-and-practice-plan-beginners,Excel dashboard development Projects for Beginners,Excel dashboard development,Beginners,excel-dashboard-development-project-ideas-and-practice-plan-beginners-forsk-coding-school.webp,blog/images/excel-dashboard-development-project-ideas-and-practice-plan-beginners-forsk-coding-school.webp,HIGH,GENERATE
Blog,excel-dashboard-development-common-learning-mistakes-to-avoid-beginners,Excel dashboard development: Common Mistakes Beginners Should Avoid,Excel dashboard development,Beginners,excel-dashboard-development-common-learning-mistakes-to-avoid-beginners-forsk-coding-school.webp,blog/images/excel-dashboard-development-common-learning-mistakes-to-avoid-beginners-forsk-coding-school.webp,HIGH,GENERATE
Blog,excel-dashboard-development-interview-preparation-guide-freshers,Excel dashboard development Interview Preparation Guide for Freshers,Excel dashboard development,Freshers,excel-dashboard-development-interview-preparation-guide-freshers-forsk-coding-school.webp,blog/images/excel-dashboard-development-interview-preparation-guide-freshers-forsk-coding-school.webp,HIGH,GENERATE
Blog,excel-dashboard-development-tools-workflow-and-skills-guide-working-professionals,Excel dashboard development Workflow Guide for Working Professionals,Excel dashboard development,Working Professionals,excel-dashboard-development-tools-workflow-and-skills-guide-working-professionals-forsk-coding-school.webp,blog/images/excel-dashboard-development-tools-workflow-and-skills-guide-working-professionals-forsk-coding-school.webp,HIGH,GENERATE
Blog,power-bi-fundamentals-practical-roadmap-beginners,Power BI fundamentals Roadmap for Beginners,Power BI fundamentals,Beginners,power-bi-fundamentals-practical-roadmap-beginners-forsk-coding-school.webp,blog/images/power-bi-fundamentals-practical-roadmap-beginners-forsk-coding-school.webp,HIGH,GENERATE
Blog,power-bi-fundamentals-project-ideas-and-practice-plan-beginners,Power BI fundamentals Project Ideas and Practice Plan for Beginners,Power BI fundamentals,Beginners,power-bi-fundamentals-project-ideas-and-practice-plan-beginners-forsk-coding-school.webp,blog/images/power-bi-fundamentals-project-ideas-and-practice-plan-beginners-forsk-coding-school.webp,HIGH,GENERATE
Blog,power-bi-fundamentals-common-learning-mistakes-to-avoid-beginners,Power BI fundamentals: Common Mistakes Beginners Should Avoid,Power BI fundamentals,Beginners,power-bi-fundamentals-common-learning-mistakes-to-avoid-beginners-forsk-coding-school.webp,blog/images/power-bi-fundamentals-common-learning-mistakes-to-avoid-beginners-forsk-coding-school.webp,HIGH,GENERATE
Blog,power-bi-fundamentals-interview-preparation-guide-freshers,Power BI fundamentals Interview Preparation Guide for Freshers,Power BI fundamentals,Freshers,power-bi-fundamentals-interview-preparation-guide-freshers-forsk-coding-school.webp,blog/images/power-bi-fundamentals-interview-preparation-guide-freshers-forsk-coding-school.webp,HIGH,GENERATE
Blog,power-bi-fundamentals-tools-workflow-and-skills-guide-working-professionals,Power BI fundamentals Workflow Guide for Working Professionals,Power BI fundamentals,Working Professionals,power-bi-fundamentals-tools-workflow-and-skills-guide-working-professionals-forsk-coding-school.webp,blog/images/power-bi-fundamentals-tools-workflow-and-skills-guide-working-professionals-forsk-coding-school.webp,HIGH,GENERATE
Blog,power-query-in-power-bi-practical-roadmap-beginners,Power Query in Power BI Roadmap for Beginners,Power Query in Power BI,Beginners,power-query-in-power-bi-practical-roadmap-beginners-forsk-coding-school.webp,blog/images/power-query-in-power-bi-practical-roadmap-beginners-forsk-coding-school.webp,HIGH,GENERATE
Blog,power-query-in-power-bi-project-ideas-and-practice-plan-beginners,Power Query in Power BI Projects for Beginners,Power Query in Power BI,Beginners,power-query-in-power-bi-project-ideas-and-practice-plan-beginners-forsk-coding-school.webp,blog/images/power-query-in-power-bi-project-ideas-and-practice-plan-beginners-forsk-coding-school.webp,HIGH,GENERATE
Blog,power-query-in-power-bi-common-learning-mistakes-to-avoid-beginners,Power Query in Power BI: Common Mistakes Beginners Should Avoid,Power Query in Power BI,Beginners,power-query-in-power-bi-common-learning-mistakes-to-avoid-beginners-forsk-coding-school.webp,blog/images/power-query-in-power-bi-common-learning-mistakes-to-avoid-beginners-forsk-coding-school.webp,HIGH,GENERATE
Blog,power-query-in-power-bi-interview-preparation-guide-freshers,Power Query in Power BI Interview Preparation Guide for Freshers,Power Query in Power BI,Freshers,power-query-in-power-bi-interview-preparation-guide-freshers-forsk-coding-school.webp,blog/images/power-query-in-power-bi-interview-preparation-guide-freshers-forsk-coding-school.webp,HIGH,GENERATE
Blog,power-query-in-power-bi-tools-workflow-and-skills-guide-working-professionals,Power Query in Power BI Workflow Guide for Working Professionals,Power Query in Power BI,Working Professionals,power-query-in-power-bi-tools-workflow-and-skills-guide-working-professionals-forsk-coding-school.webp,blog/images/power-query-in-power-bi-tools-workflow-and-skills-guide-working-professionals-forsk-coding-school.webp,HIGH,GENERATE
Blog,dax-calculations-practical-roadmap-beginners,DAX calculations: Beginner Roadmap from Fundamentals to Projects,DAX calculations,Beginners,dax-calculations-practical-roadmap-beginners-forsk-coding-school.webp,blog/images/dax-calculations-practical-roadmap-beginners-forsk-coding-school.webp,HIGH,GENERATE
Blog,dax-calculations-project-ideas-and-practice-plan-beginners,DAX calculations Project Ideas and Practice Plan for Beginners,DAX calculations,Beginners,dax-calculations-project-ideas-and-practice-plan-beginners-forsk-coding-school.webp,blog/images/dax-calculations-project-ideas-and-practice-plan-beginners-forsk-coding-school.webp,HIGH,GENERATE
Blog,dax-calculations-common-learning-mistakes-to-avoid-beginners,DAX calculations: Common Mistakes Beginners Should Avoid,DAX calculations,Beginners,dax-calculations-common-learning-mistakes-to-avoid-beginners-forsk-coding-school.webp,blog/images/dax-calculations-common-learning-mistakes-to-avoid-beginners-forsk-coding-school.webp,HIGH,GENERATE
Blog,dax-calculations-interview-preparation-guide-freshers,DAX calculations Interview Preparation Guide for Freshers,DAX calculations,Freshers,dax-calculations-interview-preparation-guide-freshers-forsk-coding-school.webp,blog/images/dax-calculations-interview-preparation-guide-freshers-forsk-coding-school.webp,HIGH,GENERATE
Blog,dax-calculations-tools-workflow-and-skills-guide-working-professionals,DAX calculations Workflow Guide for Working Professionals,DAX calculations,Working Professionals,dax-calculations-tools-workflow-and-skills-guide-working-professionals-forsk-coding-school.webp,blog/images/dax-calculations-tools-workflow-and-skills-guide-working-professionals-forsk-coding-school.webp,HIGH,GENERATE
Blog,power-bi-data-modeling-practical-roadmap-beginners,Power BI data modeling Roadmap for Beginners,Power BI data modeling,Beginners,power-bi-data-modeling-practical-roadmap-beginners-forsk-coding-school.webp,blog/images/power-bi-data-modeling-practical-roadmap-beginners-forsk-coding-school.webp,HIGH,GENERATE
Blog,power-bi-data-modeling-project-ideas-and-practice-plan-beginners,Power BI data modeling Project Ideas and Practice Plan for Beginners,Power BI data modeling,Beginners,power-bi-data-modeling-project-ideas-and-practice-plan-beginners-forsk-coding-school.webp,blog/images/power-bi-data-modeling-project-ideas-and-practice-plan-beginners-forsk-coding-school.webp,HIGH,GENERATE
Blog,power-bi-data-modeling-common-learning-mistakes-to-avoid-beginners,Power BI data modeling: Common Mistakes Beginners Should Avoid,Power BI data modeling,Beginners,power-bi-data-modeling-common-learning-mistakes-to-avoid-beginners-forsk-coding-school.webp,blog/images/power-bi-data-modeling-common-learning-mistakes-to-avoid-beginners-forsk-coding-school.webp,HIGH,GENERATE
Blog,power-bi-data-modeling-interview-preparation-guide-freshers,Power BI data modeling Interview Preparation Guide for Freshers,Power BI data modeling,Freshers,power-bi-data-modeling-interview-preparation-guide-freshers-forsk-coding-school.webp,blog/images/power-bi-data-modeling-interview-preparation-guide-freshers-forsk-coding-school.webp,HIGH,GENERATE
Blog,power-bi-data-modeling-tools-workflow-and-skills-guide-working-professionals,Power BI data modeling Workflow Guide for Working Professionals,Power BI data modeling,Working Professionals,power-bi-data-modeling-tools-workflow-and-skills-guide-working-professionals-forsk-coding-school.webp,blog/images/power-bi-data-modeling-tools-workflow-and-skills-guide-working-professionals-forsk-coding-school.webp,HIGH,GENERATE
Blog,power-bi-dashboard-storytelling-practical-roadmap-beginners,Power BI dashboard storytelling Roadmap for Beginners,Power BI dashboard storytelling,Beginners,power-bi-dashboard-storytelling-practical-roadmap-beginners-forsk-coding-school.webp,blog/images/power-bi-dashboard-storytelling-practical-roadmap-beginners-forsk-coding-school.webp,HIGH,GENERATE
Blog,power-bi-dashboard-storytelling-project-ideas-and-practice-plan-beginners,Power BI dashboard storytelling Projects for Beginners,Power BI dashboard storytelling,Beginners,power-bi-dashboard-storytelling-project-ideas-and-practice-plan-beginners-forsk-coding-school.webp,blog/images/power-bi-dashboard-storytelling-project-ideas-and-practice-plan-beginners-forsk-coding-school.webp,HIGH,GENERATE
Blog,power-bi-dashboard-storytelling-common-learning-mistakes-to-avoid-beginners,Power BI dashboard storytelling Mistakes to Avoid for Beginners,Power BI dashboard storytelling,Beginners,power-bi-dashboard-storytelling-common-learning-mistakes-to-avoid-beginners-forsk-coding-school.webp,blog/images/power-bi-dashboard-storytelling-common-learning-mistakes-to-avoid-beginners-forsk-coding-school.webp,HIGH,GENERATE
Blog,power-bi-dashboard-storytelling-interview-preparation-guide-freshers,Power BI dashboard storytelling Interview Guide for Freshers,Power BI dashboard storytelling,Freshers,power-bi-dashboard-storytelling-interview-preparation-guide-freshers-forsk-coding-school.webp,blog/images/power-bi-dashboard-storytelling-interview-preparation-guide-freshers-forsk-coding-school.webp,HIGH,GENERATE
Blog,power-bi-dashboard-storytelling-tools-workflow-and-skills-guide-working-professionals,Power BI dashboard storytelling Workflow Guide for Working Professionals,Power BI dashboard storytelling,Working Professionals,power-bi-dashboard-storytelling-tools-workflow-and-skills-guide-working-professionals-forsk-coding-school.webp,blog/images/power-bi-dashboard-storytelling-tools-workflow-and-skills-guide-working-professionals-forsk-coding-school.webp,HIGH,GENERATE
Blog,data-analytics-foundations-practical-roadmap-beginners,Data analytics foundations Roadmap for Beginners,Data analytics foundations,Beginners,data-analytics-foundations-practical-roadmap-beginners-forsk-coding-school.webp,blog/images/data-analytics-foundations-practical-roadmap-beginners-forsk-coding-school.webp,HIGH,GENERATE
Blog,data-analytics-foundations-project-ideas-and-practice-plan-beginners,Data analytics foundations Projects for Beginners,Data analytics foundations,Beginners,data-analytics-foundations-project-ideas-and-practice-plan-beginners-forsk-coding-school.webp,blog/images/data-analytics-foundations-project-ideas-and-practice-plan-beginners-forsk-coding-school.webp,HIGH,GENERATE
Blog,data-analytics-foundations-common-learning-mistakes-to-avoid-beginners,Data analytics foundations: Common Mistakes Beginners Should Avoid,Data analytics foundations,Beginners,data-analytics-foundations-common-learning-mistakes-to-avoid-beginners-forsk-coding-school.webp,blog/images/data-analytics-foundations-common-learning-mistakes-to-avoid-beginners-forsk-coding-school.webp,HIGH,GENERATE
Blog,data-analytics-foundations-interview-preparation-guide-freshers,Data analytics foundations Interview Preparation Guide for Freshers,Data analytics foundations,Freshers,data-analytics-foundations-interview-preparation-guide-freshers-forsk-coding-school.webp,blog/images/data-analytics-foundations-interview-preparation-guide-freshers-forsk-coding-school.webp,HIGH,GENERATE
Blog,data-analytics-foundations-tools-workflow-and-skills-guide-working-professionals,Data analytics foundations Workflow Guide for Working Professionals,Data analytics foundations,Working Professionals,data-analytics-foundations-tools-workflow-and-skills-guide-working-professionals-forsk-coding-school.webp,blog/images/data-analytics-foundations-tools-workflow-and-skills-guide-working-professionals-forsk-coding-school.webp,HIGH,GENERATE
Blog,data-cleaning-and-preparation-practical-roadmap-beginners,Data cleaning and preparation Roadmap for Beginners,Data cleaning and preparation,Beginners,data-cleaning-and-preparation-practical-roadmap-beginners-forsk-coding-school.webp,blog/images/data-cleaning-and-preparation-practical-roadmap-beginners-forsk-coding-school.webp,HIGH,GENERATE
Blog,data-cleaning-and-preparation-project-ideas-and-practice-plan-beginners,Data cleaning and preparation Projects for Beginners,Data cleaning and preparation,Beginners,data-cleaning-and-preparation-project-ideas-and-practice-plan-beginners-forsk-coding-school.webp,blog/images/data-cleaning-and-preparation-project-ideas-and-practice-plan-beginners-forsk-coding-school.webp,HIGH,GENERATE
Blog,data-cleaning-and-preparation-common-learning-mistakes-to-avoid-beginners,Data cleaning and preparation Mistakes to Avoid for Beginners,Data cleaning and preparation,Beginners,data-cleaning-and-preparation-common-learning-mistakes-to-avoid-beginners-forsk-coding-school.webp,blog/images/data-cleaning-and-preparation-common-learning-mistakes-to-avoid-beginners-forsk-coding-school.webp,HIGH,GENERATE
Blog,data-cleaning-and-preparation-interview-preparation-guide-freshers,Data cleaning and preparation Interview Guide for Freshers,Data cleaning and preparation,Freshers,data-cleaning-and-preparation-interview-preparation-guide-freshers-forsk-coding-school.webp,blog/images/data-cleaning-and-preparation-interview-preparation-guide-freshers-forsk-coding-school.webp,HIGH,GENERATE
Blog,data-cleaning-and-preparation-tools-workflow-and-skills-guide-working-professionals,Data cleaning and preparation Workflow Guide for Working Professionals,Data cleaning and preparation,Working Professionals,data-cleaning-and-preparation-tools-workflow-and-skills-guide-working-professionals-forsk-coding-school.webp,blog/images/data-cleaning-and-preparation-tools-workflow-and-skills-guide-working-professionals-forsk-coding-school.webp,HIGH,GENERATE
Blog,exploratory-data-analysis-practical-roadmap-beginners,Exploratory data analysis Roadmap for Beginners,Exploratory data analysis,Beginners,exploratory-data-analysis-practical-roadmap-beginners-forsk-coding-school.webp,blog/images/exploratory-data-analysis-practical-roadmap-beginners-forsk-coding-school.webp,HIGH,GENERATE
Blog,exploratory-data-analysis-project-ideas-and-practice-plan-beginners,Exploratory data analysis Projects for Beginners,Exploratory data analysis,Beginners,exploratory-data-analysis-project-ideas-and-practice-plan-beginners-forsk-coding-school.webp,blog/images/exploratory-data-analysis-project-ideas-and-practice-plan-beginners-forsk-coding-school.webp,HIGH,GENERATE
Blog,exploratory-data-analysis-common-learning-mistakes-to-avoid-beginners,Exploratory data analysis: Common Mistakes Beginners Should Avoid,Exploratory data analysis,Beginners,exploratory-data-analysis-common-learning-mistakes-to-avoid-beginners-forsk-coding-school.webp,blog/images/exploratory-data-analysis-common-learning-mistakes-to-avoid-beginners-forsk-coding-school.webp,HIGH,GENERATE
Blog,exploratory-data-analysis-interview-preparation-guide-freshers,Exploratory data analysis Interview Preparation Guide for Freshers,Exploratory data analysis,Freshers,exploratory-data-analysis-interview-preparation-guide-freshers-forsk-coding-school.webp,blog/images/exploratory-data-analysis-interview-preparation-guide-freshers-forsk-coding-school.webp,HIGH,GENERATE
Blog,exploratory-data-analysis-tools-workflow-and-skills-guide-working-professionals,Exploratory data analysis Workflow Guide for Working Professionals,Exploratory data analysis,Working Professionals,exploratory-data-analysis-tools-workflow-and-skills-guide-working-professionals-forsk-coding-school.webp,blog/images/exploratory-data-analysis-tools-workflow-and-skills-guide-working-professionals-forsk-coding-school.webp,HIGH,GENERATE
Blog,business-kpi-analysis-practical-roadmap-beginners,Business KPI analysis Roadmap for Beginners,Business KPI analysis,Beginners,business-kpi-analysis-practical-roadmap-beginners-forsk-coding-school.webp,blog/images/business-kpi-analysis-practical-roadmap-beginners-forsk-coding-school.webp,HIGH,GENERATE
Blog,business-kpi-analysis-project-ideas-and-practice-plan-beginners,Business KPI analysis Project Ideas and Practice Plan for Beginners,Business KPI analysis,Beginners,business-kpi-analysis-project-ideas-and-practice-plan-beginners-forsk-coding-school.webp,blog/images/business-kpi-analysis-project-ideas-and-practice-plan-beginners-forsk-coding-school.webp,HIGH,GENERATE
Blog,business-kpi-analysis-common-learning-mistakes-to-avoid-beginners,Business KPI analysis: Common Mistakes Beginners Should Avoid,Business KPI analysis,Beginners,business-kpi-analysis-common-learning-mistakes-to-avoid-beginners-forsk-coding-school.webp,blog/images/business-kpi-analysis-common-learning-mistakes-to-avoid-beginners-forsk-coding-school.webp,HIGH,GENERATE
Blog,business-kpi-analysis-interview-preparation-guide-freshers,Business KPI analysis Interview Preparation Guide for Freshers,Business KPI analysis,Freshers,business-kpi-analysis-interview-preparation-guide-freshers-forsk-coding-school.webp,blog/images/business-kpi-analysis-interview-preparation-guide-freshers-forsk-coding-school.webp,HIGH,GENERATE
Blog,business-kpi-analysis-tools-workflow-and-skills-guide-working-professionals,Business KPI analysis Workflow Guide for Working Professionals,Business KPI analysis,Working Professionals,business-kpi-analysis-tools-workflow-and-skills-guide-working-professionals-forsk-coding-school.webp,blog/images/business-kpi-analysis-tools-workflow-and-skills-guide-working-professionals-forsk-coding-school.webp,HIGH,GENERATE
Blog,analytics-portfolio-development-practical-roadmap-beginners,Analytics portfolio development Roadmap for Beginners,Analytics portfolio development,Beginners,analytics-portfolio-development-practical-roadmap-beginners-forsk-coding-school.webp,blog/images/analytics-portfolio-development-practical-roadmap-beginners-forsk-coding-school.webp,HIGH,GENERATE
Blog,analytics-portfolio-development-project-ideas-and-practice-plan-beginners,Analytics portfolio development Projects for Beginners,Analytics portfolio development,Beginners,analytics-portfolio-development-project-ideas-and-practice-plan-beginners-forsk-coding-school.webp,blog/images/analytics-portfolio-development-project-ideas-and-practice-plan-beginners-forsk-coding-school.webp,HIGH,GENERATE
Blog,analytics-portfolio-development-common-learning-mistakes-to-avoid-beginners,Analytics portfolio development Mistakes to Avoid for Beginners,Analytics portfolio development,Beginners,analytics-portfolio-development-common-learning-mistakes-to-avoid-beginners-forsk-coding-school.webp,blog/images/analytics-portfolio-development-common-learning-mistakes-to-avoid-beginners-forsk-coding-school.webp,HIGH,GENERATE
Blog,analytics-portfolio-development-interview-preparation-guide-freshers,Analytics portfolio development Interview Guide for Freshers,Analytics portfolio development,Freshers,analytics-portfolio-development-interview-preparation-guide-freshers-forsk-coding-school.webp,blog/images/analytics-portfolio-development-interview-preparation-guide-freshers-forsk-coding-school.webp,HIGH,GENERATE
Blog,analytics-portfolio-development-tools-workflow-and-skills-guide-working-professionals,Analytics portfolio development Workflow Guide for Working Professionals,Analytics portfolio development,Working Professionals,analytics-portfolio-development-tools-workflow-and-skills-guide-working-professionals-forsk-coding-school.webp,blog/images/analytics-portfolio-development-tools-workflow-and-skills-guide-working-professionals-forsk-coding-school.webp,HIGH,GENERATE
Blog,data-science-foundations-practical-roadmap-beginners,Data science foundations Roadmap for Beginners,Data science foundations,Beginners,data-science-foundations-practical-roadmap-beginners-forsk-coding-school.webp,blog/images/data-science-foundations-practical-roadmap-beginners-forsk-coding-school.webp,HIGH,GENERATE
Blog,data-science-foundations-project-ideas-and-practice-plan-beginners,Data science foundations Projects for Beginners,Data science foundations,Beginners,data-science-foundations-project-ideas-and-practice-plan-beginners-forsk-coding-school.webp,blog/images/data-science-foundations-project-ideas-and-practice-plan-beginners-forsk-coding-school.webp,HIGH,GENERATE
Blog,data-science-foundations-common-learning-mistakes-to-avoid-beginners,Data science foundations: Common Mistakes Beginners Should Avoid,Data science foundations,Beginners,data-science-foundations-common-learning-mistakes-to-avoid-beginners-forsk-coding-school.webp,blog/images/data-science-foundations-common-learning-mistakes-to-avoid-beginners-forsk-coding-school.webp,HIGH,GENERATE
Blog,data-science-foundations-interview-preparation-guide-freshers,Data science foundations Interview Preparation Guide for Freshers,Data science foundations,Freshers,data-science-foundations-interview-preparation-guide-freshers-forsk-coding-school.webp,blog/images/data-science-foundations-interview-preparation-guide-freshers-forsk-coding-school.webp,HIGH,GENERATE
Blog,data-science-foundations-tools-workflow-and-skills-guide-working-professionals,Data science foundations Workflow Guide for Working Professionals,Data science foundations,Working Professionals,data-science-foundations-tools-workflow-and-skills-guide-working-professionals-forsk-coding-school.webp,blog/images/data-science-foundations-tools-workflow-and-skills-guide-working-professionals-forsk-coding-school.webp,HIGH,GENERATE
Blog,pandas-and-numpy-workflows-practical-roadmap-beginners,Pandas and NumPy workflows Roadmap for Beginners,Pandas and NumPy workflows,Beginners,pandas-and-numpy-workflows-practical-roadmap-beginners-forsk-coding-school.webp,blog/images/pandas-and-numpy-workflows-practical-roadmap-beginners-forsk-coding-school.webp,HIGH,GENERATE
Blog,pandas-and-numpy-workflows-project-ideas-and-practice-plan-beginners,Pandas and NumPy workflows Projects for Beginners,Pandas and NumPy workflows,Beginners,pandas-and-numpy-workflows-project-ideas-and-practice-plan-beginners-forsk-coding-school.webp,blog/images/pandas-and-numpy-workflows-project-ideas-and-practice-plan-beginners-forsk-coding-school.webp,HIGH,GENERATE
Blog,pandas-and-numpy-workflows-common-learning-mistakes-to-avoid-beginners,Pandas and NumPy workflows: Common Mistakes Beginners Should Avoid,Pandas and NumPy workflows,Beginners,pandas-and-numpy-workflows-common-learning-mistakes-to-avoid-beginners-forsk-coding-school.webp,blog/images/pandas-and-numpy-workflows-common-learning-mistakes-to-avoid-beginners-forsk-coding-school.webp,HIGH,GENERATE
Blog,pandas-and-numpy-workflows-interview-preparation-guide-freshers,Pandas and NumPy workflows Interview Preparation Guide for Freshers,Pandas and NumPy workflows,Freshers,pandas-and-numpy-workflows-interview-preparation-guide-freshers-forsk-coding-school.webp,blog/images/pandas-and-numpy-workflows-interview-preparation-guide-freshers-forsk-coding-school.webp,HIGH,GENERATE
Blog,pandas-and-numpy-workflows-tools-workflow-and-skills-guide-working-professionals,Pandas and NumPy workflows Workflow Guide for Working Professionals,Pandas and NumPy workflows,Working Professionals,pandas-and-numpy-workflows-tools-workflow-and-skills-guide-working-professionals-forsk-coding-school.webp,blog/images/pandas-and-numpy-workflows-tools-workflow-and-skills-guide-working-professionals-forsk-coding-school.webp,HIGH,GENERATE
Blog,statistics-for-data-science-practical-roadmap-beginners,Statistics for data science Roadmap for Beginners,Statistics for data science,Beginners,statistics-for-data-science-practical-roadmap-beginners-forsk-coding-school.webp,blog/images/statistics-for-data-science-practical-roadmap-beginners-forsk-coding-school.webp,HIGH,GENERATE
Blog,statistics-for-data-science-project-ideas-and-practice-plan-beginners,Statistics for data science Projects for Beginners,Statistics for data science,Beginners,statistics-for-data-science-project-ideas-and-practice-plan-beginners-forsk-coding-school.webp,blog/images/statistics-for-data-science-project-ideas-and-practice-plan-beginners-forsk-coding-school.webp,HIGH,GENERATE
Blog,statistics-for-data-science-common-learning-mistakes-to-avoid-beginners,Statistics for data science: Common Mistakes Beginners Should Avoid,Statistics for data science,Beginners,statistics-for-data-science-common-learning-mistakes-to-avoid-beginners-forsk-coding-school.webp,blog/images/statistics-for-data-science-common-learning-mistakes-to-avoid-beginners-forsk-coding-school.webp,HIGH,GENERATE
Blog,statistics-for-data-science-interview-preparation-guide-freshers,Statistics for data science Interview Preparation Guide for Freshers,Statistics for data science,Freshers,statistics-for-data-science-interview-preparation-guide-freshers-forsk-coding-school.webp,blog/images/statistics-for-data-science-interview-preparation-guide-freshers-forsk-coding-school.webp,HIGH,GENERATE
Blog,statistics-for-data-science-tools-workflow-and-skills-guide-working-professionals,Statistics for data science Workflow Guide for Working Professionals,Statistics for data science,Working Professionals,statistics-for-data-science-tools-workflow-and-skills-guide-working-professionals-forsk-coding-school.webp,blog/images/statistics-for-data-science-tools-workflow-and-skills-guide-working-professionals-forsk-coding-school.webp,HIGH,GENERATE
Blog,exploratory-data-analysis-for-data-science-practical-roadmap-beginners,Exploratory Data Analysis for Data Science Roadmap for Beginners,Exploratory Data Analysis for Data Science,Beginners,exploratory-data-analysis-for-data-science-practical-roadmap-beginners-forsk-coding-school.webp,blog/images/exploratory-data-analysis-for-data-science-practical-roadmap-beginners-forsk-coding-school.webp,HIGH,GENERATE
Blog,exploratory-data-analysis-for-data-science-project-ideas-and-practice-plan-beginners,Exploratory Data Analysis for Data Science Projects for Beginners,Exploratory Data Analysis for Data Science,Beginners,exploratory-data-analysis-for-data-science-project-ideas-and-practice-plan-beginners-forsk-coding-school.webp,blog/images/exploratory-data-analysis-for-data-science-project-ideas-and-practice-plan-beginners-forsk-coding-school.webp,HIGH,GENERATE
Blog,exploratory-data-analysis-for-data-science-common-learning-mistakes-to-avoid-beginners,Exploratory Data Analysis for Data Science Mistakes to Avoid for Beginners,Exploratory Data Analysis for Data Science,Beginners,exploratory-data-analysis-for-data-science-common-learning-mistakes-to-avoid-beginners-forsk-coding-school.webp,blog/images/exploratory-data-analysis-for-data-science-common-learning-mistakes-to-avoid-beginners-forsk-coding-school.webp,HIGH,GENERATE
Blog,exploratory-data-analysis-for-data-science-interview-preparation-guide-freshers,Exploratory Data Analysis for Data Science Interview Guide for Freshers,Exploratory Data Analysis for Data Science,Freshers,exploratory-data-analysis-for-data-science-interview-preparation-guide-freshers-forsk-coding-school.webp,blog/images/exploratory-data-analysis-for-data-science-interview-preparation-guide-freshers-forsk-coding-school.webp,HIGH,GENERATE
Blog,exploratory-data-analysis-for-data-science-tools-workflow-and-skills-guide-working-professionals,Exploratory Data Analysis for Data Science Workflow Guide for Working Professionals,Exploratory Data Analysis for Data Science,Working Professionals,exploratory-data-analysis-for-data-science-tools-workflow-and-skills-guide-working-professionals-forsk-coding-school.webp,blog/images/exploratory-data-analysis-for-data-science-tools-workflow-and-skills-guide-working-professionals-forsk-coding-school.webp,HIGH,GENERATE
Blog,data-science-portfolio-projects-practical-roadmap-beginners,Data science portfolio projects Roadmap for Beginners,Data science portfolio projects,Beginners,data-science-portfolio-projects-practical-roadmap-beginners-forsk-coding-school.webp,blog/images/data-science-portfolio-projects-practical-roadmap-beginners-forsk-coding-school.webp,HIGH,GENERATE
Blog,data-science-portfolio-projects-project-ideas-and-practice-plan-beginners,Data science portfolio projects Projects for Beginners,Data science portfolio projects,Beginners,data-science-portfolio-projects-project-ideas-and-practice-plan-beginners-forsk-coding-school.webp,blog/images/data-science-portfolio-projects-project-ideas-and-practice-plan-beginners-forsk-coding-school.webp,HIGH,GENERATE
Blog,data-science-portfolio-projects-common-learning-mistakes-to-avoid-beginners,Data science portfolio projects Mistakes to Avoid for Beginners,Data science portfolio projects,Beginners,data-science-portfolio-projects-common-learning-mistakes-to-avoid-beginners-forsk-coding-school.webp,blog/images/data-science-portfolio-projects-common-learning-mistakes-to-avoid-beginners-forsk-coding-school.webp,HIGH,GENERATE
Blog,data-science-portfolio-projects-interview-preparation-guide-freshers,Data science portfolio projects Interview Guide for Freshers,Data science portfolio projects,Freshers,data-science-portfolio-projects-interview-preparation-guide-freshers-forsk-coding-school.webp,blog/images/data-science-portfolio-projects-interview-preparation-guide-freshers-forsk-coding-school.webp,HIGH,GENERATE
Blog,data-science-portfolio-projects-tools-workflow-and-skills-guide-working-professionals,Data science portfolio projects Workflow Guide for Working Professionals,Data science portfolio projects,Working Professionals,data-science-portfolio-projects-tools-workflow-and-skills-guide-working-professionals-forsk-coding-school.webp,blog/images/data-science-portfolio-projects-tools-workflow-and-skills-guide-working-professionals-forsk-coding-school.webp,HIGH,GENERATE
Blog,machine-learning-foundations-practical-roadmap-beginners,Machine learning foundations Roadmap for Beginners,Machine learning foundations,Beginners,machine-learning-foundations-practical-roadmap-beginners-forsk-coding-school.webp,blog/images/machine-learning-foundations-practical-roadmap-beginners-forsk-coding-school.webp,HIGH,GENERATE
Blog,machine-learning-foundations-project-ideas-and-practice-plan-beginners,Machine learning foundations Projects for Beginners,Machine learning foundations,Beginners,machine-learning-foundations-project-ideas-and-practice-plan-beginners-forsk-coding-school.webp,blog/images/machine-learning-foundations-project-ideas-and-practice-plan-beginners-forsk-coding-school.webp,HIGH,GENERATE
Blog,machine-learning-foundations-common-learning-mistakes-to-avoid-beginners,Machine learning foundations: Common Mistakes Beginners Should Avoid,Machine learning foundations,Beginners,machine-learning-foundations-common-learning-mistakes-to-avoid-beginners-forsk-coding-school.webp,blog/images/machine-learning-foundations-common-learning-mistakes-to-avoid-beginners-forsk-coding-school.webp,HIGH,GENERATE
Blog,machine-learning-foundations-interview-preparation-guide-freshers,Machine learning foundations Interview Guide for Freshers,Machine learning foundations,Freshers,machine-learning-foundations-interview-preparation-guide-freshers-forsk-coding-school.webp,blog/images/machine-learning-foundations-interview-preparation-guide-freshers-forsk-coding-school.webp,HIGH,GENERATE
Blog,machine-learning-foundations-tools-workflow-and-skills-guide-working-professionals,Machine learning foundations Workflow Guide for Working Professionals,Machine learning foundations,Working Professionals,machine-learning-foundations-tools-workflow-and-skills-guide-working-professionals-forsk-coding-school.webp,blog/images/machine-learning-foundations-tools-workflow-and-skills-guide-working-professionals-forsk-coding-school.webp,HIGH,GENERATE
Blog,supervised-learning-workflow-practical-roadmap-beginners,Supervised learning workflow Roadmap for Beginners,Supervised learning workflow,Beginners,supervised-learning-workflow-practical-roadmap-beginners-forsk-coding-school.webp,blog/images/supervised-learning-workflow-practical-roadmap-beginners-forsk-coding-school.webp,HIGH,GENERATE
Blog,supervised-learning-workflow-project-ideas-and-practice-plan-beginners,Supervised learning workflow Projects for Beginners,Supervised learning workflow,Beginners,supervised-learning-workflow-project-ideas-and-practice-plan-beginners-forsk-coding-school.webp,blog/images/supervised-learning-workflow-project-ideas-and-practice-plan-beginners-forsk-coding-school.webp,HIGH,GENERATE
Blog,supervised-learning-workflow-common-learning-mistakes-to-avoid-beginners,Supervised learning workflow: Common Mistakes Beginners Should Avoid,Supervised learning workflow,Beginners,supervised-learning-workflow-common-learning-mistakes-to-avoid-beginners-forsk-coding-school.webp,blog/images/supervised-learning-workflow-common-learning-mistakes-to-avoid-beginners-forsk-coding-school.webp,HIGH,GENERATE
Blog,supervised-learning-workflow-interview-preparation-guide-freshers,Supervised learning workflow Interview Guide for Freshers,Supervised learning workflow,Freshers,supervised-learning-workflow-interview-preparation-guide-freshers-forsk-coding-school.webp,blog/images/supervised-learning-workflow-interview-preparation-guide-freshers-forsk-coding-school.webp,HIGH,GENERATE
Blog,supervised-learning-workflow-tools-workflow-and-skills-guide-working-professionals,Supervised learning workflow Workflow Guide for Working Professionals,Supervised learning workflow,Working Professionals,supervised-learning-workflow-tools-workflow-and-skills-guide-working-professionals-forsk-coding-school.webp,blog/images/supervised-learning-workflow-tools-workflow-and-skills-guide-working-professionals-forsk-coding-school.webp,HIGH,GENERATE
Blog,unsupervised-learning-workflow-practical-roadmap-beginners,Unsupervised learning workflow Roadmap for Beginners,Unsupervised learning workflow,Beginners,unsupervised-learning-workflow-practical-roadmap-beginners-forsk-coding-school.webp,blog/images/unsupervised-learning-workflow-practical-roadmap-beginners-forsk-coding-school.webp,HIGH,GENERATE
Blog,unsupervised-learning-workflow-project-ideas-and-practice-plan-beginners,Unsupervised learning workflow Projects for Beginners,Unsupervised learning workflow,Beginners,unsupervised-learning-workflow-project-ideas-and-practice-plan-beginners-forsk-coding-school.webp,blog/images/unsupervised-learning-workflow-project-ideas-and-practice-plan-beginners-forsk-coding-school.webp,HIGH,GENERATE
Blog,unsupervised-learning-workflow-common-learning-mistakes-to-avoid-beginners,Unsupervised learning workflow Mistakes to Avoid for Beginners,Unsupervised learning workflow,Beginners,unsupervised-learning-workflow-common-learning-mistakes-to-avoid-beginners-forsk-coding-school.webp,blog/images/unsupervised-learning-workflow-common-learning-mistakes-to-avoid-beginners-forsk-coding-school.webp,HIGH,GENERATE
Blog,unsupervised-learning-workflow-interview-preparation-guide-freshers,Unsupervised learning workflow Interview Guide for Freshers,Unsupervised learning workflow,Freshers,unsupervised-learning-workflow-interview-preparation-guide-freshers-forsk-coding-school.webp,blog/images/unsupervised-learning-workflow-interview-preparation-guide-freshers-forsk-coding-school.webp,HIGH,GENERATE
Blog,unsupervised-learning-workflow-tools-workflow-and-skills-guide-working-professionals,Unsupervised learning workflow Workflow Guide for Working Professionals,Unsupervised learning workflow,Working Professionals,unsupervised-learning-workflow-tools-workflow-and-skills-guide-working-professionals-forsk-coding-school.webp,blog/images/unsupervised-learning-workflow-tools-workflow-and-skills-guide-working-professionals-forsk-coding-school.webp,HIGH,GENERATE
Blog,feature-engineering-and-evaluation-practical-roadmap-beginners,Feature engineering and evaluation Roadmap for Beginners,Feature engineering and evaluation,Beginners,feature-engineering-and-evaluation-practical-roadmap-beginners-forsk-coding-school.webp,blog/images/feature-engineering-and-evaluation-practical-roadmap-beginners-forsk-coding-school.webp,HIGH,GENERATE
Blog,feature-engineering-and-evaluation-project-ideas-and-practice-plan-beginners,Feature engineering and evaluation Projects for Beginners,Feature engineering and evaluation,Beginners,feature-engineering-and-evaluation-project-ideas-and-practice-plan-beginners-forsk-coding-school.webp,blog/images/feature-engineering-and-evaluation-project-ideas-and-practice-plan-beginners-forsk-coding-school.webp,HIGH,GENERATE
Blog,feature-engineering-and-evaluation-common-learning-mistakes-to-avoid-beginners,Feature engineering and evaluation Mistakes to Avoid for Beginners,Feature engineering and evaluation,Beginners,feature-engineering-and-evaluation-common-learning-mistakes-to-avoid-beginners-forsk-coding-school.webp,blog/images/feature-engineering-and-evaluation-common-learning-mistakes-to-avoid-beginners-forsk-coding-school.webp,HIGH,GENERATE
Blog,feature-engineering-and-evaluation-interview-preparation-guide-freshers,Feature engineering and evaluation Interview Guide for Freshers,Feature engineering and evaluation,Freshers,feature-engineering-and-evaluation-interview-preparation-guide-freshers-forsk-coding-school.webp,blog/images/feature-engineering-and-evaluation-interview-preparation-guide-freshers-forsk-coding-school.webp,HIGH,GENERATE
Blog,feature-engineering-and-evaluation-tools-workflow-and-skills-guide-working-professionals,Feature engineering and evaluation Workflow Guide for Working Professionals,Feature engineering and evaluation,Working Professionals,feature-engineering-and-evaluation-tools-workflow-and-skills-guide-working-professionals-forsk-coding-school.webp,blog/images/feature-engineering-and-evaluation-tools-workflow-and-skills-guide-working-professionals-forsk-coding-school.webp,HIGH,GENERATE
Blog,machine-learning-project-deployment-practical-roadmap-beginners,Machine learning project deployment Roadmap for Beginners,Machine learning project deployment,Beginners,machine-learning-project-deployment-practical-roadmap-beginners-forsk-coding-school.webp,blog/images/machine-learning-project-deployment-practical-roadmap-beginners-forsk-coding-school.webp,HIGH,GENERATE
Blog,machine-learning-project-deployment-project-ideas-and-practice-plan-beginners,Machine learning project deployment Projects for Beginners,Machine learning project deployment,Beginners,machine-learning-project-deployment-project-ideas-and-practice-plan-beginners-forsk-coding-school.webp,blog/images/machine-learning-project-deployment-project-ideas-and-practice-plan-beginners-forsk-coding-school.webp,HIGH,GENERATE
Blog,machine-learning-project-deployment-common-learning-mistakes-to-avoid-beginners,Machine learning project deployment Mistakes to Avoid for Beginners,Machine learning project deployment,Beginners,machine-learning-project-deployment-common-learning-mistakes-to-avoid-beginners-forsk-coding-school.webp,blog/images/machine-learning-project-deployment-common-learning-mistakes-to-avoid-beginners-forsk-coding-school.webp,HIGH,GENERATE
Blog,machine-learning-project-deployment-interview-preparation-guide-freshers,Machine learning project deployment Interview Guide for Freshers,Machine learning project deployment,Freshers,machine-learning-project-deployment-interview-preparation-guide-freshers-forsk-coding-school.webp,blog/images/machine-learning-project-deployment-interview-preparation-guide-freshers-forsk-coding-school.webp,HIGH,GENERATE
Blog,machine-learning-project-deployment-tools-workflow-and-skills-guide-working-professionals,Machine learning project deployment Workflow Guide for Working Professionals,Machine learning project deployment,Working Professionals,machine-learning-project-deployment-tools-workflow-and-skills-guide-working-professionals-forsk-coding-school.webp,blog/images/machine-learning-project-deployment-tools-workflow-and-skills-guide-working-professionals-forsk-coding-school.webp,HIGH,GENERATE
Blog,ai-foundations-and-problem-solving-practical-roadmap-beginners,AI foundations and problem solving Roadmap for Beginners,AI foundations and problem solving,Beginners,ai-foundations-and-problem-solving-practical-roadmap-beginners-forsk-coding-school.webp,blog/images/ai-foundations-and-problem-solving-practical-roadmap-beginners-forsk-coding-school.webp,HIGH,GENERATE
Blog,ai-foundations-and-problem-solving-project-ideas-and-practice-plan-beginners,AI foundations and problem solving Projects for Beginners,AI foundations and problem solving,Beginners,ai-foundations-and-problem-solving-project-ideas-and-practice-plan-beginners-forsk-coding-school.webp,blog/images/ai-foundations-and-problem-solving-project-ideas-and-practice-plan-beginners-forsk-coding-school.webp,HIGH,GENERATE
Blog,ai-foundations-and-problem-solving-common-learning-mistakes-to-avoid-beginners,AI foundations and problem solving Mistakes to Avoid for Beginners,AI foundations and problem solving,Beginners,ai-foundations-and-problem-solving-common-learning-mistakes-to-avoid-beginners-forsk-coding-school.webp,blog/images/ai-foundations-and-problem-solving-common-learning-mistakes-to-avoid-beginners-forsk-coding-school.webp,HIGH,GENERATE
Blog,ai-foundations-and-problem-solving-interview-preparation-guide-freshers,AI foundations and problem solving Interview Guide for Freshers,AI foundations and problem solving,Freshers,ai-foundations-and-problem-solving-interview-preparation-guide-freshers-forsk-coding-school.webp,blog/images/ai-foundations-and-problem-solving-interview-preparation-guide-freshers-forsk-coding-school.webp,HIGH,GENERATE
Blog,ai-foundations-and-problem-solving-tools-workflow-and-skills-guide-working-professionals,AI foundations and problem solving Workflow Guide for Working Professionals,AI foundations and problem solving,Working Professionals,ai-foundations-and-problem-solving-tools-workflow-and-skills-guide-working-professionals-forsk-coding-school.webp,blog/images/ai-foundations-and-problem-solving-tools-workflow-and-skills-guide-working-professionals-forsk-coding-school.webp,HIGH,GENERATE
Blog,neural-network-fundamentals-practical-roadmap-beginners,Neural network fundamentals Roadmap for Beginners,Neural network fundamentals,Beginners,neural-network-fundamentals-practical-roadmap-beginners-forsk-coding-school.webp,blog/images/neural-network-fundamentals-practical-roadmap-beginners-forsk-coding-school.webp,HIGH,GENERATE
Blog,neural-network-fundamentals-project-ideas-and-practice-plan-beginners,Neural network fundamentals Projects for Beginners,Neural network fundamentals,Beginners,neural-network-fundamentals-project-ideas-and-practice-plan-beginners-forsk-coding-school.webp,blog/images/neural-network-fundamentals-project-ideas-and-practice-plan-beginners-forsk-coding-school.webp,HIGH,GENERATE
Blog,neural-network-fundamentals-common-learning-mistakes-to-avoid-beginners,Neural network fundamentals: Common Mistakes Beginners Should Avoid,Neural network fundamentals,Beginners,neural-network-fundamentals-common-learning-mistakes-to-avoid-beginners-forsk-coding-school.webp,blog/images/neural-network-fundamentals-common-learning-mistakes-to-avoid-beginners-forsk-coding-school.webp,HIGH,GENERATE
Blog,neural-network-fundamentals-interview-preparation-guide-freshers,Neural network fundamentals Interview Preparation Guide for Freshers,Neural network fundamentals,Freshers,neural-network-fundamentals-interview-preparation-guide-freshers-forsk-coding-school.webp,blog/images/neural-network-fundamentals-interview-preparation-guide-freshers-forsk-coding-school.webp,HIGH,GENERATE
Blog,neural-network-fundamentals-tools-workflow-and-skills-guide-working-professionals,Neural network fundamentals Workflow Guide for Working Professionals,Neural network fundamentals,Working Professionals,neural-network-fundamentals-tools-workflow-and-skills-guide-working-professionals-forsk-coding-school.webp,blog/images/neural-network-fundamentals-tools-workflow-and-skills-guide-working-professionals-forsk-coding-school.webp,HIGH,GENERATE
Blog,ai-application-design-practical-roadmap-beginners,AI application design Roadmap for Beginners,AI application design,Beginners,ai-application-design-practical-roadmap-beginners-forsk-coding-school.webp,blog/images/ai-application-design-practical-roadmap-beginners-forsk-coding-school.webp,HIGH,GENERATE
Blog,ai-application-design-project-ideas-and-practice-plan-beginners,AI application design Project Ideas and Practice Plan for Beginners,AI application design,Beginners,ai-application-design-project-ideas-and-practice-plan-beginners-forsk-coding-school.webp,blog/images/ai-application-design-project-ideas-and-practice-plan-beginners-forsk-coding-school.webp,HIGH,GENERATE
Blog,ai-application-design-common-learning-mistakes-to-avoid-beginners,AI application design: Common Mistakes Beginners Should Avoid,AI application design,Beginners,ai-application-design-common-learning-mistakes-to-avoid-beginners-forsk-coding-school.webp,blog/images/ai-application-design-common-learning-mistakes-to-avoid-beginners-forsk-coding-school.webp,HIGH,GENERATE
Blog,ai-application-design-interview-preparation-guide-freshers,AI application design Interview Preparation Guide for Freshers,AI application design,Freshers,ai-application-design-interview-preparation-guide-freshers-forsk-coding-school.webp,blog/images/ai-application-design-interview-preparation-guide-freshers-forsk-coding-school.webp,HIGH,GENERATE
Blog,ai-application-design-tools-workflow-and-skills-guide-working-professionals,AI application design Workflow Guide for Working Professionals,AI application design,Working Professionals,ai-application-design-tools-workflow-and-skills-guide-working-professionals-forsk-coding-school.webp,blog/images/ai-application-design-tools-workflow-and-skills-guide-working-professionals-forsk-coding-school.webp,HIGH,GENERATE
Blog,responsible-ai-workflows-practical-roadmap-beginners,Responsible AI workflows Roadmap for Beginners,Responsible AI workflows,Beginners,responsible-ai-workflows-practical-roadmap-beginners-forsk-coding-school.webp,blog/images/responsible-ai-workflows-practical-roadmap-beginners-forsk-coding-school.webp,HIGH,GENERATE
Blog,responsible-ai-workflows-project-ideas-and-practice-plan-beginners,Responsible AI workflows Projects for Beginners,Responsible AI workflows,Beginners,responsible-ai-workflows-project-ideas-and-practice-plan-beginners-forsk-coding-school.webp,blog/images/responsible-ai-workflows-project-ideas-and-practice-plan-beginners-forsk-coding-school.webp,HIGH,GENERATE
Blog,responsible-ai-workflows-common-learning-mistakes-to-avoid-beginners,Responsible AI workflows: Common Mistakes Beginners Should Avoid,Responsible AI workflows,Beginners,responsible-ai-workflows-common-learning-mistakes-to-avoid-beginners-forsk-coding-school.webp,blog/images/responsible-ai-workflows-common-learning-mistakes-to-avoid-beginners-forsk-coding-school.webp,HIGH,GENERATE
Blog,responsible-ai-workflows-interview-preparation-guide-freshers,Responsible AI workflows Interview Preparation Guide for Freshers,Responsible AI workflows,Freshers,responsible-ai-workflows-interview-preparation-guide-freshers-forsk-coding-school.webp,blog/images/responsible-ai-workflows-interview-preparation-guide-freshers-forsk-coding-school.webp,HIGH,GENERATE
Blog,responsible-ai-workflows-tools-workflow-and-skills-guide-working-professionals,Responsible AI workflows Workflow Guide for Working Professionals,Responsible AI workflows,Working Professionals,responsible-ai-workflows-tools-workflow-and-skills-guide-working-professionals-forsk-coding-school.webp,blog/images/responsible-ai-workflows-tools-workflow-and-skills-guide-working-professionals-forsk-coding-school.webp,HIGH,GENERATE
Blog,ai-project-development-practical-roadmap-beginners,AI project development Roadmap for Beginners,AI project development,Beginners,ai-project-development-practical-roadmap-beginners-forsk-coding-school.webp,blog/images/ai-project-development-practical-roadmap-beginners-forsk-coding-school.webp,HIGH,GENERATE
Blog,ai-project-development-project-ideas-and-practice-plan-beginners,AI project development Project Ideas and Practice Plan for Beginners,AI project development,Beginners,ai-project-development-project-ideas-and-practice-plan-beginners-forsk-coding-school.webp,blog/images/ai-project-development-project-ideas-and-practice-plan-beginners-forsk-coding-school.webp,HIGH,GENERATE
Blog,ai-project-development-common-learning-mistakes-to-avoid-beginners,AI project development: Common Mistakes Beginners Should Avoid,AI project development,Beginners,ai-project-development-common-learning-mistakes-to-avoid-beginners-forsk-coding-school.webp,blog/images/ai-project-development-common-learning-mistakes-to-avoid-beginners-forsk-coding-school.webp,HIGH,GENERATE
Blog,ai-project-development-interview-preparation-guide-freshers,AI project development Interview Preparation Guide for Freshers,AI project development,Freshers,ai-project-development-interview-preparation-guide-freshers-forsk-coding-school.webp,blog/images/ai-project-development-interview-preparation-guide-freshers-forsk-coding-school.webp,HIGH,GENERATE
Blog,ai-project-development-tools-workflow-and-skills-guide-working-professionals,AI project development Workflow Guide for Working Professionals,AI project development,Working Professionals,ai-project-development-tools-workflow-and-skills-guide-working-professionals-forsk-coding-school.webp,blog/images/ai-project-development-tools-workflow-and-skills-guide-working-professionals-forsk-coding-school.webp,HIGH,GENERATE
Blog,generative-ai-foundations-practical-roadmap-beginners,Generative AI foundations Roadmap for Beginners,Generative AI foundations,Beginners,generative-ai-foundations-practical-roadmap-beginners-forsk-coding-school.webp,blog/images/generative-ai-foundations-practical-roadmap-beginners-forsk-coding-school.webp,HIGH,GENERATE
Blog,generative-ai-foundations-project-ideas-and-practice-plan-beginners,Generative AI foundations Projects for Beginners,Generative AI foundations,Beginners,generative-ai-foundations-project-ideas-and-practice-plan-beginners-forsk-coding-school.webp,blog/images/generative-ai-foundations-project-ideas-and-practice-plan-beginners-forsk-coding-school.webp,HIGH,GENERATE
Blog,generative-ai-foundations-common-learning-mistakes-to-avoid-beginners,Generative AI foundations: Common Mistakes Beginners Should Avoid,Generative AI foundations,Beginners,generative-ai-foundations-common-learning-mistakes-to-avoid-beginners-forsk-coding-school.webp,blog/images/generative-ai-foundations-common-learning-mistakes-to-avoid-beginners-forsk-coding-school.webp,HIGH,GENERATE
Blog,generative-ai-foundations-interview-preparation-guide-freshers,Generative AI foundations Interview Preparation Guide for Freshers,Generative AI foundations,Freshers,generative-ai-foundations-interview-preparation-guide-freshers-forsk-coding-school.webp,blog/images/generative-ai-foundations-interview-preparation-guide-freshers-forsk-coding-school.webp,HIGH,GENERATE
Blog,generative-ai-foundations-tools-workflow-and-skills-guide-working-professionals,Generative AI foundations Workflow Guide for Working Professionals,Generative AI foundations,Working Professionals,generative-ai-foundations-tools-workflow-and-skills-guide-working-professionals-forsk-coding-school.webp,blog/images/generative-ai-foundations-tools-workflow-and-skills-guide-working-professionals-forsk-coding-school.webp,HIGH,GENERATE
Blog,prompt-engineering-workflows-practical-roadmap-beginners,Prompt engineering workflows Roadmap for Beginners,Prompt engineering workflows,Beginners,prompt-engineering-workflows-practical-roadmap-beginners-forsk-coding-school.webp,blog/images/prompt-engineering-workflows-practical-roadmap-beginners-forsk-coding-school.webp,HIGH,GENERATE
Blog,prompt-engineering-workflows-project-ideas-and-practice-plan-beginners,Prompt engineering workflows Projects for Beginners,Prompt engineering workflows,Beginners,prompt-engineering-workflows-project-ideas-and-practice-plan-beginners-forsk-coding-school.webp,blog/images/prompt-engineering-workflows-project-ideas-and-practice-plan-beginners-forsk-coding-school.webp,HIGH,GENERATE
Blog,prompt-engineering-workflows-common-learning-mistakes-to-avoid-beginners,Prompt engineering workflows: Common Mistakes Beginners Should Avoid,Prompt engineering workflows,Beginners,prompt-engineering-workflows-common-learning-mistakes-to-avoid-beginners-forsk-coding-school.webp,blog/images/prompt-engineering-workflows-common-learning-mistakes-to-avoid-beginners-forsk-coding-school.webp,HIGH,GENERATE
Blog,prompt-engineering-workflows-interview-preparation-guide-freshers,Prompt engineering workflows Interview Guide for Freshers,Prompt engineering workflows,Freshers,prompt-engineering-workflows-interview-preparation-guide-freshers-forsk-coding-school.webp,blog/images/prompt-engineering-workflows-interview-preparation-guide-freshers-forsk-coding-school.webp,HIGH,GENERATE
Blog,prompt-engineering-workflows-tools-workflow-and-skills-guide-working-professionals,Prompt engineering workflows Workflow Guide for Working Professionals,Prompt engineering workflows,Working Professionals,prompt-engineering-workflows-tools-workflow-and-skills-guide-working-professionals-forsk-coding-school.webp,blog/images/prompt-engineering-workflows-tools-workflow-and-skills-guide-working-professionals-forsk-coding-school.webp,HIGH,GENERATE
Blog,rag-application-fundamentals-practical-roadmap-beginners,RAG application fundamentals Roadmap for Beginners,RAG application fundamentals,Beginners,rag-application-fundamentals-practical-roadmap-beginners-forsk-coding-school.webp,blog/images/rag-application-fundamentals-practical-roadmap-beginners-forsk-coding-school.webp,HIGH,GENERATE
Blog,rag-application-fundamentals-project-ideas-and-practice-plan-beginners,RAG application fundamentals Projects for Beginners,RAG application fundamentals,Beginners,rag-application-fundamentals-project-ideas-and-practice-plan-beginners-forsk-coding-school.webp,blog/images/rag-application-fundamentals-project-ideas-and-practice-plan-beginners-forsk-coding-school.webp,HIGH,GENERATE
Blog,rag-application-fundamentals-common-learning-mistakes-to-avoid-beginners,RAG application fundamentals: Common Mistakes Beginners Should Avoid,RAG application fundamentals,Beginners,rag-application-fundamentals-common-learning-mistakes-to-avoid-beginners-forsk-coding-school.webp,blog/images/rag-application-fundamentals-common-learning-mistakes-to-avoid-beginners-forsk-coding-school.webp,HIGH,GENERATE
Blog,rag-application-fundamentals-interview-preparation-guide-freshers,RAG application fundamentals Interview Guide for Freshers,RAG application fundamentals,Freshers,rag-application-fundamentals-interview-preparation-guide-freshers-forsk-coding-school.webp,blog/images/rag-application-fundamentals-interview-preparation-guide-freshers-forsk-coding-school.webp,HIGH,GENERATE
Blog,rag-application-fundamentals-tools-workflow-and-skills-guide-working-professionals,RAG application fundamentals Workflow Guide for Working Professionals,RAG application fundamentals,Working Professionals,rag-application-fundamentals-tools-workflow-and-skills-guide-working-professionals-forsk-coding-school.webp,blog/images/rag-application-fundamentals-tools-workflow-and-skills-guide-working-professionals-forsk-coding-school.webp,HIGH,GENERATE
Blog,llm-api-integration-practical-roadmap-beginners,LLM API integration: Beginner Roadmap from Fundamentals to Projects,LLM API integration,Beginners,llm-api-integration-practical-roadmap-beginners-forsk-coding-school.webp,blog/images/llm-api-integration-practical-roadmap-beginners-forsk-coding-school.webp,HIGH,GENERATE
Blog,llm-api-integration-project-ideas-and-practice-plan-beginners,LLM API integration Project Ideas and Practice Plan for Beginners,LLM API integration,Beginners,llm-api-integration-project-ideas-and-practice-plan-beginners-forsk-coding-school.webp,blog/images/llm-api-integration-project-ideas-and-practice-plan-beginners-forsk-coding-school.webp,HIGH,GENERATE
Blog,llm-api-integration-common-learning-mistakes-to-avoid-beginners,LLM API integration: Common Mistakes Beginners Should Avoid,LLM API integration,Beginners,llm-api-integration-common-learning-mistakes-to-avoid-beginners-forsk-coding-school.webp,blog/images/llm-api-integration-common-learning-mistakes-to-avoid-beginners-forsk-coding-school.webp,HIGH,GENERATE
Blog,llm-api-integration-interview-preparation-guide-freshers,LLM API integration Interview Preparation Guide for Freshers,LLM API integration,Freshers,llm-api-integration-interview-preparation-guide-freshers-forsk-coding-school.webp,blog/images/llm-api-integration-interview-preparation-guide-freshers-forsk-coding-school.webp,HIGH,GENERATE
Blog,llm-api-integration-tools-workflow-and-skills-guide-working-professionals,LLM API integration Workflow Guide for Working Professionals,LLM API integration,Working Professionals,llm-api-integration-tools-workflow-and-skills-guide-working-professionals-forsk-coding-school.webp,blog/images/llm-api-integration-tools-workflow-and-skills-guide-working-professionals-forsk-coding-school.webp,HIGH,GENERATE
Blog,ai-agent-project-design-practical-roadmap-beginners,AI agent project design Roadmap for Beginners,AI agent project design,Beginners,ai-agent-project-design-practical-roadmap-beginners-forsk-coding-school.webp,blog/images/ai-agent-project-design-practical-roadmap-beginners-forsk-coding-school.webp,HIGH,GENERATE
Blog,ai-agent-project-design-project-ideas-and-practice-plan-beginners,AI agent project design Projects for Beginners,AI agent project design,Beginners,ai-agent-project-design-project-ideas-and-practice-plan-beginners-forsk-coding-school.webp,blog/images/ai-agent-project-design-project-ideas-and-practice-plan-beginners-forsk-coding-school.webp,HIGH,GENERATE
Blog,ai-agent-project-design-common-learning-mistakes-to-avoid-beginners,AI agent project design: Common Mistakes Beginners Should Avoid,AI agent project design,Beginners,ai-agent-project-design-common-learning-mistakes-to-avoid-beginners-forsk-coding-school.webp,blog/images/ai-agent-project-design-common-learning-mistakes-to-avoid-beginners-forsk-coding-school.webp,HIGH,GENERATE
Blog,ai-agent-project-design-interview-preparation-guide-freshers,AI agent project design Interview Preparation Guide for Freshers,AI agent project design,Freshers,ai-agent-project-design-interview-preparation-guide-freshers-forsk-coding-school.webp,blog/images/ai-agent-project-design-interview-preparation-guide-freshers-forsk-coding-school.webp,HIGH,GENERATE
Blog,ai-agent-project-design-tools-workflow-and-skills-guide-working-professionals,AI agent project design Workflow Guide for Working Professionals,AI agent project design,Working Professionals,ai-agent-project-design-tools-workflow-and-skills-guide-working-professionals-forsk-coding-school.webp,blog/images/ai-agent-project-design-tools-workflow-and-skills-guide-working-professionals-forsk-coding-school.webp,HIGH,GENERATE
Blog,cyber-security-foundations-practical-roadmap-beginners,Cyber security foundations Roadmap for Beginners,Cyber security foundations,Beginners,cyber-security-foundations-practical-roadmap-beginners-forsk-coding-school.webp,blog/images/cyber-security-foundations-practical-roadmap-beginners-forsk-coding-school.webp,HIGH,GENERATE
Blog,cyber-security-foundations-project-ideas-and-practice-plan-beginners,Cyber security foundations Projects for Beginners,Cyber security foundations,Beginners,cyber-security-foundations-project-ideas-and-practice-plan-beginners-forsk-coding-school.webp,blog/images/cyber-security-foundations-project-ideas-and-practice-plan-beginners-forsk-coding-school.webp,HIGH,GENERATE
Blog,cyber-security-foundations-common-learning-mistakes-to-avoid-beginners,Cyber security foundations: Common Mistakes Beginners Should Avoid,Cyber security foundations,Beginners,cyber-security-foundations-common-learning-mistakes-to-avoid-beginners-forsk-coding-school.webp,blog/images/cyber-security-foundations-common-learning-mistakes-to-avoid-beginners-forsk-coding-school.webp,HIGH,GENERATE
Blog,cyber-security-foundations-interview-preparation-guide-freshers,Cyber security foundations Interview Preparation Guide for Freshers,Cyber security foundations,Freshers,cyber-security-foundations-interview-preparation-guide-freshers-forsk-coding-school.webp,blog/images/cyber-security-foundations-interview-preparation-guide-freshers-forsk-coding-school.webp,HIGH,GENERATE
Blog,cyber-security-foundations-tools-workflow-and-skills-guide-working-professionals,Cyber security foundations Workflow Guide for Working Professionals,Cyber security foundations,Working Professionals,cyber-security-foundations-tools-workflow-and-skills-guide-working-professionals-forsk-coding-school.webp,blog/images/cyber-security-foundations-tools-workflow-and-skills-guide-working-professionals-forsk-coding-school.webp,HIGH,GENERATE
Blog,network-security-fundamentals-practical-roadmap-beginners,Network security fundamentals Roadmap for Beginners,Network security fundamentals,Beginners,network-security-fundamentals-practical-roadmap-beginners-forsk-coding-school.webp,blog/images/network-security-fundamentals-practical-roadmap-beginners-forsk-coding-school.webp,HIGH,GENERATE
Blog,network-security-fundamentals-project-ideas-and-practice-plan-beginners,Network security fundamentals Projects for Beginners,Network security fundamentals,Beginners,network-security-fundamentals-project-ideas-and-practice-plan-beginners-forsk-coding-school.webp,blog/images/network-security-fundamentals-project-ideas-and-practice-plan-beginners-forsk-coding-school.webp,HIGH,GENERATE
Blog,network-security-fundamentals-common-learning-mistakes-to-avoid-beginners,Network security fundamentals Mistakes to Avoid for Beginners,Network security fundamentals,Beginners,network-security-fundamentals-common-learning-mistakes-to-avoid-beginners-forsk-coding-school.webp,blog/images/network-security-fundamentals-common-learning-mistakes-to-avoid-beginners-forsk-coding-school.webp,HIGH,GENERATE
Blog,network-security-fundamentals-interview-preparation-guide-freshers,Network security fundamentals Interview Guide for Freshers,Network security fundamentals,Freshers,network-security-fundamentals-interview-preparation-guide-freshers-forsk-coding-school.webp,blog/images/network-security-fundamentals-interview-preparation-guide-freshers-forsk-coding-school.webp,HIGH,GENERATE
Blog,network-security-fundamentals-tools-workflow-and-skills-guide-working-professionals,Network security fundamentals Workflow Guide for Working Professionals,Network security fundamentals,Working Professionals,network-security-fundamentals-tools-workflow-and-skills-guide-working-professionals-forsk-coding-school.webp,blog/images/network-security-fundamentals-tools-workflow-and-skills-guide-working-professionals-forsk-coding-school.webp,HIGH,GENERATE
Blog,web-security-awareness-practical-roadmap-beginners,Web security awareness Roadmap for Beginners,Web security awareness,Beginners,web-security-awareness-practical-roadmap-beginners-forsk-coding-school.webp,blog/images/web-security-awareness-practical-roadmap-beginners-forsk-coding-school.webp,HIGH,GENERATE
Blog,web-security-awareness-project-ideas-and-practice-plan-beginners,Web security awareness Project Ideas and Practice Plan for Beginners,Web security awareness,Beginners,web-security-awareness-project-ideas-and-practice-plan-beginners-forsk-coding-school.webp,blog/images/web-security-awareness-project-ideas-and-practice-plan-beginners-forsk-coding-school.webp,HIGH,GENERATE
Blog,web-security-awareness-common-learning-mistakes-to-avoid-beginners,Web security awareness: Common Mistakes Beginners Should Avoid,Web security awareness,Beginners,web-security-awareness-common-learning-mistakes-to-avoid-beginners-forsk-coding-school.webp,blog/images/web-security-awareness-common-learning-mistakes-to-avoid-beginners-forsk-coding-school.webp,HIGH,GENERATE
Blog,web-security-awareness-interview-preparation-guide-freshers,Web security awareness Interview Preparation Guide for Freshers,Web security awareness,Freshers,web-security-awareness-interview-preparation-guide-freshers-forsk-coding-school.webp,blog/images/web-security-awareness-interview-preparation-guide-freshers-forsk-coding-school.webp,HIGH,GENERATE
Blog,web-security-awareness-tools-workflow-and-skills-guide-working-professionals,Web security awareness Workflow Guide for Working Professionals,Web security awareness,Working Professionals,web-security-awareness-tools-workflow-and-skills-guide-working-professionals-forsk-coding-school.webp,blog/images/web-security-awareness-tools-workflow-and-skills-guide-working-professionals-forsk-coding-school.webp,HIGH,GENERATE
Blog,security-monitoring-and-soc-basics-practical-roadmap-beginners,Security monitoring and SOC basics Roadmap for Beginners,Security monitoring and SOC basics,Beginners,security-monitoring-and-soc-basics-practical-roadmap-beginners-forsk-coding-school.webp,blog/images/security-monitoring-and-soc-basics-practical-roadmap-beginners-forsk-coding-school.webp,HIGH,GENERATE
Blog,security-monitoring-and-soc-basics-project-ideas-and-practice-plan-beginners,Security monitoring and SOC basics Projects for Beginners,Security monitoring and SOC basics,Beginners,security-monitoring-and-soc-basics-project-ideas-and-practice-plan-beginners-forsk-coding-school.webp,blog/images/security-monitoring-and-soc-basics-project-ideas-and-practice-plan-beginners-forsk-coding-school.webp,HIGH,GENERATE
Blog,security-monitoring-and-soc-basics-common-learning-mistakes-to-avoid-beginners,Security monitoring and SOC basics Mistakes to Avoid for Beginners,Security monitoring and SOC basics,Beginners,security-monitoring-and-soc-basics-common-learning-mistakes-to-avoid-beginners-forsk-coding-school.webp,blog/images/security-monitoring-and-soc-basics-common-learning-mistakes-to-avoid-beginners-forsk-coding-school.webp,HIGH,GENERATE
Blog,security-monitoring-and-soc-basics-interview-preparation-guide-freshers,Security monitoring and SOC basics Interview Guide for Freshers,Security monitoring and SOC basics,Freshers,security-monitoring-and-soc-basics-interview-preparation-guide-freshers-forsk-coding-school.webp,blog/images/security-monitoring-and-soc-basics-interview-preparation-guide-freshers-forsk-coding-school.webp,HIGH,GENERATE
Blog,security-monitoring-and-soc-basics-tools-workflow-and-skills-guide-working-professionals,Security monitoring and SOC basics Workflow Guide for Working Professionals,Security monitoring and SOC basics,Working Professionals,security-monitoring-and-soc-basics-tools-workflow-and-skills-guide-working-professionals-forsk-coding-school.webp,blog/images/security-monitoring-and-soc-basics-tools-workflow-and-skills-guide-working-professionals-forsk-coding-school.webp,HIGH,GENERATE
Blog,ethical-security-testing-workflow-practical-roadmap-beginners,Ethical security testing workflow Roadmap for Beginners,Ethical security testing workflow,Beginners,ethical-security-testing-workflow-practical-roadmap-beginners-forsk-coding-school.webp,blog/images/ethical-security-testing-workflow-practical-roadmap-beginners-forsk-coding-school.webp,HIGH,GENERATE
Blog,ethical-security-testing-workflow-project-ideas-and-practice-plan-beginners,Ethical security testing workflow Projects for Beginners,Ethical security testing workflow,Beginners,ethical-security-testing-workflow-project-ideas-and-practice-plan-beginners-forsk-coding-school.webp,blog/images/ethical-security-testing-workflow-project-ideas-and-practice-plan-beginners-forsk-coding-school.webp,HIGH,GENERATE
Blog,ethical-security-testing-workflow-common-learning-mistakes-to-avoid-beginners,Ethical security testing workflow Mistakes to Avoid for Beginners,Ethical security testing workflow,Beginners,ethical-security-testing-workflow-common-learning-mistakes-to-avoid-beginners-forsk-coding-school.webp,blog/images/ethical-security-testing-workflow-common-learning-mistakes-to-avoid-beginners-forsk-coding-school.webp,HIGH,GENERATE
Blog,ethical-security-testing-workflow-interview-preparation-guide-freshers,Ethical security testing workflow Interview Guide for Freshers,Ethical security testing workflow,Freshers,ethical-security-testing-workflow-interview-preparation-guide-freshers-forsk-coding-school.webp,blog/images/ethical-security-testing-workflow-interview-preparation-guide-freshers-forsk-coding-school.webp,HIGH,GENERATE
Blog,ethical-security-testing-workflow-tools-workflow-and-skills-guide-working-professionals,Ethical security testing workflow Workflow Guide for Working Professionals,Ethical security testing workflow,Working Professionals,ethical-security-testing-workflow-tools-workflow-and-skills-guide-working-professionals-forsk-coding-school.webp,blog/images/ethical-security-testing-workflow-tools-workflow-and-skills-guide-working-professionals-forsk-coding-school.webp,HIGH,GENERATE
Blog,cloud-computing-foundations-practical-roadmap-beginners,Cloud computing foundations Roadmap for Beginners,Cloud computing foundations,Beginners,cloud-computing-foundations-practical-roadmap-beginners-forsk-coding-school.webp,blog/images/cloud-computing-foundations-practical-roadmap-beginners-forsk-coding-school.webp,HIGH,GENERATE
Blog,cloud-computing-foundations-project-ideas-and-practice-plan-beginners,Cloud computing foundations Projects for Beginners,Cloud computing foundations,Beginners,cloud-computing-foundations-project-ideas-and-practice-plan-beginners-forsk-coding-school.webp,blog/images/cloud-computing-foundations-project-ideas-and-practice-plan-beginners-forsk-coding-school.webp,HIGH,GENERATE
Blog,cloud-computing-foundations-common-learning-mistakes-to-avoid-beginners,Cloud computing foundations: Common Mistakes Beginners Should Avoid,Cloud computing foundations,Beginners,cloud-computing-foundations-common-learning-mistakes-to-avoid-beginners-forsk-coding-school.webp,blog/images/cloud-computing-foundations-common-learning-mistakes-to-avoid-beginners-forsk-coding-school.webp,HIGH,GENERATE
Blog,cloud-computing-foundations-interview-preparation-guide-freshers,Cloud computing foundations Interview Preparation Guide for Freshers,Cloud computing foundations,Freshers,cloud-computing-foundations-interview-preparation-guide-freshers-forsk-coding-school.webp,blog/images/cloud-computing-foundations-interview-preparation-guide-freshers-forsk-coding-school.webp,HIGH,GENERATE
Blog,cloud-computing-foundations-tools-workflow-and-skills-guide-working-professionals,Cloud computing foundations Workflow Guide for Working Professionals,Cloud computing foundations,Working Professionals,cloud-computing-foundations-tools-workflow-and-skills-guide-working-professionals-forsk-coding-school.webp,blog/images/cloud-computing-foundations-tools-workflow-and-skills-guide-working-professionals-forsk-coding-school.webp,HIGH,GENERATE
Blog,aws-cloud-fundamentals-practical-roadmap-beginners,AWS cloud fundamentals Roadmap for Beginners,AWS cloud fundamentals,Beginners,aws-cloud-fundamentals-practical-roadmap-beginners-forsk-coding-school.webp,blog/images/aws-cloud-fundamentals-practical-roadmap-beginners-forsk-coding-school.webp,HIGH,GENERATE
Blog,aws-cloud-fundamentals-project-ideas-and-practice-plan-beginners,AWS cloud fundamentals Project Ideas and Practice Plan for Beginners,AWS cloud fundamentals,Beginners,aws-cloud-fundamentals-project-ideas-and-practice-plan-beginners-forsk-coding-school.webp,blog/images/aws-cloud-fundamentals-project-ideas-and-practice-plan-beginners-forsk-coding-school.webp,HIGH,GENERATE
Blog,aws-cloud-fundamentals-common-learning-mistakes-to-avoid-beginners,AWS cloud fundamentals: Common Mistakes Beginners Should Avoid,AWS cloud fundamentals,Beginners,aws-cloud-fundamentals-common-learning-mistakes-to-avoid-beginners-forsk-coding-school.webp,blog/images/aws-cloud-fundamentals-common-learning-mistakes-to-avoid-beginners-forsk-coding-school.webp,HIGH,GENERATE
Blog,aws-cloud-fundamentals-interview-preparation-guide-freshers,AWS cloud fundamentals Interview Preparation Guide for Freshers,AWS cloud fundamentals,Freshers,aws-cloud-fundamentals-interview-preparation-guide-freshers-forsk-coding-school.webp,blog/images/aws-cloud-fundamentals-interview-preparation-guide-freshers-forsk-coding-school.webp,HIGH,GENERATE
Blog,aws-cloud-fundamentals-tools-workflow-and-skills-guide-working-professionals,AWS cloud fundamentals Workflow Guide for Working Professionals,AWS cloud fundamentals,Working Professionals,aws-cloud-fundamentals-tools-workflow-and-skills-guide-working-professionals-forsk-coding-school.webp,blog/images/aws-cloud-fundamentals-tools-workflow-and-skills-guide-working-professionals-forsk-coding-school.webp,HIGH,GENERATE
Blog,azure-cloud-fundamentals-practical-roadmap-beginners,Azure cloud fundamentals Roadmap for Beginners,Azure cloud fundamentals,Beginners,azure-cloud-fundamentals-practical-roadmap-beginners-forsk-coding-school.webp,blog/images/azure-cloud-fundamentals-practical-roadmap-beginners-forsk-coding-school.webp,HIGH,GENERATE
Blog,azure-cloud-fundamentals-project-ideas-and-practice-plan-beginners,Azure cloud fundamentals Projects for Beginners,Azure cloud fundamentals,Beginners,azure-cloud-fundamentals-project-ideas-and-practice-plan-beginners-forsk-coding-school.webp,blog/images/azure-cloud-fundamentals-project-ideas-and-practice-plan-beginners-forsk-coding-school.webp,HIGH,GENERATE
Blog,azure-cloud-fundamentals-common-learning-mistakes-to-avoid-beginners,Azure cloud fundamentals: Common Mistakes Beginners Should Avoid,Azure cloud fundamentals,Beginners,azure-cloud-fundamentals-common-learning-mistakes-to-avoid-beginners-forsk-coding-school.webp,blog/images/azure-cloud-fundamentals-common-learning-mistakes-to-avoid-beginners-forsk-coding-school.webp,HIGH,GENERATE
Blog,azure-cloud-fundamentals-interview-preparation-guide-freshers,Azure cloud fundamentals Interview Preparation Guide for Freshers,Azure cloud fundamentals,Freshers,azure-cloud-fundamentals-interview-preparation-guide-freshers-forsk-coding-school.webp,blog/images/azure-cloud-fundamentals-interview-preparation-guide-freshers-forsk-coding-school.webp,HIGH,GENERATE
Blog,azure-cloud-fundamentals-tools-workflow-and-skills-guide-working-professionals,Azure cloud fundamentals Workflow Guide for Working Professionals,Azure cloud fundamentals,Working Professionals,azure-cloud-fundamentals-tools-workflow-and-skills-guide-working-professionals-forsk-coding-school.webp,blog/images/azure-cloud-fundamentals-tools-workflow-and-skills-guide-working-professionals-forsk-coding-school.webp,HIGH,GENERATE
Blog,cloud-networking-and-identity-practical-roadmap-beginners,Cloud networking and identity Roadmap for Beginners,Cloud networking and identity,Beginners,cloud-networking-and-identity-practical-roadmap-beginners-forsk-coding-school.webp,blog/images/cloud-networking-and-identity-practical-roadmap-beginners-forsk-coding-school.webp,HIGH,GENERATE
Blog,cloud-networking-and-identity-project-ideas-and-practice-plan-beginners,Cloud networking and identity Projects for Beginners,Cloud networking and identity,Beginners,cloud-networking-and-identity-project-ideas-and-practice-plan-beginners-forsk-coding-school.webp,blog/images/cloud-networking-and-identity-project-ideas-and-practice-plan-beginners-forsk-coding-school.webp,HIGH,GENERATE
Blog,cloud-networking-and-identity-common-learning-mistakes-to-avoid-beginners,Cloud networking and identity Mistakes to Avoid for Beginners,Cloud networking and identity,Beginners,cloud-networking-and-identity-common-learning-mistakes-to-avoid-beginners-forsk-coding-school.webp,blog/images/cloud-networking-and-identity-common-learning-mistakes-to-avoid-beginners-forsk-coding-school.webp,HIGH,GENERATE
Blog,cloud-networking-and-identity-interview-preparation-guide-freshers,Cloud networking and identity Interview Guide for Freshers,Cloud networking and identity,Freshers,cloud-networking-and-identity-interview-preparation-guide-freshers-forsk-coding-school.webp,blog/images/cloud-networking-and-identity-interview-preparation-guide-freshers-forsk-coding-school.webp,HIGH,GENERATE
Blog,cloud-networking-and-identity-tools-workflow-and-skills-guide-working-professionals,Cloud networking and identity Workflow Guide for Working Professionals,Cloud networking and identity,Working Professionals,cloud-networking-and-identity-tools-workflow-and-skills-guide-working-professionals-forsk-coding-school.webp,blog/images/cloud-networking-and-identity-tools-workflow-and-skills-guide-working-professionals-forsk-coding-school.webp,HIGH,GENERATE
Blog,cloud-deployment-architecture-practical-roadmap-beginners,Cloud deployment architecture Roadmap for Beginners,Cloud deployment architecture,Beginners,cloud-deployment-architecture-practical-roadmap-beginners-forsk-coding-school.webp,blog/images/cloud-deployment-architecture-practical-roadmap-beginners-forsk-coding-school.webp,HIGH,GENERATE
Blog,cloud-deployment-architecture-project-ideas-and-practice-plan-beginners,Cloud deployment architecture Projects for Beginners,Cloud deployment architecture,Beginners,cloud-deployment-architecture-project-ideas-and-practice-plan-beginners-forsk-coding-school.webp,blog/images/cloud-deployment-architecture-project-ideas-and-practice-plan-beginners-forsk-coding-school.webp,HIGH,GENERATE
Blog,cloud-deployment-architecture-common-learning-mistakes-to-avoid-beginners,Cloud deployment architecture Mistakes to Avoid for Beginners,Cloud deployment architecture,Beginners,cloud-deployment-architecture-common-learning-mistakes-to-avoid-beginners-forsk-coding-school.webp,blog/images/cloud-deployment-architecture-common-learning-mistakes-to-avoid-beginners-forsk-coding-school.webp,HIGH,GENERATE
Blog,cloud-deployment-architecture-interview-preparation-guide-freshers,Cloud deployment architecture Interview Guide for Freshers,Cloud deployment architecture,Freshers,cloud-deployment-architecture-interview-preparation-guide-freshers-forsk-coding-school.webp,blog/images/cloud-deployment-architecture-interview-preparation-guide-freshers-forsk-coding-school.webp,HIGH,GENERATE
Blog,cloud-deployment-architecture-tools-workflow-and-skills-guide-working-professionals,Cloud deployment architecture Workflow Guide for Working Professionals,Cloud deployment architecture,Working Professionals,cloud-deployment-architecture-tools-workflow-and-skills-guide-working-professionals-forsk-coding-school.webp,blog/images/cloud-deployment-architecture-tools-workflow-and-skills-guide-working-professionals-forsk-coding-school.webp,HIGH,GENERATE
Blog,devops-foundations-practical-roadmap-beginners,DevOps foundations: Beginner Roadmap from Fundamentals to Projects,DevOps foundations,Beginners,devops-foundations-practical-roadmap-beginners-forsk-coding-school.webp,blog/images/devops-foundations-practical-roadmap-beginners-forsk-coding-school.webp,HIGH,GENERATE
Blog,devops-foundations-project-ideas-and-practice-plan-beginners,DevOps foundations Project Ideas and Practice Plan for Beginners,DevOps foundations,Beginners,devops-foundations-project-ideas-and-practice-plan-beginners-forsk-coding-school.webp,blog/images/devops-foundations-project-ideas-and-practice-plan-beginners-forsk-coding-school.webp,HIGH,GENERATE
Blog,devops-foundations-common-learning-mistakes-to-avoid-beginners,DevOps foundations: Common Mistakes Beginners Should Avoid,DevOps foundations,Beginners,devops-foundations-common-learning-mistakes-to-avoid-beginners-forsk-coding-school.webp,blog/images/devops-foundations-common-learning-mistakes-to-avoid-beginners-forsk-coding-school.webp,HIGH,GENERATE
Blog,devops-foundations-interview-preparation-guide-freshers,DevOps foundations Interview Preparation Guide for Freshers,DevOps foundations,Freshers,devops-foundations-interview-preparation-guide-freshers-forsk-coding-school.webp,blog/images/devops-foundations-interview-preparation-guide-freshers-forsk-coding-school.webp,HIGH,GENERATE
Blog,devops-foundations-tools-workflow-and-skills-guide-working-professionals,DevOps foundations Workflow Guide for Working Professionals,DevOps foundations,Working Professionals,devops-foundations-tools-workflow-and-skills-guide-working-professionals-forsk-coding-school.webp,blog/images/devops-foundations-tools-workflow-and-skills-guide-working-professionals-forsk-coding-school.webp,HIGH,GENERATE
Blog,docker-container-workflow-practical-roadmap-beginners,Docker container workflow Roadmap for Beginners,Docker container workflow,Beginners,docker-container-workflow-practical-roadmap-beginners-forsk-coding-school.webp,blog/images/docker-container-workflow-practical-roadmap-beginners-forsk-coding-school.webp,HIGH,GENERATE
Blog,docker-container-workflow-project-ideas-and-practice-plan-beginners,Docker container workflow Projects for Beginners,Docker container workflow,Beginners,docker-container-workflow-project-ideas-and-practice-plan-beginners-forsk-coding-school.webp,blog/images/docker-container-workflow-project-ideas-and-practice-plan-beginners-forsk-coding-school.webp,HIGH,GENERATE
Blog,docker-container-workflow-common-learning-mistakes-to-avoid-beginners,Docker container workflow: Common Mistakes Beginners Should Avoid,Docker container workflow,Beginners,docker-container-workflow-common-learning-mistakes-to-avoid-beginners-forsk-coding-school.webp,blog/images/docker-container-workflow-common-learning-mistakes-to-avoid-beginners-forsk-coding-school.webp,HIGH,GENERATE
Blog,docker-container-workflow-interview-preparation-guide-freshers,Docker container workflow Interview Preparation Guide for Freshers,Docker container workflow,Freshers,docker-container-workflow-interview-preparation-guide-freshers-forsk-coding-school.webp,blog/images/docker-container-workflow-interview-preparation-guide-freshers-forsk-coding-school.webp,HIGH,GENERATE
Blog,docker-container-workflow-tools-workflow-and-skills-guide-working-professionals,Docker container workflow Workflow Guide for Working Professionals,Docker container workflow,Working Professionals,docker-container-workflow-tools-workflow-and-skills-guide-working-professionals-forsk-coding-school.webp,blog/images/docker-container-workflow-tools-workflow-and-skills-guide-working-professionals-forsk-coding-school.webp,HIGH,GENERATE
Blog,ci-cd-pipeline-fundamentals-practical-roadmap-beginners,CI/CD pipeline fundamentals Roadmap for Beginners,CI/CD pipeline fundamentals,Beginners,ci-cd-pipeline-fundamentals-practical-roadmap-beginners-forsk-coding-school.webp,blog/images/ci-cd-pipeline-fundamentals-practical-roadmap-beginners-forsk-coding-school.webp,HIGH,GENERATE
Blog,ci-cd-pipeline-fundamentals-project-ideas-and-practice-plan-beginners,CI/CD pipeline fundamentals Projects for Beginners,CI/CD pipeline fundamentals,Beginners,ci-cd-pipeline-fundamentals-project-ideas-and-practice-plan-beginners-forsk-coding-school.webp,blog/images/ci-cd-pipeline-fundamentals-project-ideas-and-practice-plan-beginners-forsk-coding-school.webp,HIGH,GENERATE
Blog,ci-cd-pipeline-fundamentals-common-learning-mistakes-to-avoid-beginners,CI/CD pipeline fundamentals: Common Mistakes Beginners Should Avoid,CI/CD pipeline fundamentals,Beginners,ci-cd-pipeline-fundamentals-common-learning-mistakes-to-avoid-beginners-forsk-coding-school.webp,blog/images/ci-cd-pipeline-fundamentals-common-learning-mistakes-to-avoid-beginners-forsk-coding-school.webp,HIGH,GENERATE
Blog,ci-cd-pipeline-fundamentals-interview-preparation-guide-freshers,CI/CD pipeline fundamentals Interview Preparation Guide for Freshers,CI/CD pipeline fundamentals,Freshers,ci-cd-pipeline-fundamentals-interview-preparation-guide-freshers-forsk-coding-school.webp,blog/images/ci-cd-pipeline-fundamentals-interview-preparation-guide-freshers-forsk-coding-school.webp,HIGH,GENERATE
Blog,ci-cd-pipeline-fundamentals-tools-workflow-and-skills-guide-working-professionals,CI/CD pipeline fundamentals Workflow Guide for Working Professionals,CI/CD pipeline fundamentals,Working Professionals,ci-cd-pipeline-fundamentals-tools-workflow-and-skills-guide-working-professionals-forsk-coding-school.webp,blog/images/ci-cd-pipeline-fundamentals-tools-workflow-and-skills-guide-working-professionals-forsk-coding-school.webp,HIGH,GENERATE
Blog,kubernetes-fundamentals-practical-roadmap-beginners,Kubernetes fundamentals Roadmap for Beginners,Kubernetes fundamentals,Beginners,kubernetes-fundamentals-practical-roadmap-beginners-forsk-coding-school.webp,blog/images/kubernetes-fundamentals-practical-roadmap-beginners-forsk-coding-school.webp,HIGH,GENERATE
Blog,kubernetes-fundamentals-project-ideas-and-practice-plan-beginners,Kubernetes fundamentals Projects for Beginners,Kubernetes fundamentals,Beginners,kubernetes-fundamentals-project-ideas-and-practice-plan-beginners-forsk-coding-school.webp,blog/images/kubernetes-fundamentals-project-ideas-and-practice-plan-beginners-forsk-coding-school.webp,HIGH,GENERATE
Blog,kubernetes-fundamentals-common-learning-mistakes-to-avoid-beginners,Kubernetes fundamentals: Common Mistakes Beginners Should Avoid,Kubernetes fundamentals,Beginners,kubernetes-fundamentals-common-learning-mistakes-to-avoid-beginners-forsk-coding-school.webp,blog/images/kubernetes-fundamentals-common-learning-mistakes-to-avoid-beginners-forsk-coding-school.webp,HIGH,GENERATE
Blog,kubernetes-fundamentals-interview-preparation-guide-freshers,Kubernetes fundamentals Interview Preparation Guide for Freshers,Kubernetes fundamentals,Freshers,kubernetes-fundamentals-interview-preparation-guide-freshers-forsk-coding-school.webp,blog/images/kubernetes-fundamentals-interview-preparation-guide-freshers-forsk-coding-school.webp,HIGH,GENERATE
Blog,kubernetes-fundamentals-tools-workflow-and-skills-guide-working-professionals,Kubernetes fundamentals Workflow Guide for Working Professionals,Kubernetes fundamentals,Working Professionals,kubernetes-fundamentals-tools-workflow-and-skills-guide-working-professionals-forsk-coding-school.webp,blog/images/kubernetes-fundamentals-tools-workflow-and-skills-guide-working-professionals-forsk-coding-school.webp,HIGH,GENERATE
Blog,devops-monitoring-and-deployment-practical-roadmap-beginners,DevOps monitoring and deployment Roadmap for Beginners,DevOps monitoring and deployment,Beginners,devops-monitoring-and-deployment-practical-roadmap-beginners-forsk-coding-school.webp,blog/images/devops-monitoring-and-deployment-practical-roadmap-beginners-forsk-coding-school.webp,HIGH,GENERATE
Blog,devops-monitoring-and-deployment-project-ideas-and-practice-plan-beginners,DevOps monitoring and deployment Projects for Beginners,DevOps monitoring and deployment,Beginners,devops-monitoring-and-deployment-project-ideas-and-practice-plan-beginners-forsk-coding-school.webp,blog/images/devops-monitoring-and-deployment-project-ideas-and-practice-plan-beginners-forsk-coding-school.webp,HIGH,GENERATE
Blog,devops-monitoring-and-deployment-common-learning-mistakes-to-avoid-beginners,DevOps monitoring and deployment Mistakes to Avoid for Beginners,DevOps monitoring and deployment,Beginners,devops-monitoring-and-deployment-common-learning-mistakes-to-avoid-beginners-forsk-coding-school.webp,blog/images/devops-monitoring-and-deployment-common-learning-mistakes-to-avoid-beginners-forsk-coding-school.webp,HIGH,GENERATE
Blog,devops-monitoring-and-deployment-interview-preparation-guide-freshers,DevOps monitoring and deployment Interview Guide for Freshers,DevOps monitoring and deployment,Freshers,devops-monitoring-and-deployment-interview-preparation-guide-freshers-forsk-coding-school.webp,blog/images/devops-monitoring-and-deployment-interview-preparation-guide-freshers-forsk-coding-school.webp,HIGH,GENERATE
Blog,devops-monitoring-and-deployment-tools-workflow-and-skills-guide-working-professionals,DevOps monitoring and deployment Workflow Guide for Working Professionals,DevOps monitoring and deployment,Working Professionals,devops-monitoring-and-deployment-tools-workflow-and-skills-guide-working-professionals-forsk-coding-school.webp,blog/images/devops-monitoring-and-deployment-tools-workflow-and-skills-guide-working-professionals-forsk-coding-school.webp,HIGH,GENERATE
Blog,manual-testing-foundations-practical-roadmap-beginners,Manual testing foundations Roadmap for Beginners,Manual testing foundations,Beginners,manual-testing-foundations-practical-roadmap-beginners-forsk-coding-school.webp,blog/images/manual-testing-foundations-practical-roadmap-beginners-forsk-coding-school.webp,HIGH,GENERATE
Blog,manual-testing-foundations-project-ideas-and-practice-plan-beginners,Manual testing foundations Projects for Beginners,Manual testing foundations,Beginners,manual-testing-foundations-project-ideas-and-practice-plan-beginners-forsk-coding-school.webp,blog/images/manual-testing-foundations-project-ideas-and-practice-plan-beginners-forsk-coding-school.webp,HIGH,GENERATE
Blog,manual-testing-foundations-common-learning-mistakes-to-avoid-beginners,Manual testing foundations: Common Mistakes Beginners Should Avoid,Manual testing foundations,Beginners,manual-testing-foundations-common-learning-mistakes-to-avoid-beginners-forsk-coding-school.webp,blog/images/manual-testing-foundations-common-learning-mistakes-to-avoid-beginners-forsk-coding-school.webp,HIGH,GENERATE
Blog,manual-testing-foundations-interview-preparation-guide-freshers,Manual testing foundations Interview Preparation Guide for Freshers,Manual testing foundations,Freshers,manual-testing-foundations-interview-preparation-guide-freshers-forsk-coding-school.webp,blog/images/manual-testing-foundations-interview-preparation-guide-freshers-forsk-coding-school.webp,HIGH,GENERATE
Blog,manual-testing-foundations-tools-workflow-and-skills-guide-working-professionals,Manual testing foundations Workflow Guide for Working Professionals,Manual testing foundations,Working Professionals,manual-testing-foundations-tools-workflow-and-skills-guide-working-professionals-forsk-coding-school.webp,blog/images/manual-testing-foundations-tools-workflow-and-skills-guide-working-professionals-forsk-coding-school.webp,HIGH,GENERATE
Blog,test-case-design-and-bug-reporting-practical-roadmap-beginners,Test case design and bug reporting Roadmap for Beginners,Test case design and bug reporting,Beginners,test-case-design-and-bug-reporting-practical-roadmap-beginners-forsk-coding-school.webp,blog/images/test-case-design-and-bug-reporting-practical-roadmap-beginners-forsk-coding-school.webp,HIGH,GENERATE
Blog,test-case-design-and-bug-reporting-project-ideas-and-practice-plan-beginners,Test case design and bug reporting Projects for Beginners,Test case design and bug reporting,Beginners,test-case-design-and-bug-reporting-project-ideas-and-practice-plan-beginners-forsk-coding-school.webp,blog/images/test-case-design-and-bug-reporting-project-ideas-and-practice-plan-beginners-forsk-coding-school.webp,HIGH,GENERATE
Blog,test-case-design-and-bug-reporting-common-learning-mistakes-to-avoid-beginners,Test case design and bug reporting Mistakes to Avoid for Beginners,Test case design and bug reporting,Beginners,test-case-design-and-bug-reporting-common-learning-mistakes-to-avoid-beginners-forsk-coding-school.webp,blog/images/test-case-design-and-bug-reporting-common-learning-mistakes-to-avoid-beginners-forsk-coding-school.webp,HIGH,GENERATE
Blog,test-case-design-and-bug-reporting-interview-preparation-guide-freshers,Test case design and bug reporting Interview Guide for Freshers,Test case design and bug reporting,Freshers,test-case-design-and-bug-reporting-interview-preparation-guide-freshers-forsk-coding-school.webp,blog/images/test-case-design-and-bug-reporting-interview-preparation-guide-freshers-forsk-coding-school.webp,HIGH,GENERATE
Blog,test-case-design-and-bug-reporting-tools-workflow-and-skills-guide-working-professionals,Test case design and bug reporting Workflow Guide for Working Professionals,Test case design and bug reporting,Working Professionals,test-case-design-and-bug-reporting-tools-workflow-and-skills-guide-working-professionals-forsk-coding-school.webp,blog/images/test-case-design-and-bug-reporting-tools-workflow-and-skills-guide-working-professionals-forsk-coding-school.webp,HIGH,GENERATE
Blog,automation-testing-fundamentals-practical-roadmap-beginners,Automation testing fundamentals Roadmap for Beginners,Automation testing fundamentals,Beginners,automation-testing-fundamentals-practical-roadmap-beginners-forsk-coding-school.webp,blog/images/automation-testing-fundamentals-practical-roadmap-beginners-forsk-coding-school.webp,HIGH,GENERATE
Blog,automation-testing-fundamentals-project-ideas-and-practice-plan-beginners,Automation testing fundamentals Projects for Beginners,Automation testing fundamentals,Beginners,automation-testing-fundamentals-project-ideas-and-practice-plan-beginners-forsk-coding-school.webp,blog/images/automation-testing-fundamentals-project-ideas-and-practice-plan-beginners-forsk-coding-school.webp,HIGH,GENERATE
Blog,automation-testing-fundamentals-common-learning-mistakes-to-avoid-beginners,Automation testing fundamentals Mistakes to Avoid for Beginners,Automation testing fundamentals,Beginners,automation-testing-fundamentals-common-learning-mistakes-to-avoid-beginners-forsk-coding-school.webp,blog/images/automation-testing-fundamentals-common-learning-mistakes-to-avoid-beginners-forsk-coding-school.webp,HIGH,GENERATE
Blog,automation-testing-fundamentals-interview-preparation-guide-freshers,Automation testing fundamentals Interview Guide for Freshers,Automation testing fundamentals,Freshers,automation-testing-fundamentals-interview-preparation-guide-freshers-forsk-coding-school.webp,blog/images/automation-testing-fundamentals-interview-preparation-guide-freshers-forsk-coding-school.webp,HIGH,GENERATE
Blog,automation-testing-fundamentals-tools-workflow-and-skills-guide-working-professionals,Automation testing fundamentals Workflow Guide for Working Professionals,Automation testing fundamentals,Working Professionals,automation-testing-fundamentals-tools-workflow-and-skills-guide-working-professionals-forsk-coding-school.webp,blog/images/automation-testing-fundamentals-tools-workflow-and-skills-guide-working-professionals-forsk-coding-school.webp,HIGH,GENERATE
Blog,selenium-web-testing-practical-roadmap-beginners,Selenium web testing: Beginner Roadmap from Fundamentals to Projects,Selenium web testing,Beginners,selenium-web-testing-practical-roadmap-beginners-forsk-coding-school.webp,blog/images/selenium-web-testing-practical-roadmap-beginners-forsk-coding-school.webp,HIGH,GENERATE
Blog,selenium-web-testing-project-ideas-and-practice-plan-beginners,Selenium web testing Project Ideas and Practice Plan for Beginners,Selenium web testing,Beginners,selenium-web-testing-project-ideas-and-practice-plan-beginners-forsk-coding-school.webp,blog/images/selenium-web-testing-project-ideas-and-practice-plan-beginners-forsk-coding-school.webp,HIGH,GENERATE
Blog,selenium-web-testing-common-learning-mistakes-to-avoid-beginners,Selenium web testing: Common Mistakes Beginners Should Avoid,Selenium web testing,Beginners,selenium-web-testing-common-learning-mistakes-to-avoid-beginners-forsk-coding-school.webp,blog/images/selenium-web-testing-common-learning-mistakes-to-avoid-beginners-forsk-coding-school.webp,HIGH,GENERATE
Blog,selenium-web-testing-interview-preparation-guide-freshers,Selenium web testing Interview Preparation Guide for Freshers,Selenium web testing,Freshers,selenium-web-testing-interview-preparation-guide-freshers-forsk-coding-school.webp,blog/images/selenium-web-testing-interview-preparation-guide-freshers-forsk-coding-school.webp,HIGH,GENERATE
Blog,selenium-web-testing-tools-workflow-and-skills-guide-working-professionals,Selenium web testing Workflow Guide for Working Professionals,Selenium web testing,Working Professionals,selenium-web-testing-tools-workflow-and-skills-guide-working-professionals-forsk-coding-school.webp,blog/images/selenium-web-testing-tools-workflow-and-skills-guide-working-professionals-forsk-coding-school.webp,HIGH,GENERATE
Blog,api-testing-workflow-practical-roadmap-beginners,API testing workflow: Beginner Roadmap from Fundamentals to Projects,API testing workflow,Beginners,api-testing-workflow-practical-roadmap-beginners-forsk-coding-school.webp,blog/images/api-testing-workflow-practical-roadmap-beginners-forsk-coding-school.webp,HIGH,GENERATE
Blog,api-testing-workflow-project-ideas-and-practice-plan-beginners,API testing workflow Project Ideas and Practice Plan for Beginners,API testing workflow,Beginners,api-testing-workflow-project-ideas-and-practice-plan-beginners-forsk-coding-school.webp,blog/images/api-testing-workflow-project-ideas-and-practice-plan-beginners-forsk-coding-school.webp,HIGH,GENERATE
Blog,api-testing-workflow-common-learning-mistakes-to-avoid-beginners,API testing workflow: Common Mistakes Beginners Should Avoid,API testing workflow,Beginners,api-testing-workflow-common-learning-mistakes-to-avoid-beginners-forsk-coding-school.webp,blog/images/api-testing-workflow-common-learning-mistakes-to-avoid-beginners-forsk-coding-school.webp,HIGH,GENERATE
Blog,api-testing-workflow-interview-preparation-guide-freshers,API testing workflow Interview Preparation Guide for Freshers,API testing workflow,Freshers,api-testing-workflow-interview-preparation-guide-freshers-forsk-coding-school.webp,blog/images/api-testing-workflow-interview-preparation-guide-freshers-forsk-coding-school.webp,HIGH,GENERATE
Blog,api-testing-workflow-tools-workflow-and-skills-guide-working-professionals,API testing workflow Workflow Guide for Working Professionals,API testing workflow,Working Professionals,api-testing-workflow-tools-workflow-and-skills-guide-working-professionals-forsk-coding-school.webp,blog/images/api-testing-workflow-tools-workflow-and-skills-guide-working-professionals-forsk-coding-school.webp,HIGH,GENERATE
Blog,ui-ux-design-foundations-practical-roadmap-beginners,UI UX design foundations Roadmap for Beginners,UI UX design foundations,Beginners,ui-ux-design-foundations-practical-roadmap-beginners-forsk-coding-school.webp,blog/images/ui-ux-design-foundations-practical-roadmap-beginners-forsk-coding-school.webp,HIGH,GENERATE
Blog,ui-ux-design-foundations-project-ideas-and-practice-plan-beginners,UI UX design foundations Projects for Beginners,UI UX design foundations,Beginners,ui-ux-design-foundations-project-ideas-and-practice-plan-beginners-forsk-coding-school.webp,blog/images/ui-ux-design-foundations-project-ideas-and-practice-plan-beginners-forsk-coding-school.webp,HIGH,GENERATE
Blog,ui-ux-design-foundations-common-learning-mistakes-to-avoid-beginners,UI UX design foundations: Common Mistakes Beginners Should Avoid,UI UX design foundations,Beginners,ui-ux-design-foundations-common-learning-mistakes-to-avoid-beginners-forsk-coding-school.webp,blog/images/ui-ux-design-foundations-common-learning-mistakes-to-avoid-beginners-forsk-coding-school.webp,HIGH,GENERATE
Blog,ui-ux-design-foundations-interview-preparation-guide-freshers,UI UX design foundations Interview Preparation Guide for Freshers,UI UX design foundations,Freshers,ui-ux-design-foundations-interview-preparation-guide-freshers-forsk-coding-school.webp,blog/images/ui-ux-design-foundations-interview-preparation-guide-freshers-forsk-coding-school.webp,HIGH,GENERATE
Blog,ui-ux-design-foundations-tools-workflow-and-skills-guide-working-professionals,UI UX design foundations Workflow Guide for Working Professionals,UI UX design foundations,Working Professionals,ui-ux-design-foundations-tools-workflow-and-skills-guide-working-professionals-forsk-coding-school.webp,blog/images/ui-ux-design-foundations-tools-workflow-and-skills-guide-working-professionals-forsk-coding-school.webp,HIGH,GENERATE
Blog,user-research-and-problem-framing-practical-roadmap-beginners,User research and problem framing Roadmap for Beginners,User research and problem framing,Beginners,user-research-and-problem-framing-practical-roadmap-beginners-forsk-coding-school.webp,blog/images/user-research-and-problem-framing-practical-roadmap-beginners-forsk-coding-school.webp,HIGH,GENERATE
Blog,user-research-and-problem-framing-project-ideas-and-practice-plan-beginners,User research and problem framing Projects for Beginners,User research and problem framing,Beginners,user-research-and-problem-framing-project-ideas-and-practice-plan-beginners-forsk-coding-school.webp,blog/images/user-research-and-problem-framing-project-ideas-and-practice-plan-beginners-forsk-coding-school.webp,HIGH,GENERATE
Blog,user-research-and-problem-framing-common-learning-mistakes-to-avoid-beginners,User research and problem framing Mistakes to Avoid for Beginners,User research and problem framing,Beginners,user-research-and-problem-framing-common-learning-mistakes-to-avoid-beginners-forsk-coding-school.webp,blog/images/user-research-and-problem-framing-common-learning-mistakes-to-avoid-beginners-forsk-coding-school.webp,HIGH,GENERATE
Blog,user-research-and-problem-framing-interview-preparation-guide-freshers,User research and problem framing Interview Guide for Freshers,User research and problem framing,Freshers,user-research-and-problem-framing-interview-preparation-guide-freshers-forsk-coding-school.webp,blog/images/user-research-and-problem-framing-interview-preparation-guide-freshers-forsk-coding-school.webp,HIGH,GENERATE
Blog,user-research-and-problem-framing-tools-workflow-and-skills-guide-working-professionals,User research and problem framing Workflow Guide for Working Professionals,User research and problem framing,Working Professionals,user-research-and-problem-framing-tools-workflow-and-skills-guide-working-professionals-forsk-coding-school.webp,blog/images/user-research-and-problem-framing-tools-workflow-and-skills-guide-working-professionals-forsk-coding-school.webp,HIGH,GENERATE
Blog,wireframing-and-information-architecture-practical-roadmap-beginners,Wireframing and information architecture Roadmap for Beginners,Wireframing and information architecture,Beginners,wireframing-and-information-architecture-practical-roadmap-beginners-forsk-coding-school.webp,blog/images/wireframing-and-information-architecture-practical-roadmap-beginners-forsk-coding-school.webp,HIGH,GENERATE
Blog,wireframing-and-information-architecture-project-ideas-and-practice-plan-beginners,Wireframing and information architecture Projects for Beginners,Wireframing and information architecture,Beginners,wireframing-and-information-architecture-project-ideas-and-practice-plan-beginners-forsk-coding-school.webp,blog/images/wireframing-and-information-architecture-project-ideas-and-practice-plan-beginners-forsk-coding-school.webp,HIGH,GENERATE
Blog,wireframing-and-information-architecture-common-learning-mistakes-to-avoid-beginners,Wireframing and information architecture Mistakes to Avoid for Beginners,Wireframing and information architecture,Beginners,wireframing-and-information-architecture-common-learning-mistakes-to-avoid-beginners-forsk-coding-school.webp,blog/images/wireframing-and-information-architecture-common-learning-mistakes-to-avoid-beginners-forsk-coding-school.webp,HIGH,GENERATE
Blog,wireframing-and-information-architecture-interview-preparation-guide-freshers,Wireframing and information architecture Interview Guide for Freshers,Wireframing and information architecture,Freshers,wireframing-and-information-architecture-interview-preparation-guide-freshers-forsk-coding-school.webp,blog/images/wireframing-and-information-architecture-interview-preparation-guide-freshers-forsk-coding-school.webp,HIGH,GENERATE
Blog,wireframing-and-information-architecture-tools-workflow-and-skills-guide-working-professionals,Wireframing and information architecture Workflow Guide for Working Professionals,Wireframing and information architecture,Working Professionals,wireframing-and-information-architecture-tools-workflow-and-skills-guide-working-professionals-forsk-coding-school.webp,blog/images/wireframing-and-information-architecture-tools-workflow-and-skills-guide-working-professionals-forsk-coding-school.webp,HIGH,GENERATE
Blog,figma-prototyping-workflow-practical-roadmap-beginners,Figma prototyping workflow Roadmap for Beginners,Figma prototyping workflow,Beginners,figma-prototyping-workflow-practical-roadmap-beginners-forsk-coding-school.webp,blog/images/figma-prototyping-workflow-practical-roadmap-beginners-forsk-coding-school.webp,HIGH,GENERATE
Blog,figma-prototyping-workflow-project-ideas-and-practice-plan-beginners,Figma prototyping workflow Projects for Beginners,Figma prototyping workflow,Beginners,figma-prototyping-workflow-project-ideas-and-practice-plan-beginners-forsk-coding-school.webp,blog/images/figma-prototyping-workflow-project-ideas-and-practice-plan-beginners-forsk-coding-school.webp,HIGH,GENERATE
Blog,figma-prototyping-workflow-common-learning-mistakes-to-avoid-beginners,Figma prototyping workflow: Common Mistakes Beginners Should Avoid,Figma prototyping workflow,Beginners,figma-prototyping-workflow-common-learning-mistakes-to-avoid-beginners-forsk-coding-school.webp,blog/images/figma-prototyping-workflow-common-learning-mistakes-to-avoid-beginners-forsk-coding-school.webp,HIGH,GENERATE
Blog,figma-prototyping-workflow-interview-preparation-guide-freshers,Figma prototyping workflow Interview Preparation Guide for Freshers,Figma prototyping workflow,Freshers,figma-prototyping-workflow-interview-preparation-guide-freshers-forsk-coding-school.webp,blog/images/figma-prototyping-workflow-interview-preparation-guide-freshers-forsk-coding-school.webp,HIGH,GENERATE
Blog,figma-prototyping-workflow-tools-workflow-and-skills-guide-working-professionals,Figma prototyping workflow Workflow Guide for Working Professionals,Figma prototyping workflow,Working Professionals,figma-prototyping-workflow-tools-workflow-and-skills-guide-working-professionals-forsk-coding-school.webp,blog/images/figma-prototyping-workflow-tools-workflow-and-skills-guide-working-professionals-forsk-coding-school.webp,HIGH,GENERATE
Blog,design-systems-and-portfolio-practical-roadmap-beginners,Design systems and portfolio Roadmap for Beginners,Design systems and portfolio,Beginners,design-systems-and-portfolio-practical-roadmap-beginners-forsk-coding-school.webp,blog/images/design-systems-and-portfolio-practical-roadmap-beginners-forsk-coding-school.webp,HIGH,GENERATE
Blog,design-systems-and-portfolio-project-ideas-and-practice-plan-beginners,Design systems and portfolio Projects for Beginners,Design systems and portfolio,Beginners,design-systems-and-portfolio-project-ideas-and-practice-plan-beginners-forsk-coding-school.webp,blog/images/design-systems-and-portfolio-project-ideas-and-practice-plan-beginners-forsk-coding-school.webp,HIGH,GENERATE
Blog,design-systems-and-portfolio-common-learning-mistakes-to-avoid-beginners,Design systems and portfolio: Common Mistakes Beginners Should Avoid,Design systems and portfolio,Beginners,design-systems-and-portfolio-common-learning-mistakes-to-avoid-beginners-forsk-coding-school.webp,blog/images/design-systems-and-portfolio-common-learning-mistakes-to-avoid-beginners-forsk-coding-school.webp,HIGH,GENERATE
Blog,design-systems-and-portfolio-interview-preparation-guide-freshers,Design systems and portfolio Interview Guide for Freshers,Design systems and portfolio,Freshers,design-systems-and-portfolio-interview-preparation-guide-freshers-forsk-coding-school.webp,blog/images/design-systems-and-portfolio-interview-preparation-guide-freshers-forsk-coding-school.webp,HIGH,GENERATE
Blog,design-systems-and-portfolio-tools-workflow-and-skills-guide-working-professionals,Design systems and portfolio Workflow Guide for Working Professionals,Design systems and portfolio,Working Professionals,design-systems-and-portfolio-tools-workflow-and-skills-guide-working-professionals-forsk-coding-school.webp,blog/images/design-systems-and-portfolio-tools-workflow-and-skills-guide-working-professionals-forsk-coding-school.webp,HIGH,GENERATE
Blog,digital-marketing-foundations-practical-roadmap-beginners,Digital marketing foundations Roadmap for Beginners,Digital marketing foundations,Beginners,digital-marketing-foundations-practical-roadmap-beginners-forsk-coding-school.webp,blog/images/digital-marketing-foundations-practical-roadmap-beginners-forsk-coding-school.webp,HIGH,GENERATE
Blog,digital-marketing-foundations-project-ideas-and-practice-plan-beginners,Digital marketing foundations Projects for Beginners,Digital marketing foundations,Beginners,digital-marketing-foundations-project-ideas-and-practice-plan-beginners-forsk-coding-school.webp,blog/images/digital-marketing-foundations-project-ideas-and-practice-plan-beginners-forsk-coding-school.webp,HIGH,GENERATE
Blog,digital-marketing-foundations-common-learning-mistakes-to-avoid-beginners,Digital marketing foundations Mistakes to Avoid for Beginners,Digital marketing foundations,Beginners,digital-marketing-foundations-common-learning-mistakes-to-avoid-beginners-forsk-coding-school.webp,blog/images/digital-marketing-foundations-common-learning-mistakes-to-avoid-beginners-forsk-coding-school.webp,HIGH,GENERATE
Blog,digital-marketing-foundations-interview-preparation-guide-freshers,Digital marketing foundations Interview Guide for Freshers,Digital marketing foundations,Freshers,digital-marketing-foundations-interview-preparation-guide-freshers-forsk-coding-school.webp,blog/images/digital-marketing-foundations-interview-preparation-guide-freshers-forsk-coding-school.webp,HIGH,GENERATE
Blog,digital-marketing-foundations-tools-workflow-and-skills-guide-working-professionals,Digital marketing foundations Workflow Guide for Working Professionals,Digital marketing foundations,Working Professionals,digital-marketing-foundations-tools-workflow-and-skills-guide-working-professionals-forsk-coding-school.webp,blog/images/digital-marketing-foundations-tools-workflow-and-skills-guide-working-professionals-forsk-coding-school.webp,HIGH,GENERATE
Blog,seo-fundamentals-practical-roadmap-beginners,SEO fundamentals: Beginner Roadmap from Fundamentals to Projects,SEO fundamentals,Beginners,seo-fundamentals-practical-roadmap-beginners-forsk-coding-school.webp,blog/images/seo-fundamentals-practical-roadmap-beginners-forsk-coding-school.webp,HIGH,GENERATE
Blog,seo-fundamentals-project-ideas-and-practice-plan-beginners,SEO fundamentals Project Ideas and Practice Plan for Beginners,SEO fundamentals,Beginners,seo-fundamentals-project-ideas-and-practice-plan-beginners-forsk-coding-school.webp,blog/images/seo-fundamentals-project-ideas-and-practice-plan-beginners-forsk-coding-school.webp,HIGH,GENERATE
Blog,seo-fundamentals-common-learning-mistakes-to-avoid-beginners,SEO fundamentals: Common Mistakes Beginners Should Avoid,SEO fundamentals,Beginners,seo-fundamentals-common-learning-mistakes-to-avoid-beginners-forsk-coding-school.webp,blog/images/seo-fundamentals-common-learning-mistakes-to-avoid-beginners-forsk-coding-school.webp,HIGH,GENERATE
Blog,seo-fundamentals-interview-preparation-guide-freshers,SEO fundamentals Interview Preparation Guide for Freshers,SEO fundamentals,Freshers,seo-fundamentals-interview-preparation-guide-freshers-forsk-coding-school.webp,blog/images/seo-fundamentals-interview-preparation-guide-freshers-forsk-coding-school.webp,HIGH,GENERATE
Blog,seo-fundamentals-tools-workflow-and-skills-guide-working-professionals,SEO fundamentals Workflow Guide for Working Professionals,SEO fundamentals,Working Professionals,seo-fundamentals-tools-workflow-and-skills-guide-working-professionals-forsk-coding-school.webp,blog/images/seo-fundamentals-tools-workflow-and-skills-guide-working-professionals-forsk-coding-school.webp,HIGH,GENERATE
Blog,local-seo-and-google-business-profile-practical-roadmap-beginners,Local SEO and Google Business Profile Roadmap for Beginners,Local SEO and Google Business Profile,Beginners,local-seo-and-google-business-profile-practical-roadmap-beginners-forsk-coding-school.webp,blog/images/local-seo-and-google-business-profile-practical-roadmap-beginners-forsk-coding-school.webp,HIGH,GENERATE
Blog,local-seo-and-google-business-profile-project-ideas-and-practice-plan-beginners,Local SEO and Google Business Profile Projects for Beginners,Local SEO and Google Business Profile,Beginners,local-seo-and-google-business-profile-project-ideas-and-practice-plan-beginners-forsk-coding-school.webp,blog/images/local-seo-and-google-business-profile-project-ideas-and-practice-plan-beginners-forsk-coding-school.webp,HIGH,GENERATE
Blog,local-seo-and-google-business-profile-common-learning-mistakes-to-avoid-beginners,Local SEO and Google Business Profile Mistakes to Avoid for Beginners,Local SEO and Google Business Profile,Beginners,local-seo-and-google-business-profile-common-learning-mistakes-to-avoid-beginners-forsk-coding-school.webp,blog/images/local-seo-and-google-business-profile-common-learning-mistakes-to-avoid-beginners-forsk-coding-school.webp,HIGH,GENERATE
Blog,local-seo-and-google-business-profile-interview-preparation-guide-freshers,Local SEO and Google Business Profile Interview Guide for Freshers,Local SEO and Google Business Profile,Freshers,local-seo-and-google-business-profile-interview-preparation-guide-freshers-forsk-coding-school.webp,blog/images/local-seo-and-google-business-profile-interview-preparation-guide-freshers-forsk-coding-school.webp,HIGH,GENERATE
Blog,local-seo-and-google-business-profile-tools-workflow-and-skills-guide-working-professionals,Local SEO and Google Business Profile Workflow Guide for Working Professionals,Local SEO and Google Business Profile,Working Professionals,local-seo-and-google-business-profile-tools-workflow-and-skills-guide-working-professionals-forsk-coding-school.webp,blog/images/local-seo-and-google-business-profile-tools-workflow-and-skills-guide-working-professionals-forsk-coding-school.webp,HIGH,GENERATE
Blog,paid-campaign-fundamentals-practical-roadmap-beginners,Paid campaign fundamentals Roadmap for Beginners,Paid campaign fundamentals,Beginners,paid-campaign-fundamentals-practical-roadmap-beginners-forsk-coding-school.webp,blog/images/paid-campaign-fundamentals-practical-roadmap-beginners-forsk-coding-school.webp,HIGH,GENERATE
Blog,paid-campaign-fundamentals-project-ideas-and-practice-plan-beginners,Paid campaign fundamentals Projects for Beginners,Paid campaign fundamentals,Beginners,paid-campaign-fundamentals-project-ideas-and-practice-plan-beginners-forsk-coding-school.webp,blog/images/paid-campaign-fundamentals-project-ideas-and-practice-plan-beginners-forsk-coding-school.webp,HIGH,GENERATE
Blog,paid-campaign-fundamentals-common-learning-mistakes-to-avoid-beginners,Paid campaign fundamentals: Common Mistakes Beginners Should Avoid,Paid campaign fundamentals,Beginners,paid-campaign-fundamentals-common-learning-mistakes-to-avoid-beginners-forsk-coding-school.webp,blog/images/paid-campaign-fundamentals-common-learning-mistakes-to-avoid-beginners-forsk-coding-school.webp,HIGH,GENERATE
Blog,paid-campaign-fundamentals-interview-preparation-guide-freshers,Paid campaign fundamentals Interview Preparation Guide for Freshers,Paid campaign fundamentals,Freshers,paid-campaign-fundamentals-interview-preparation-guide-freshers-forsk-coding-school.webp,blog/images/paid-campaign-fundamentals-interview-preparation-guide-freshers-forsk-coding-school.webp,HIGH,GENERATE
Blog,paid-campaign-fundamentals-tools-workflow-and-skills-guide-working-professionals,Paid campaign fundamentals Workflow Guide for Working Professionals,Paid campaign fundamentals,Working Professionals,paid-campaign-fundamentals-tools-workflow-and-skills-guide-working-professionals-forsk-coding-school.webp,blog/images/paid-campaign-fundamentals-tools-workflow-and-skills-guide-working-professionals-forsk-coding-school.webp,HIGH,GENERATE
Blog,content-and-social-media-strategy-practical-roadmap-beginners,Content and social media strategy Roadmap for Beginners,Content and social media strategy,Beginners,content-and-social-media-strategy-practical-roadmap-beginners-forsk-coding-school.webp,blog/images/content-and-social-media-strategy-practical-roadmap-beginners-forsk-coding-school.webp,HIGH,GENERATE
Blog,content-and-social-media-strategy-project-ideas-and-practice-plan-beginners,Content and social media strategy Projects for Beginners,Content and social media strategy,Beginners,content-and-social-media-strategy-project-ideas-and-practice-plan-beginners-forsk-coding-school.webp,blog/images/content-and-social-media-strategy-project-ideas-and-practice-plan-beginners-forsk-coding-school.webp,HIGH,GENERATE
Blog,content-and-social-media-strategy-common-learning-mistakes-to-avoid-beginners,Content and social media strategy Mistakes to Avoid for Beginners,Content and social media strategy,Beginners,content-and-social-media-strategy-common-learning-mistakes-to-avoid-beginners-forsk-coding-school.webp,blog/images/content-and-social-media-strategy-common-learning-mistakes-to-avoid-beginners-forsk-coding-school.webp,HIGH,GENERATE
Blog,content-and-social-media-strategy-interview-preparation-guide-freshers,Content and social media strategy Interview Guide for Freshers,Content and social media strategy,Freshers,content-and-social-media-strategy-interview-preparation-guide-freshers-forsk-coding-school.webp,blog/images/content-and-social-media-strategy-interview-preparation-guide-freshers-forsk-coding-school.webp,HIGH,GENERATE
Blog,content-and-social-media-strategy-tools-workflow-and-skills-guide-working-professionals,Content and social media strategy Workflow Guide for Working Professionals,Content and social media strategy,Working Professionals,content-and-social-media-strategy-tools-workflow-and-skills-guide-working-professionals-forsk-coding-school.webp,blog/images/content-and-social-media-strategy-tools-workflow-and-skills-guide-working-professionals-forsk-coding-school.webp,HIGH,GENERATE
Blog,mobile-app-development-foundations-practical-roadmap-beginners,Mobile app development foundations Roadmap for Beginners,Mobile app development foundations,Beginners,mobile-app-development-foundations-practical-roadmap-beginners-forsk-coding-school.webp,blog/images/mobile-app-development-foundations-practical-roadmap-beginners-forsk-coding-school.webp,HIGH,GENERATE
Blog,mobile-app-development-foundations-project-ideas-and-practice-plan-beginners,Mobile app development foundations Projects for Beginners,Mobile app development foundations,Beginners,mobile-app-development-foundations-project-ideas-and-practice-plan-beginners-forsk-coding-school.webp,blog/images/mobile-app-development-foundations-project-ideas-and-practice-plan-beginners-forsk-coding-school.webp,HIGH,GENERATE
Blog,mobile-app-development-foundations-common-learning-mistakes-to-avoid-beginners,Mobile app development foundations Mistakes to Avoid for Beginners,Mobile app development foundations,Beginners,mobile-app-development-foundations-common-learning-mistakes-to-avoid-beginners-forsk-coding-school.webp,blog/images/mobile-app-development-foundations-common-learning-mistakes-to-avoid-beginners-forsk-coding-school.webp,HIGH,GENERATE
Blog,mobile-app-development-foundations-interview-preparation-guide-freshers,Mobile app development foundations Interview Guide for Freshers,Mobile app development foundations,Freshers,mobile-app-development-foundations-interview-preparation-guide-freshers-forsk-coding-school.webp,blog/images/mobile-app-development-foundations-interview-preparation-guide-freshers-forsk-coding-school.webp,HIGH,GENERATE
Blog,mobile-app-development-foundations-tools-workflow-and-skills-guide-working-professionals,Mobile app development foundations Workflow Guide for Working Professionals,Mobile app development foundations,Working Professionals,mobile-app-development-foundations-tools-workflow-and-skills-guide-working-professionals-forsk-coding-school.webp,blog/images/mobile-app-development-foundations-tools-workflow-and-skills-guide-working-professionals-forsk-coding-school.webp,HIGH,GENERATE
Blog,android-app-workflow-practical-roadmap-beginners,Android app workflow: Beginner Roadmap from Fundamentals to Projects,Android app workflow,Beginners,android-app-workflow-practical-roadmap-beginners-forsk-coding-school.webp,blog/images/android-app-workflow-practical-roadmap-beginners-forsk-coding-school.webp,HIGH,GENERATE
Blog,android-app-workflow-project-ideas-and-practice-plan-beginners,Android app workflow Project Ideas and Practice Plan for Beginners,Android app workflow,Beginners,android-app-workflow-project-ideas-and-practice-plan-beginners-forsk-coding-school.webp,blog/images/android-app-workflow-project-ideas-and-practice-plan-beginners-forsk-coding-school.webp,HIGH,GENERATE
Blog,android-app-workflow-common-learning-mistakes-to-avoid-beginners,Android app workflow: Common Mistakes Beginners Should Avoid,Android app workflow,Beginners,android-app-workflow-common-learning-mistakes-to-avoid-beginners-forsk-coding-school.webp,blog/images/android-app-workflow-common-learning-mistakes-to-avoid-beginners-forsk-coding-school.webp,HIGH,GENERATE
Blog,android-app-workflow-interview-preparation-guide-freshers,Android app workflow Interview Preparation Guide for Freshers,Android app workflow,Freshers,android-app-workflow-interview-preparation-guide-freshers-forsk-coding-school.webp,blog/images/android-app-workflow-interview-preparation-guide-freshers-forsk-coding-school.webp,HIGH,GENERATE
Blog,android-app-workflow-tools-workflow-and-skills-guide-working-professionals,Android app workflow Workflow Guide for Working Professionals,Android app workflow,Working Professionals,android-app-workflow-tools-workflow-and-skills-guide-working-professionals-forsk-coding-school.webp,blog/images/android-app-workflow-tools-workflow-and-skills-guide-working-professionals-forsk-coding-school.webp,HIGH,GENERATE
Blog,flutter-cross-platform-development-practical-roadmap-beginners,Flutter cross-platform development Roadmap for Beginners,Flutter cross-platform development,Beginners,flutter-cross-platform-development-practical-roadmap-beginners-forsk-coding-school.webp,blog/images/flutter-cross-platform-development-practical-roadmap-beginners-forsk-coding-school.webp,HIGH,GENERATE
Blog,flutter-cross-platform-development-project-ideas-and-practice-plan-beginners,Flutter cross-platform development Projects for Beginners,Flutter cross-platform development,Beginners,flutter-cross-platform-development-project-ideas-and-practice-plan-beginners-forsk-coding-school.webp,blog/images/flutter-cross-platform-development-project-ideas-and-practice-plan-beginners-forsk-coding-school.webp,HIGH,GENERATE
Blog,flutter-cross-platform-development-common-learning-mistakes-to-avoid-beginners,Flutter cross-platform development Mistakes to Avoid for Beginners,Flutter cross-platform development,Beginners,flutter-cross-platform-development-common-learning-mistakes-to-avoid-beginners-forsk-coding-school.webp,blog/images/flutter-cross-platform-development-common-learning-mistakes-to-avoid-beginners-forsk-coding-school.webp,HIGH,GENERATE
Blog,flutter-cross-platform-development-interview-preparation-guide-freshers,Flutter cross-platform development Interview Guide for Freshers,Flutter cross-platform development,Freshers,flutter-cross-platform-development-interview-preparation-guide-freshers-forsk-coding-school.webp,blog/images/flutter-cross-platform-development-interview-preparation-guide-freshers-forsk-coding-school.webp,HIGH,GENERATE
Blog,flutter-cross-platform-development-tools-workflow-and-skills-guide-working-professionals,Flutter cross-platform development Workflow Guide for Working Professionals,Flutter cross-platform development,Working Professionals,flutter-cross-platform-development-tools-workflow-and-skills-guide-working-professionals-forsk-coding-school.webp,blog/images/flutter-cross-platform-development-tools-workflow-and-skills-guide-working-professionals-forsk-coding-school.webp,HIGH,GENERATE
Blog,react-native-app-development-practical-roadmap-beginners,React Native app development Roadmap for Beginners,React Native app development,Beginners,react-native-app-development-practical-roadmap-beginners-forsk-coding-school.webp,blog/images/react-native-app-development-practical-roadmap-beginners-forsk-coding-school.webp,HIGH,GENERATE
Blog,react-native-app-development-project-ideas-and-practice-plan-beginners,React Native app development Projects for Beginners,React Native app development,Beginners,react-native-app-development-project-ideas-and-practice-plan-beginners-forsk-coding-school.webp,blog/images/react-native-app-development-project-ideas-and-practice-plan-beginners-forsk-coding-school.webp,HIGH,GENERATE
Blog,react-native-app-development-common-learning-mistakes-to-avoid-beginners,React Native app development: Common Mistakes Beginners Should Avoid,React Native app development,Beginners,react-native-app-development-common-learning-mistakes-to-avoid-beginners-forsk-coding-school.webp,blog/images/react-native-app-development-common-learning-mistakes-to-avoid-beginners-forsk-coding-school.webp,HIGH,GENERATE
Blog,react-native-app-development-interview-preparation-guide-freshers,React Native app development Interview Guide for Freshers,React Native app development,Freshers,react-native-app-development-interview-preparation-guide-freshers-forsk-coding-school.webp,blog/images/react-native-app-development-interview-preparation-guide-freshers-forsk-coding-school.webp,HIGH,GENERATE
Blog,react-native-app-development-tools-workflow-and-skills-guide-working-professionals,React Native app development Workflow Guide for Working Professionals,React Native app development,Working Professionals,react-native-app-development-tools-workflow-and-skills-guide-working-professionals-forsk-coding-school.webp,blog/images/react-native-app-development-tools-workflow-and-skills-guide-working-professionals-forsk-coding-school.webp,HIGH,GENERATE
Blog,mobile-api-integration-and-deployment-practical-roadmap-beginners,Mobile API integration and deployment Roadmap for Beginners,Mobile API integration and deployment,Beginners,mobile-api-integration-and-deployment-practical-roadmap-beginners-forsk-coding-school.webp,blog/images/mobile-api-integration-and-deployment-practical-roadmap-beginners-forsk-coding-school.webp,HIGH,GENERATE
Blog,mobile-api-integration-and-deployment-project-ideas-and-practice-plan-beginners,Mobile API integration and deployment Projects for Beginners,Mobile API integration and deployment,Beginners,mobile-api-integration-and-deployment-project-ideas-and-practice-plan-beginners-forsk-coding-school.webp,blog/images/mobile-api-integration-and-deployment-project-ideas-and-practice-plan-beginners-forsk-coding-school.webp,HIGH,GENERATE
Blog,mobile-api-integration-and-deployment-common-learning-mistakes-to-avoid-beginners,Mobile API integration and deployment Mistakes to Avoid for Beginners,Mobile API integration and deployment,Beginners,mobile-api-integration-and-deployment-common-learning-mistakes-to-avoid-beginners-forsk-coding-school.webp,blog/images/mobile-api-integration-and-deployment-common-learning-mistakes-to-avoid-beginners-forsk-coding-school.webp,HIGH,GENERATE
Blog,mobile-api-integration-and-deployment-interview-preparation-guide-freshers,Mobile API integration and deployment Interview Guide for Freshers,Mobile API integration and deployment,Freshers,mobile-api-integration-and-deployment-interview-preparation-guide-freshers-forsk-coding-school.webp,blog/images/mobile-api-integration-and-deployment-interview-preparation-guide-freshers-forsk-coding-school.webp,HIGH,GENERATE
Blog,mobile-api-integration-and-deployment-tools-workflow-and-skills-guide-working-professionals,Mobile API integration and deployment Workflow Guide for Working Professionals,Mobile API integration and deployment,Working Professionals,mobile-api-integration-and-deployment-tools-workflow-and-skills-guide-working-professionals-forsk-coding-school.webp,blog/images/mobile-api-integration-and-deployment-tools-workflow-and-skills-guide-working-professionals-forsk-coding-school.webp,HIGH,GENERATE
